date,close,adj_close,dividends
2008-01-02,27.729999542236328,17.813400268554688,0.0
2008-01-03,27.059999465942383,17.38300132751465,0.0
2008-01-04,27.690000534057617,17.787704467773438,0.0
2008-01-07,27.350000381469727,17.569293975830078,0.0
2008-01-08,27.280000686645508,17.52433204650879,0.0
2008-01-09,27.780000686645508,17.84552001953125,0.0
2008-01-10,27.399999618530273,17.601411819458008,0.0
2008-01-11,27.030000686645508,17.363731384277344,0.0
2008-01-14,26.6299991607666,17.106773376464844,0.0
2008-01-15,26.0,16.702072143554688,0.0
2008-01-16,24.610000610351562,15.809149742126465,0.0
2008-01-17,25.280000686645508,16.239551544189453,0.0
2008-01-18,25.360000610351562,16.290943145751953,0.0
2008-01-21,23.969999313354492,15.398025512695312,0.0
2008-01-22,21.90999984741211,14.074703216552734,0.0
2008-01-23,24.25,15.57789134979248,0.0
2008-01-24,23.690000534057617,15.218156814575195,0.0
2008-01-25,25.280000686645508,16.239551544189453,0.0
2008-01-28,24.209999084472656,15.55219841003418,0.0
2008-01-29,24.450000762939453,15.706372261047363,0.0
2008-01-30,23.809999465942383,15.295239448547363,0.0
2008-01-31,23.610000610351562,15.166769027709961,0.0
2008-02-01,24.280000686645508,15.597167015075684,0.0
2008-02-04,24.950000762939453,16.027563095092773,0.0
2008-02-05,25.0,16.059680938720703,0.0
2008-02-06,23.549999237060547,15.128222465515137,0.0
2008-02-11,23.600000381469727,15.160338401794434,0.0
2008-02-12,23.25,14.935503959655762,0.0
2008-02-13,23.5,15.096101760864258,0.0
2008-02-14,24.0,15.417296409606934,0.0
2008-02-15,23.799999237060547,15.288817405700684,0.0
2008-02-18,23.90999984741211,15.359481811523438,0.0
2008-02-19,24.280000686645508,15.597167015075684,0.0
2008-02-20,23.75,15.256701469421387,0.0
2008-02-21,23.780000686645508,15.275972366333008,0.0
2008-02-22,23.459999084472656,15.070408821105957,0.0
2008-02-25,23.420000076293945,15.04471206665039,0.0
2008-02-26,23.8700008392334,15.333791732788086,0.0
2008-02-27,24.639999389648438,15.82841968536377,0.0
2008-02-28,24.75,15.899087905883789,0.0
2008-02-29,24.299999237060547,15.610011100769043,0.0
2008-03-03,23.739999771118164,15.250271797180176,0.0
2008-03-04,23.270000457763672,14.948355674743652,0.0
2008-03-05,23.270000457763672,14.948355674743652,0.0
2008-03-06,23.5,15.096101760864258,0.0
2008-03-07,22.649999618530273,14.55007266998291,0.0
2008-03-10,22.850000381469727,14.678547859191895,0.0
2008-03-11,23.149999618530273,14.87126350402832,0.0
2008-03-12,23.56999969482422,15.141067504882812,0.0
2008-03-13,22.450000762939453,14.42159652709961,0.0
2008-03-14,22.389999389648438,14.383054733276367,0.0
2008-03-17,21.239999771118164,13.644307136535645,0.0
2008-03-18,21.540000915527344,13.837021827697754,0.0
2008-03-19,22.1200008392334,14.20960807800293,0.0
2008-03-20,21.360000610351562,13.721392631530762,0.0
2008-03-25,22.729999542236328,14.601463317871094,0.0
2008-03-26,22.8799991607666,14.697819709777832,0.0
2008-03-27,22.93000030517578,14.729939460754395,0.0
2008-03-28,23.549999237060547,15.128222465515137,0.0
2008-03-31,23.110000610351562,14.845571517944336,0.0
2008-04-01,23.399999618530273,15.031862258911133,0.0
2008-04-02,24.139999389648438,15.50722599029541,0.0
2008-04-03,24.530000686645508,15.75776195526123,0.0
2008-04-07,24.850000381469727,15.963325500488281,0.0
2008-04-08,24.579999923706055,15.789883613586426,0.0
2008-04-09,24.25,15.57789134979248,0.0
2008-04-10,24.459999084472656,15.71279239654541,0.0
2008-04-11,24.940000534057617,16.021137237548828,0.0
2008-04-14,24.09000015258789,15.475106239318848,0.0
2008-04-15,24.18000030517578,15.532925605773926,0.0
2008-04-16,24.15999984741211,15.520076751708984,0.0
2008-04-17,24.56999969482422,15.783452987670898,0.0
2008-04-18,24.510000228881836,15.744914054870605,0.0
2008-04-21,25.030000686645508,16.078956604003906,0.0
2008-04-22,25.25,16.22028160095215,0.0
2008-04-23,25.600000381469727,16.445114135742188,0.0
2008-04-24,26.0,16.702072143554688,0.0
2008-04-25,25.829999923706055,16.592863082885742,0.0
2008-04-28,25.979999542236328,16.689220428466797,0.0
2008-04-29,26.010000228881836,16.7084903717041,0.0
2008-04-30,25.860000610351562,16.612138748168945,0.0
2008-05-02,26.3799991607666,16.946176528930664,0.0
2008-05-05,26.31999969482422,16.907636642456055,0.0
2008-05-06,26.40999984741211,16.965450286865234,0.0
2008-05-07,25.760000228881836,16.547895431518555,0.0
2008-05-08,25.600000381469727,16.445114135742188,0.0
2008-05-09,25.229999542236328,16.20743179321289,0.0
2008-05-13,25.739999771118164,16.53504753112793,0.0
2008-05-14,25.719999313354492,16.52220344543457,0.0
2008-05-15,25.709999084472656,16.515777587890625,0.0
2008-05-16,25.81999969482422,16.586441040039062,0.0
2008-05-19,25.940000534057617,16.66352653503418,0.0
2008-05-20,25.399999618530273,16.31663703918457,0.0
2008-05-21,25.729999542236328,16.528627395629883,0.0
2008-05-22,25.31999969482422,16.265249252319336,0.0
2008-05-23,24.989999771118164,16.053260803222656,0.0
2008-05-26,24.399999618530273,15.674248695373535,0.0
2008-05-27,24.549999237060547,15.770605087280273,0.0
2008-05-28,24.520000457763672,15.751340866088867,0.0
2008-05-29,24.65999984741211,15.841273307800293,0.0
2008-05-30,24.809999465942383,15.937626838684082,0.0
2008-06-02,25.110000610351562,16.13035011291504,0.0
2008-06-03,24.649999618530273,15.834848403930664,0.0
2008-06-04,24.420000076293945,15.68709945678711,0.0
2008-06-05,24.559999465942383,15.777031898498535,0.0
2008-06-06,24.700000762939453,15.866968154907227,0.0
2008-06-10,23.700000762939453,15.224577903747559,0.0
2008-06-11,23.65999984741211,15.198884963989258,0.0
2008-06-12,23.360000610351562,15.006166458129883,0.0
2008-06-13,23.350000381469727,14.999744415283203,0.0
2008-06-16,23.3700008392334,15.012592315673828,0.0
2008-06-17,23.40999984741211,15.038288116455078,0.0
2008-06-18,23.68000030517578,15.211729049682617,0.0
2008-06-19,23.15999984741211,14.877690315246582,0.0
2008-06-20,23.110000610351562,14.845571517944336,0.0
2008-06-23,23.079999923706055,14.826297760009766,0.0
2008-06-24,22.81999969482422,14.659276962280273,0.0
2008-06-25,23.0,14.774910926818848,0.0
2008-06-26,22.81999969482422,14.659276962280273,0.0
2008-06-27,22.40999984741211,14.395896911621094,0.0
2008-06-30,22.469999313354492,14.434441566467285,0.0
2008-07-02,22.06999969482422,14.17748737335205,0.0
2008-07-03,21.610000610351562,13.881987571716309,0.0
2008-07-04,21.790000915527344,13.997625350952148,0.0
2008-07-07,22.280000686645508,14.312385559082031,0.0
2008-07-08,21.579999923706055,13.862720489501953,0.0
2008-07-09,22.170000076293945,14.241727828979492,0.0
2008-07-10,22.190000534057617,14.254571914672852,0.0
2008-07-11,22.549999237060547,14.485833168029785,0.0
2008-07-14,22.3799991607666,14.376626968383789,0.0
2008-07-15,21.540000915527344,13.837021827697754,0.0
2008-07-16,21.59000015258789,13.869141578674316,0.0
2008-07-17,22.100000381469727,14.196757316589355,0.0
2008-07-18,22.239999771118164,14.28669261932373,0.0
2008-07-21,22.899999618530273,14.710667610168457,0.0
2008-07-22,22.889999389648438,14.704243659973145,0.0
2008-07-23,23.5,15.096101760864258,0.0
2008-07-24,23.459999084472656,15.070408821105957,0.0
2008-07-25,23.110000610351562,14.845571517944336,0.0
2008-07-28,23.049999237060547,14.807024955749512,0.0
2008-07-29,22.6200008392334,14.530802726745605,0.0
2008-07-30,23.059999465942383,14.813451766967773,0.0
2008-07-31,23.100000381469727,14.839144706726074,0.0
2008-08-01,23.229999542236328,14.922654151916504,0.0
2008-08-04,22.8799991607666,14.697819709777832,0.0
2008-08-05,22.309999465942383,14.331660270690918,0.0
2008-08-07,22.469999313354492,14.434441566467285,0.0
2008-08-08,22.25,14.29311752319336,0.0
2008-08-11,22.219999313354492,14.273844718933105,0.0
2008-08-12,22.0,14.132523536682129,0.0
2008-08-13,21.649999618530273,13.907684326171875,0.0
2008-08-14,21.75,13.971921920776367,0.0
2008-08-15,21.520000457763672,13.824173927307129,0.0
2008-08-18,21.299999237060547,13.682848930358887,0.0
2008-08-19,20.850000381469727,13.393775939941406,0.0
2008-08-20,21.34000015258789,13.708545684814453,0.0
2008-08-21,20.799999237060547,13.361656188964844,0.0
2008-08-25,21.510000228881836,13.817750930786133,0.0
2008-08-26,21.459999084472656,13.785633087158203,0.0
2008-08-27,21.8799991607666,14.055432319641113,0.0
2008-08-28,21.389999389648438,13.74066162109375,0.0
2008-08-29,21.68000030517578,13.92695426940918,0.0
2008-09-01,21.329999923706055,13.702123641967773,0.0
2008-09-02,21.459999084472656,13.785633087158203,0.0
2008-09-03,21.0,13.490133285522461,0.0
2008-09-04,20.809999465942383,13.368083000183105,0.0
2008-09-05,20.350000381469727,13.072582244873047,0.0
2008-09-08,21.219999313354492,13.631460189819336,0.0
2008-09-09,20.93000030517578,13.44516658782959,0.0
2008-09-10,20.459999084472656,13.143244743347168,0.0
2008-09-11,19.850000381469727,12.751387596130371,0.0
2008-09-12,19.850000381469727,12.751387596130371,0.0
2008-09-16,18.799999237060547,12.076881408691406,0.0
2008-09-17,18.139999389648438,11.65290641784668,0.0
2008-09-18,18.139999389648438,11.65290641784668,0.0
2008-09-19,19.84000015258789,12.744965553283691,0.0
2008-09-22,20.149999618530273,12.944104194641113,0.0
2008-09-23,19.389999389648438,12.455888748168945,0.0
2008-09-24,19.479999542236328,12.513704299926758,0.0
2008-09-25,19.450000762939453,12.494436264038086,0.0
2008-09-26,19.200000762939453,12.33383560180664,0.0
2008-09-29,18.399999618530273,11.819927215576172,0.0
2008-09-30,18.530000686645508,11.903436660766602,0.0
2008-10-02,18.729999542236328,12.031913757324219,0.0
2008-10-03,18.200000762939453,11.691450119018555,0.0
2008-10-06,17.31999969482422,11.126147270202637,0.0
2008-10-08,15.9399995803833,10.239653587341309,0.0
2008-10-09,16.459999084472656,10.57369613647461,0.0
2008-10-10,15.3100004196167,9.834949493408203,0.0
2008-10-13,16.829999923706055,10.811378479003906,0.0
2008-10-14,17.350000381469727,11.14542007446289,0.0
2008-10-15,16.510000228881836,10.605813980102539,0.0
2008-10-16,15.739999771118164,10.111177444458008,0.0
2008-10-17,15.0600004196167,9.674354553222656,0.0
2008-10-20,15.829999923706055,10.168992042541504,0.0
2008-10-21,15.550000190734863,9.989124298095703,0.0
2008-10-22,14.770000457763672,9.48806095123291,0.0
2008-10-23,14.260000228881836,9.160441398620605,0.0
2008-10-24,13.119999885559082,8.428122520446777,0.0
2008-10-27,11.510000228881836,7.393878936767578,0.0
2008-10-28,13.100000381469727,8.415275573730469,0.0
2008-10-29,13.210000038146973,8.485936164855957,0.0
2008-10-30,14.390000343322754,9.243953704833984,0.0
2008-10-31,14.029999732971191,9.012693405151367,0.0
2008-11-03,14.40999984741211,9.256799697875977,0.0
2008-11-04,14.449999809265137,9.282498359680176,0.0
2008-11-05,14.899999618530273,9.57157039642334,0.0
2008-11-06,13.869999885559082,8.909912109375,0.0
2008-11-07,14.329999923706055,9.20541000366211,0.0
2008-11-10,14.829999923706055,9.526604652404785,0.0
2008-11-11,14.130000114440918,9.076932907104492,0.0
2008-11-12,14.020000457763672,9.006269454956055,0.0
2008-11-13,13.300000190734863,8.54375171661377,0.0
2008-11-14,13.630000114440918,8.755738258361816,0.0
2008-11-17,13.609999656677246,8.742890357971191,0.0
2008-11-18,13.0,8.351036071777344,0.0
2008-11-19,12.9399995803833,8.312492370605469,0.0
2008-11-20,12.420000076293945,7.978452205657959,0.0
2008-11-21,12.779999732971191,8.209708213806152,0.0
2008-11-24,12.579999923706055,8.081232070922852,0.0
2008-11-25,13.010000228881836,8.35745906829834,0.0
2008-11-26,13.520000457763672,8.685076713562012,0.0
2008-11-27,13.699999809265137,8.800705909729004,0.0
2008-11-28,14.039999961853027,9.019119262695312,0.0
2008-12-01,14.270000457763672,9.166868209838867,0.0
2008-12-02,13.5600004196167,8.710771560668945,0.0
2008-12-03,13.75,8.83282470703125,0.0
2008-12-04,13.670000076293945,8.781434059143066,0.0
2008-12-05,14.010000228881836,8.999846458435059,0.0
2008-12-08,15.210000038146973,9.770709037780762,0.0
2008-12-09,14.920000076293945,9.584420204162598,0.0
2008-12-10,15.739999771118164,10.111177444458008,0.0
2008-12-11,15.779999732971191,10.136873245239258,0.0
2008-12-12,14.920000076293945,9.584420204162598,0.0
2008-12-15,15.210000038146973,9.770709037780762,0.0
2008-12-16,15.289999961853027,9.822103500366211,0.0
2008-12-17,15.630000114440918,10.040515899658203,0.0
2008-12-18,15.65999984741211,10.059784889221191,0.0
2008-12-19,15.289999961853027,9.822103500366211,0.0
2008-12-22,14.779999732971191,9.494483947753906,0.0
2008-12-23,14.380000114440918,9.237528800964355,0.0
2008-12-24,14.34000015258789,9.211833000183105,0.0
2008-12-29,14.489999771118164,9.308191299438477,0.0
2008-12-30,14.390000343322754,9.243953704833984,0.0
2008-12-31,14.550000190734863,9.346735954284668,0.0
2009-01-02,15.180000305175781,9.751440048217773,0.0
2009-01-05,15.720000267028809,10.098329544067383,0.0
2009-01-06,15.600000381469727,10.02124309539795,0.0
2009-01-07,15.180000305175781,9.751440048217773,0.0
2009-01-08,14.600000381469727,9.37885570526123,0.0
2009-01-09,14.5600004196167,9.35315990447998,0.0
2009-01-12,14.15999984741211,9.096203804016113,0.0
2009-01-13,13.859999656677246,8.903487205505371,0.0
2009-01-14,13.899999618530273,8.929184913635254,0.0
2009-01-15,13.420000076293945,8.620838165283203,0.0
2009-01-16,13.380000114440918,8.595142364501953,0.0
2009-01-19,13.479999542236328,8.659381866455078,0.0
2009-01-20,13.079999923706055,8.402426719665527,0.0
2009-01-21,12.699999809265137,8.158318519592285,0.0
2009-01-22,12.819999694824219,8.235403060913086,0.0
2009-01-23,12.720000267028809,8.171165466308594,0.0
2009-01-29,13.279999732971191,8.530902862548828,0.0
2009-01-30,13.399999618530273,8.607991218566895,0.0
2009-02-02,13.020000457763672,8.363884925842285,0.0
2009-02-03,12.920000076293945,8.299644470214844,0.0
2009-02-04,13.199999809265137,8.479512214660645,0.0
2009-02-05,13.319999694824219,8.556600570678711,0.0
2009-02-06,13.760000228881836,8.839249610900879,0.0
2009-02-09,13.899999618530273,8.929184913635254,0.0
2009-02-10,13.979999542236328,8.980574607849121,0.0
2009-02-11,13.699999809265137,8.800705909729004,0.0
2009-02-12,13.399999618530273,8.607991218566895,0.0
2009-02-13,13.680000305175781,8.787858963012695,0.0
2009-02-16,13.539999961853027,8.697925567626953,0.0
2009-02-17,13.0600004196167,8.389577865600586,0.0
2009-02-18,13.15999984741211,8.453818321228027,0.0
2009-02-19,13.180000305175781,8.466667175292969,0.0
2009-02-20,12.899999618530273,8.286797523498535,0.0
2009-02-23,13.34000015258789,8.569445610046387,0.0
2009-02-24,12.920000076293945,8.299644470214844,0.0
2009-02-25,13.119999885559082,8.428122520446777,0.0
2009-02-26,13.039999961853027,8.376731872558594,0.0
2009-02-27,12.979999542236328,8.338189125061035,0.0
2009-03-02,12.380000114440918,7.952757358551025,0.0
2009-03-03,12.199999809265137,7.837124347686768,0.0
2009-03-04,12.479999542236328,8.016993522644043,0.0
2009-03-05,12.359999656677246,7.939908027648926,0.0
2009-03-06,12.180000305175781,7.824278354644775,0.0
2009-03-09,11.720000267028809,7.528778553009033,0.0
2009-03-10,11.9399995803833,7.670103073120117,0.0
2009-03-11,12.100000381469727,7.772886753082275,0.0
2009-03-12,12.15999984741211,7.811431884765625,0.0
2009-03-13,12.680000305175781,8.145471572875977,0.0
2009-03-16,13.100000381469727,8.415275573730469,0.0
2009-03-17,13.0,8.351036071777344,0.0
2009-03-18,13.300000190734863,8.54375171661377,0.0
2009-03-19,13.239999771118164,8.505208015441895,0.0
2009-03-20,12.979999542236328,8.338189125061035,0.0
2009-03-23,13.640000343322754,8.762166023254395,0.0
2009-03-24,14.079999923706055,9.044814109802246,0.0
2009-03-25,13.819999694824219,8.877793312072754,0.0
2009-03-26,14.279999732971191,9.173291206359863,0.0
2009-03-27,14.300000190734863,9.186137199401855,0.0
2009-03-30,13.65999984741211,8.775010108947754,0.0
2009-03-31,13.800000190734863,8.864945411682129,0.0
2009-04-01,13.699999809265137,8.800705909729004,0.0
2009-04-02,14.720000267028809,9.455942153930664,0.0
2009-04-03,14.720000267028809,9.455942153930664,0.0
2009-04-06,15.220000267028809,9.77713680267334,0.0
2009-04-07,15.140000343322754,9.725744247436523,0.0
2009-04-08,14.640000343322754,9.40455150604248,0.0
2009-04-09,15.079999923706055,9.687200546264648,0.0
2009-04-14,15.739999771118164,10.111177444458008,0.0
2009-04-15,15.859999656677246,10.188263893127441,0.0
2009-04-16,15.760000228881836,10.124022483825684,0.0
2009-04-17,15.819999694824219,10.162568092346191,0.0
2009-04-20,15.9399995803833,10.239653587341309,0.0
2009-04-21,15.520000457763672,9.969849586486816,0.0
2009-04-22,15.079999923706055,9.687200546264648,0.0
2009-04-23,15.4399995803833,9.91845989227295,0.0
2009-04-24,15.5,9.957003593444824,0.0
2009-04-27,15.079999923706055,9.687200546264648,0.0
2009-04-28,14.779999732971191,9.494483947753906,0.0
2009-04-29,15.020000457763672,9.64865493774414,0.0
2009-04-30,15.579999923706055,10.008393287658691,0.0
2009-05-04,16.479999542236328,10.586542129516602,0.0
2009-05-05,16.540000915527344,10.62508773803711,0.0
2009-05-06,16.940000534057617,10.882040977478027,0.0
2009-05-07,17.299999237060547,11.113302230834961,0.0
2009-05-08,17.5,11.241777420043945,0.0
2009-05-11,17.200000762939453,11.04906177520752,0.0
2009-05-12,17.280000686645508,11.100452423095703,0.0
2009-05-13,17.139999389648438,11.010518074035645,0.0
2009-05-14,16.6200008392334,10.676475524902344,0.0
2009-05-15,16.899999618530273,10.856345176696777,0.0
2009-05-18,17.139999389648438,11.010518074035645,0.0
2009-05-19,17.68000030517578,11.35740852355957,0.0
2009-05-20,17.600000381469727,11.306018829345703,0.0
2009-05-21,17.360000610351562,11.15184497833252,0.0
2009-05-22,17.239999771118164,11.074755668640137,0.0
2009-05-25,17.31999969482422,11.126147270202637,0.0
2009-05-26,17.239999771118164,11.074755668640137,0.0
2009-05-27,18.15999984741211,11.665751457214355,0.0
2009-05-29,18.440000534057617,11.845621109008789,0.0
2009-06-01,19.1200008392334,12.28244686126709,0.0
2009-06-02,18.639999389648438,11.974099159240723,0.0
2009-06-03,18.84000015258789,12.102574348449707,0.0
2009-06-04,18.739999771118164,12.038339614868164,0.0
2009-06-05,18.8799991607666,12.128273010253906,0.0
2009-06-08,18.5,11.88416576385498,0.0
2009-06-09,18.31999969482422,11.768535614013672,0.0
2009-06-10,19.040000915527344,12.23105525970459,0.0
2009-06-11,19.059999465942383,12.243903160095215,0.0
2009-06-12,19.15999984741211,12.308136940002441,0.0
2009-06-15,18.739999771118164,12.038339614868164,0.0
2009-06-16,18.420000076293945,11.832776069641113,0.0
2009-06-17,18.34000015258789,11.78138542175293,0.0
2009-06-18,18.079999923706055,11.614362716674805,0.0
2009-06-19,18.239999771118164,11.717144966125488,0.0
2009-06-22,18.399999618530273,11.819927215576172,0.0
2009-06-23,17.8799991607666,11.485882759094238,0.0
2009-06-24,18.219999313354492,11.70429515838623,0.0
2009-06-25,18.6200008392334,11.961251258850098,0.0
2009-06-26,18.920000076293945,12.153971672058105,0.0
2009-06-29,18.860000610351562,12.115426063537598,0.0
2009-06-30,18.760000228881836,12.051186561584473,0.0
2009-07-02,18.459999084472656,11.85846996307373,0.0
2009-07-03,18.5,11.88416576385498,0.0
2009-07-06,18.260000228881836,11.729996681213379,0.0
2009-07-07,18.18000030517578,11.678601264953613,0.0
2009-07-08,18.059999465942383,11.601513862609863,0.0
2009-07-09,18.1200008392334,11.640057563781738,0.0
2009-07-10,18.0,11.562973976135254,0.0
2009-07-13,17.600000381469727,11.306018829345703,0.0
2009-07-14,18.200000762939453,11.691450119018555,0.0
2009-07-15,18.6200008392334,11.961251258850098,0.0
2009-07-16,18.65999984741211,11.986945152282715,0.0
2009-07-17,19.15999984741211,12.308136940002441,0.0
2009-07-20,19.84000015258789,12.744965553283691,0.0
2009-07-21,19.860000610351562,12.757813453674316,0.0
2009-07-22,19.6200008392334,12.603638648986816,0.0
2009-07-23,20.149999618530273,12.944104194641113,0.0
2009-07-24,20.350000381469727,13.072582244873047,0.0
2009-07-27,20.600000381469727,13.233177185058594,0.0
2009-07-28,20.899999618530273,13.425894737243652,0.0
2009-07-29,20.450000762939453,13.136818885803223,0.0
2009-07-30,20.549999237060547,13.201059341430664,0.0
2009-07-31,20.899999618530273,13.425894737243652,0.0
2009-08-03,21.100000381469727,13.554374694824219,0.0
2009-08-04,21.100000381469727,13.554374694824219,0.0
2009-08-05,20.799999237060547,13.361656188964844,0.0
2009-08-06,21.25,13.65073013305664,0.0
2009-08-07,20.700000762939453,13.297417640686035,0.0
2009-08-10,21.25,13.65073013305664,0.0
2009-08-11,21.350000381469727,13.714970588684082,0.0
2009-08-12,20.799999237060547,13.361656188964844,0.0
2009-08-13,21.200000762939453,13.618612289428711,0.0
2009-08-14,21.149999618530273,13.5864896774292,0.0
2009-08-17,20.5,13.168939590454102,0.0
2009-08-18,20.649999618530273,13.265298843383789,0.0
2009-08-19,20.299999237060547,13.040461540222168,0.0
2009-08-20,20.700000762939453,13.297417640686035,0.0
2009-08-21,20.600000381469727,13.233177185058594,0.0
2009-08-24,20.899999618530273,13.425894737243652,0.0
2009-08-25,20.799999237060547,13.361656188964844,0.0
2009-08-26,20.799999237060547,13.361656188964844,0.0
2009-08-27,20.600000381469727,13.233177185058594,0.0
2009-08-28,20.450000762939453,13.136818885803223,0.0
2009-08-31,20.100000381469727,12.91198444366455,0.0
2009-09-01,20.200000762939453,12.97622299194336,0.0
2009-09-02,19.8799991607666,12.77065658569336,0.0
2009-09-03,20.100000381469727,12.91198444366455,0.0
2009-09-04,20.700000762939453,13.297417640686035,0.0
2009-09-07,21.0,13.490133285522461,0.0
2009-09-08,21.450000762939453,13.779205322265625,0.0
2009-09-09,21.299999237060547,13.682848930358887,0.0
2009-09-10,21.450000762939453,13.779205322265625,0.0
2009-09-11,21.549999237060547,13.843442916870117,0.0
2009-09-14,21.399999618530273,13.747087478637695,0.0
2009-09-15,21.350000381469727,13.714970588684082,0.0
2009-09-16,21.799999237060547,14.00404167175293,0.0
2009-09-17,22.200000762939453,14.261002540588379,0.0
2009-09-18,22.100000381469727,14.196757316589355,0.0
2009-09-21,21.950000762939453,14.10040283203125,0.0
2009-09-22,22.200000762939453,14.261002540588379,0.0
2009-09-23,22.049999237060547,14.164639472961426,0.0
2009-09-24,21.549999237060547,13.843442916870117,0.0
2009-09-25,21.5,13.811325073242188,0.0
2009-09-28,21.049999237060547,13.522254943847656,0.0
2009-09-29,21.450000762939453,13.779205322265625,0.0
2009-09-30,21.399999618530273,13.747087478637695,0.0
2009-10-02,20.799999237060547,13.361656188964844,0.0
2009-10-05,20.850000381469727,13.393775939941406,0.0
2009-10-06,21.299999237060547,13.682848930358887,0.0
2009-10-07,21.75,13.971921920776367,0.0
2009-10-08,22.0,14.132523536682129,0.0
2009-10-09,22.0,14.132523536682129,0.0
2009-10-12,21.75,13.971921920776367,0.0
2009-10-13,22.0,14.132523536682129,0.0
2009-10-14,22.399999618530273,14.389476776123047,0.0
2009-10-15,22.5,14.453715324401855,0.0
2009-10-16,22.399999618530273,14.389476776123047,0.0
2009-10-19,22.649999618530273,14.55007266998291,0.0
2009-10-20,22.850000381469727,14.678547859191895,0.0
2009-10-21,22.75,14.614311218261719,0.0
2009-10-22,22.700000762939453,14.582193374633789,0.0
2009-10-23,23.049999237060547,14.807024955749512,0.0
2009-10-27,22.700000762939453,14.582193374633789,0.0
2009-10-28,22.25,14.29311752319336,0.0
2009-10-29,21.399999618530273,13.747087478637695,0.0
2009-10-30,21.850000381469727,14.036163330078125,0.0
2009-11-02,21.75,13.971921920776367,0.0
2009-11-03,21.299999237060547,13.682848930358887,0.0
2009-11-04,21.700000762939453,13.939805030822754,0.0
2009-11-05,21.5,13.811325073242188,0.0
2009-11-06,21.950000762939453,14.10040283203125,0.0
2009-11-09,22.350000381469727,14.357356071472168,0.0
2009-11-10,22.350000381469727,14.357356071472168,0.0
2009-11-11,22.700000762939453,14.582193374633789,0.0
2009-11-12,22.5,14.453715324401855,0.0
2009-11-13,22.649999618530273,14.55007266998291,0.0
2009-11-16,23.049999237060547,14.807024955749512,0.0
2009-11-17,23.0,14.774910926818848,0.0
2009-11-18,22.950000762939453,14.74278736114502,0.0
2009-11-19,22.700000762939453,14.582193374633789,0.0
2009-11-20,22.549999237060547,14.485833168029785,0.0
2009-11-23,22.899999618530273,14.710667610168457,0.0
2009-11-24,22.600000381469727,14.517951965332031,0.0
2009-11-25,22.799999237060547,14.646429061889648,0.0
2009-11-26,22.350000381469727,14.357356071472168,0.0
2009-11-27,21.299999237060547,13.682848930358887,0.0
2009-11-30,22.0,14.132523536682129,0.0
2009-12-01,22.25,14.29311752319336,0.0
2009-12-02,22.399999618530273,14.389476776123047,0.0
2009-12-03,22.649999618530273,14.55007266998291,0.0
2009-12-04,22.700000762939453,14.582193374633789,0.0
2009-12-07,22.5,14.453715324401855,0.0
2009-12-08,22.200000762939453,14.261002540588379,0.0
2009-12-09,21.899999618530273,14.068280220031738,0.0
2009-12-10,21.850000381469727,14.036163330078125,0.0
2009-12-11,22.100000381469727,14.196757316589355,0.0
2009-12-14,22.200000762939453,14.261002540588379,0.0
2009-12-15,21.950000762939453,14.10040283203125,0.0
2009-12-16,21.75,13.971921920776367,0.0
2009-12-17,21.5,13.811325073242188,0.0
2009-12-18,21.299999237060547,13.682848930358887,0.0
2009-12-21,21.100000381469727,13.554374694824219,0.0
2009-12-22,21.200000762939453,13.618612289428711,0.0
2009-12-23,21.399999618530273,13.747087478637695,0.0
2009-12-24,21.649999618530273,13.907684326171875,0.0
2009-12-28,21.600000381469727,13.875565528869629,0.0
2009-12-29,21.600000381469727,13.875565528869629,0.0
2009-12-30,21.700000762939453,13.939805030822754,0.0
2009-12-31,22.049999237060547,14.164639472961426,0.0
2010-01-04,21.950000762939453,14.10040283203125,0.0
2010-01-05,22.450000762939453,14.42159652709961,0.0
2010-01-06,22.600000381469727,14.517951965332031,0.0
2010-01-07,22.450000762939453,14.42159652709961,0.0
2010-01-08,22.5,14.453715324401855,0.0
2010-01-11,22.600000381469727,14.517951965332031,0.0
2010-01-12,22.399999618530273,14.389476776123047,0.0
2010-01-13,21.899999618530273,14.068280220031738,0.0
2010-01-14,21.850000381469727,14.036163330078125,0.0
2010-01-15,21.75,13.971921920776367,0.0
2010-01-18,21.600000381469727,13.875565528869629,0.0
2010-01-19,21.799999237060547,14.00404167175293,0.0
2010-01-20,21.399999618530273,13.747087478637695,0.0
2010-01-21,21.0,13.490133285522461,0.0
2010-01-22,20.950000762939453,13.458013534545898,0.0
2010-01-25,20.75,13.32953929901123,0.0
2010-01-26,20.299999237060547,13.040461540222168,0.0
2010-01-27,20.200000762939453,12.97622299194336,0.0
2010-01-28,20.5,13.168939590454102,0.0
2010-01-29,20.25,13.008343696594238,0.0
2010-02-01,20.399999618530273,13.10469913482666,0.0
2010-02-02,20.450000762939453,13.136818885803223,0.0
2010-02-03,20.850000381469727,13.393775939941406,0.0
2010-02-04,20.479999542236328,13.156087875366211,0.0
2010-02-05,19.860000610351562,12.757813453674316,0.0
2010-02-08,19.739999771118164,12.680723190307617,0.0
2010-02-09,19.920000076293945,12.796357154846191,0.0
2010-02-10,20.100000381469727,12.91198444366455,0.0
2010-02-11,20.450000762939453,13.136818885803223,0.0
2010-02-12,20.450000762939453,13.136818885803223,0.0
2010-02-17,20.700000762939453,13.297417640686035,0.0
2010-02-18,20.549999237060547,13.201059341430664,0.0
2010-02-19,20.049999237060547,12.879865646362305,0.0
2010-02-22,20.5,13.168939590454102,0.0
2010-02-23,20.75,13.32953929901123,0.0
2010-02-24,20.649999618530273,13.265298843383789,0.0
2010-02-25,20.549999237060547,13.201059341430664,0.0
2010-02-26,20.799999237060547,13.361656188964844,0.0
2010-03-01,21.200000762939453,13.618612289428711,0.0
2010-03-02,21.100000381469727,13.554374694824219,0.0
2010-03-03,21.049999237060547,13.522254943847656,0.0
2010-03-04,20.75,13.32953929901123,0.0
2010-03-05,20.950000762939453,13.458013534545898,0.0
2010-03-08,21.350000381469727,13.714970588684082,0.0
2010-03-09,21.399999618530273,13.747087478637695,0.0
2010-03-10,21.399999618530273,13.747087478637695,0.0
2010-03-11,21.399999618530273,13.747087478637695,0.0
2010-03-12,21.350000381469727,13.714970588684082,0.0
2010-03-15,21.299999237060547,13.682848930358887,0.0
2010-03-16,21.200000762939453,13.618612289428711,0.0
2010-03-17,21.600000381469727,13.875565528869629,0.0
2010-03-18,21.5,13.811325073242188,0.0
2010-03-19,21.5,13.811325073242188,0.0
2010-03-22,21.149999618530273,13.5864896774292,0.0
2010-03-23,21.200000762939453,13.618612289428711,0.0
2010-03-24,21.25,13.65073013305664,0.0
2010-03-25,20.950000762939453,13.458013534545898,0.0
2010-03-26,21.200000762939453,13.618612289428711,0.0
2010-03-29,21.450000762939453,13.779205322265625,0.0
2010-03-30,21.549999237060547,13.843442916870117,0.0
2010-03-31,21.450000762939453,13.779205322265625,0.0
2010-04-01,21.799999237060547,14.00404167175293,0.0
2010-04-07,22.100000381469727,14.196757316589355,0.0
2010-04-08,22.049999237060547,14.164639472961426,0.0
2010-04-09,22.399999618530273,14.389476776123047,0.0
2010-04-12,22.399999618530273,14.389476776123047,0.0
2010-04-13,22.350000381469727,14.357356071472168,0.0
2010-04-14,22.350000381469727,14.357356071472168,0.0
2010-04-15,22.350000381469727,14.357356071472168,0.0
2010-04-16,22.100000381469727,14.196757316589355,0.0
2010-04-19,21.649999618530273,13.907684326171875,0.0
2010-04-20,21.799999237060547,14.00404167175293,0.0
2010-04-21,21.700000762939453,13.939805030822754,0.0
2010-04-22,21.649999618530273,13.907684326171875,0.0
2010-04-23,21.5,13.811325073242188,0.0
2010-04-26,21.75,13.971921920776367,0.0
2010-04-27,21.450000762939453,13.779205322265625,0.0
2010-04-28,21.200000762939453,13.618612289428711,0.0
2010-04-29,20.899999618530273,13.425894737243652,0.0
2010-04-30,21.25,13.65073013305664,0.0
2010-05-03,20.950000762939453,13.458013534545898,0.0
2010-05-04,20.899999618530273,13.425894737243652,0.0
2010-05-05,20.5,13.168939590454102,0.0
2010-05-06,20.350000381469727,13.072582244873047,0.0
2010-05-07,20.100000381469727,12.91198444366455,0.0
2010-05-10,20.649999618530273,13.265298843383789,0.0
2010-05-11,20.350000381469727,13.072582244873047,0.0
2010-05-12,20.399999618530273,13.10469913482666,0.0
2010-05-13,20.600000381469727,13.233177185058594,0.0
2010-05-14,20.350000381469727,13.072582244873047,0.0
2010-05-17,19.920000076293945,12.796357154846191,0.0
2010-05-18,20.200000762939453,12.97622299194336,0.0
2010-05-19,19.8799991607666,12.77065658569336,0.0
2010-05-20,19.8799991607666,12.77065658569336,0.0
2010-05-24,19.959999084472656,12.822049140930176,0.0
2010-05-25,19.31999969482422,12.410924911499023,0.0
2010-05-26,19.520000457763672,12.539401054382324,0.0
2010-05-27,19.81999969482422,12.73211669921875,0.0
2010-05-28,20.100000381469727,12.91198444366455,0.0
2010-05-31,20.100000381469727,12.91198444366455,0.0
2010-06-01,19.860000610351562,12.757813453674316,0.0
2010-06-02,19.84000015258789,12.744965553283691,0.0
2010-06-03,20.149999618530273,12.944104194641113,0.0
2010-06-04,20.200000762939453,12.97622299194336,0.0
2010-06-07,19.739999771118164,12.680723190307617,0.0
2010-06-08,19.860000610351562,12.757813453674316,0.0
2010-06-09,20.049999237060547,12.879865646362305,0.0
2010-06-10,20.049999237060547,12.879865646362305,0.0
2010-06-11,20.25,13.008343696594238,0.0
2010-06-14,20.450000762939453,13.136818885803223,0.0
2010-06-15,20.5,13.168939590454102,0.0
2010-06-17,20.549999237060547,13.201059341430664,0.0
2010-06-18,20.649999618530273,13.265298843383789,0.0
2010-06-21,21.350000381469727,13.714970588684082,0.0
2010-06-22,21.25,13.65073013305664,0.0
2010-06-23,21.25,13.65073013305664,0.0
2010-06-24,21.049999237060547,13.522254943847656,0.0
2010-06-25,21.049999237060547,13.522254943847656,0.0
2010-06-28,21.149999618530273,13.5864896774292,0.0
2010-06-29,20.600000381469727,13.233177185058594,0.0
2010-06-30,20.549999237060547,13.201059341430664,0.0
2010-07-02,20.25,13.008343696594238,0.0
2010-07-05,20.200000762939453,12.97622299194336,0.0
2010-07-06,20.450000762939453,13.136818885803223,0.0
2010-07-07,20.25,13.008343696594238,0.0
2010-07-08,20.399999618530273,13.10469913482666,0.0
2010-07-09,20.799999237060547,13.361656188964844,0.0
2010-07-12,20.899999618530273,13.425894737243652,0.0
2010-07-13,20.799999237060547,13.361656188964844,0.0
2010-07-14,21.0,13.490133285522461,0.0
2010-07-15,20.649999618530273,13.265298843383789,0.0
2010-07-16,20.649999618530273,13.265298843383789,0.0
2010-07-19,20.450000762939453,13.136818885803223,0.0
2010-07-20,20.649999618530273,13.265298843383789,0.0
2010-07-21,20.950000762939453,13.458013534545898,0.0
2010-07-22,21.0,13.490133285522461,0.0
2010-07-23,21.25,13.65073013305664,0.0
2010-07-26,21.25,13.65073013305664,0.0
2010-07-27,21.399999618530273,13.747087478637695,0.0
2010-07-28,21.549999237060547,13.843442916870117,0.0
2010-07-29,21.549999237060547,13.843442916870117,0.0
2010-07-30,21.399999618530273,13.747087478637695,0.0
2010-08-02,21.799999237060547,14.00404167175293,0.0
2010-08-03,21.899999618530273,14.068280220031738,0.0
2010-08-04,21.950000762939453,14.10040283203125,0.0
2010-08-05,22.0,14.132523536682129,0.0
2010-08-06,22.100000381469727,14.196757316589355,0.0
2010-08-09,22.200000762939453,14.261002540588379,0.0
2010-08-10,21.850000381469727,14.036163330078125,0.0
2010-08-11,21.75,13.971921920776367,0.0
2010-08-12,21.5,13.811325073242188,0.0
2010-08-13,21.450000762939453,13.779205322265625,0.0
2010-08-16,21.5,13.811325073242188,0.0
2010-08-17,21.549999237060547,13.843442916870117,0.0
2010-08-18,21.450000762939453,13.779205322265625,0.0
2010-08-19,21.5,13.811325073242188,0.0
2010-08-20,21.399999618530273,13.747087478637695,0.0
2010-08-23,21.350000381469727,13.714970588684082,0.0
2010-08-24,21.100000381469727,13.554374694824219,0.0
2010-08-25,21.0,13.490133285522461,0.0
2010-08-26,21.100000381469727,13.554374694824219,0.0
2010-08-27,21.0,13.490133285522461,0.0
2010-08-30,21.149999618530273,13.5864896774292,0.0
2010-08-31,20.899999618530273,13.425894737243652,0.0
2010-09-01,21.049999237060547,13.522254943847656,0.0
2010-09-02,21.399999618530273,13.747087478637695,0.0
2010-09-03,21.5,13.811325073242188,0.0
2010-09-06,21.899999618530273,14.068280220031738,0.0
2010-09-07,21.950000762939453,14.10040283203125,0.0
2010-09-08,21.600000381469727,13.875565528869629,0.0
2010-09-09,21.700000762939453,13.939805030822754,0.0
2010-09-10,21.799999237060547,14.00404167175293,0.0
2010-09-13,22.25,14.29311752319336,0.0
2010-09-14,22.25,14.29311752319336,0.0
2010-09-15,22.299999237060547,14.325236320495605,0.0
2010-09-16,22.25,14.29311752319336,0.0
2010-09-17,22.5,14.453715324401855,0.0
2010-09-20,22.5,14.453715324401855,0.0
2010-09-21,22.600000381469727,14.517951965332031,0.0
2010-09-22,22.600000381469727,14.517951965332031,0.0
2010-09-24,22.700000762939453,14.582193374633789,0.0
2010-09-27,22.899999618530273,14.710667610168457,0.0
2010-09-28,22.649999618530273,14.55007266998291,0.0
2010-09-29,22.950000762939453,14.74278736114502,0.0
2010-09-30,22.950000762939453,14.74278736114502,0.0
2010-10-04,23.149999618530273,14.87126350402832,0.0
2010-10-05,23.149999618530273,14.87126350402832,0.0
2010-10-06,23.5,15.096101760864258,0.0
2010-10-07,23.450000762939453,15.063981056213379,0.0
2010-10-08,23.5,15.096101760864258,0.0
2010-10-11,23.799999237060547,15.288817405700684,0.0
2010-10-12,23.700000762939453,15.224577903747559,0.0
2010-10-13,24.049999237060547,15.449416160583496,0.0
2010-10-14,24.399999618530273,15.674248695373535,0.0
2010-10-15,24.350000381469727,15.642132759094238,0.0
2010-10-18,24.049999237060547,15.449416160583496,0.0
2010-10-19,24.350000381469727,15.642132759094238,0.0
2010-10-20,24.149999618530273,15.513654708862305,0.0
2010-10-21,24.25,15.57789134979248,0.0
2010-10-22,24.049999237060547,15.449416160583496,0.0
2010-10-25,24.200000762939453,15.54577350616455,0.0
2010-10-26,24.149999618530273,15.513654708862305,0.0
2010-10-27,23.75,15.256701469421387,0.0
2010-10-28,23.799999237060547,15.288817405700684,0.0
2010-10-29,23.149999618530273,14.87126350402832,0.0
2010-11-01,23.799999237060547,15.288817405700684,0.0
2010-11-02,23.75,15.256701469421387,0.0
2010-11-03,24.25,15.57789134979248,0.0
2010-11-04,24.600000381469727,15.802726745605469,0.0
2010-11-05,25.0,16.059680938720703,0.0
2010-11-08,25.100000381469727,16.123920440673828,0.0
2010-11-09,24.899999618530273,15.995441436767578,0.0
2010-11-10,24.649999618530273,15.834848403930664,0.0
2010-11-11,24.850000381469727,15.963325500488281,0.0
2010-11-12,24.350000381469727,15.642132759094238,0.0
2010-11-15,24.149999618530273,15.513654708862305,0.0
2010-11-16,23.799999237060547,15.288817405700684,0.0
2010-11-17,23.350000381469727,14.999744415283203,0.0
2010-11-18,23.75,15.256701469421387,0.0
2010-11-19,23.75,15.256701469421387,0.0
2010-11-22,23.700000762939453,15.224577903747559,0.0
2010-11-23,23.049999237060547,14.807024955749512,0.0
2010-11-24,23.200000762939453,14.903386116027832,0.0
2010-11-25,23.200000762939453,14.903386116027832,0.0
2010-11-26,23.0,14.774910926818848,0.0
2010-11-29,23.350000381469727,14.999744415283203,0.0
2010-11-30,23.200000762939453,14.903386116027832,0.0
2010-12-01,23.399999618530273,15.031862258911133,0.0
2010-12-02,23.600000381469727,15.160338401794434,0.0
2010-12-03,23.549999237060547,15.128222465515137,0.0
2010-12-06,23.350000381469727,14.999744415283203,0.0
2010-12-07,23.600000381469727,15.160338401794434,0.0
2010-12-08,23.200000762939453,14.903386116027832,0.0
2010-12-09,23.299999237060547,14.96762752532959,0.0
2010-12-10,23.350000381469727,14.999744415283203,0.0
2010-12-13,23.5,15.096101760864258,0.0
2010-12-14,23.600000381469727,15.160338401794434,0.0
2010-12-15,23.049999237060547,14.807024955749512,0.0
2010-12-16,22.799999237060547,14.646429061889648,0.0
2010-12-17,22.850000381469727,14.678547859191895,0.0
2010-12-20,22.799999237060547,14.646429061889648,0.0
2010-12-21,23.200000762939453,14.903386116027832,0.0
2010-12-22,23.200000762939453,14.903386116027832,0.0
2010-12-23,23.049999237060547,14.807024955749512,0.0
2010-12-24,23.0,14.774910926818848,0.0
2010-12-28,22.799999237060547,14.646429061889648,0.0
2010-12-29,23.149999618530273,14.87126350402832,0.0
2010-12-30,23.149999618530273,14.87126350402832,0.0
2010-12-31,23.200000762939453,14.903386116027832,0.0
2011-01-03,23.600000381469727,15.160338401794434,0.0
2011-01-04,23.799999237060547,15.288817405700684,0.0
2011-01-05,23.899999618530273,15.353053092956543,0.0
2011-01-06,23.950000762939453,15.385176658630371,0.0
2011-01-07,23.950000762939453,15.385176658630371,0.0
2011-01-10,23.649999618530273,15.192460060119629,0.0
2011-01-11,23.950000762939453,15.385176658630371,0.0
2011-01-12,24.299999237060547,15.610011100769043,0.0
2011-01-13,24.399999618530273,15.674248695373535,0.0
2011-01-14,24.450000762939453,15.706372261047363,0.0
2011-01-17,24.350000381469727,15.642132759094238,0.0
2011-01-18,24.350000381469727,15.642132759094238,0.0
2011-01-19,24.549999237060547,15.770605087280273,0.0
2011-01-20,24.149999618530273,15.513654708862305,0.0
2011-01-21,24.049999237060547,15.449416160583496,0.0
2011-01-24,23.950000762939453,15.385176658630371,0.0
2011-01-25,23.950000762939453,15.385176658630371,0.0
2011-01-26,24.0,15.417296409606934,0.0
2011-01-27,23.950000762939453,15.385176658630371,0.0
2011-01-28,23.75,15.256701469421387,0.0
2011-01-31,23.649999618530273,15.192460060119629,0.0
2011-02-01,23.649999618530273,15.192460060119629,0.0
2011-02-02,24.059999465942383,15.455841064453125,0.0
2011-02-07,23.700000762939453,15.224577903747559,0.0
2011-02-08,23.600000381469727,15.160338401794434,0.0
2011-02-09,23.299999237060547,14.96762752532959,0.0
2011-02-10,22.850000381469727,14.678547859191895,0.0
2011-02-11,23.0,14.774910926818848,0.0
2011-02-14,23.25,14.935503959655762,0.0
2011-02-15,23.049999237060547,14.807024955749512,0.0
2011-02-16,23.299999237060547,14.96762752532959,0.0
2011-02-17,23.450000762939453,15.063981056213379,0.0
2011-02-18,23.75,15.256701469421387,0.0
2011-02-21,23.649999618530273,15.192460060119629,0.0
2011-02-22,23.149999618530273,14.87126350402832,0.0
2011-02-23,23.100000381469727,14.839144706726074,0.0
2011-02-24,22.75,14.614311218261719,0.0
2011-02-25,23.200000762939453,14.903386116027832,0.0
2011-02-28,23.549999237060547,15.128222465515137,0.0
2011-03-01,23.600000381469727,15.160338401794434,0.0
2011-03-02,23.149999618530273,14.87126350402832,0.0
2011-03-03,23.299999237060547,14.96762752532959,0.0
2011-03-04,23.600000381469727,15.160338401794434,0.0
2011-03-07,23.450000762939453,15.063981056213379,0.0
2011-03-08,23.899999618530273,15.353053092956543,0.0
2011-03-09,24.0,15.417296409606934,0.0
2011-03-10,23.75,15.256701469421387,0.0
2011-03-11,23.399999618530273,15.031862258911133,0.0
2011-03-14,23.5,15.096101760864258,0.0
2011-03-15,22.850000381469727,14.678547859191895,0.0
2011-03-16,22.899999618530273,14.710667610168457,0.0
2011-03-17,22.5,14.453715324401855,0.0
2011-03-18,22.549999237060547,14.485833168029785,0.0
2011-03-21,22.899999618530273,14.710667610168457,0.0
2011-03-22,23.0,14.774910926818848,0.0
2011-03-23,23.049999237060547,14.807024955749512,0.0
2011-03-24,23.149999618530273,14.87126350402832,0.0
2011-03-25,23.350000381469727,14.999744415283203,0.0
2011-03-28,23.299999237060547,14.96762752532959,0.0
2011-03-29,23.299999237060547,14.96762752532959,0.0
2011-03-30,23.649999618530273,15.192460060119629,0.0
2011-03-31,23.75,15.256701469421387,0.0
2011-04-01,24.0,15.417296409606934,0.0
2011-04-04,24.350000381469727,15.642132759094238,0.0
2011-04-06,24.5,15.738487243652344,0.0
2011-04-07,24.549999237060547,15.770605087280273,0.0
2011-04-08,24.649999618530273,15.834848403930664,0.0
2011-04-11,24.549999237060547,15.770605087280273,0.0
2011-04-12,24.200000762939453,15.54577350616455,0.0
2011-04-13,24.399999618530273,15.674248695373535,0.0
2011-04-14,24.200000762939453,15.54577350616455,0.0
2011-04-15,24.200000762939453,15.54577350616455,0.0
2011-04-18,24.049999237060547,15.449416160583496,0.0
2011-04-19,23.75,15.256701469421387,0.0
2011-04-20,24.100000381469727,15.481532096862793,0.0
2011-04-21,24.399999618530273,15.674248695373535,0.0
2011-04-26,24.25,15.57789134979248,0.0
2011-04-27,24.149999618530273,15.513654708862305,0.0
2011-04-28,23.950000762939453,15.385176658630371,0.0
2011-04-29,23.799999237060547,15.288817405700684,0.0
2011-05-03,23.75,15.256701469421387,0.0
2011-05-04,23.399999618530273,15.031862258911133,0.0
2011-05-05,23.399999618530273,15.031862258911133,0.0
2011-05-06,23.299999237060547,14.96762752532959,0.0
2011-05-09,23.5,15.096101760864258,0.0
2011-05-11,23.5,15.096101760864258,0.0
2011-05-12,23.25,14.935503959655762,0.0
2011-05-13,23.549999237060547,15.128222465515137,0.0
2011-05-16,23.200000762939453,14.903386116027832,0.0
2011-05-17,23.100000381469727,14.839144706726074,0.0
2011-05-18,23.25,14.935503959655762,0.0
2011-05-19,23.450000762939453,15.063981056213379,0.0
2011-05-20,23.5,15.096101760864258,0.0
2011-05-23,23.0,14.774910926818848,0.0
2011-05-24,23.049999237060547,14.807024955749512,0.0
2011-05-25,23.049999237060547,14.807024955749512,0.0
2011-05-26,23.149999618530273,14.87126350402832,0.0
2011-05-27,23.450000762939453,15.063981056213379,0.0
2011-05-30,23.5,15.096101760864258,0.0
2011-05-31,24.049999237060547,15.449416160583496,0.0
2011-06-01,23.950000762939453,15.385176658630371,0.0
2011-06-02,23.600000381469727,15.160338401794434,0.0
2011-06-03,23.350000381469727,14.999744415283203,0.0
2011-06-07,23.25,14.935503959655762,0.0
2011-06-08,23.049999237060547,14.807024955749512,0.0
2011-06-09,23.0,14.774910926818848,0.0
2011-06-10,22.799999237060547,14.646429061889648,0.0
2011-06-13,22.899999618530273,14.710667610168457,0.0
2011-06-14,22.899999618530273,14.710667610168457,0.0
2011-06-15,22.75,14.614311218261719,0.0
2011-06-16,22.399999618530273,14.389476776123047,0.0
2011-06-17,22.149999618530273,14.228879928588867,0.0
2011-06-20,22.049999237060547,14.164639472961426,0.0
2011-06-21,22.299999237060547,14.325236320495605,0.0
2011-06-22,22.299999237060547,14.325236320495605,0.0
2011-06-23,22.200000762939453,14.261002540588379,0.0
2011-06-24,22.600000381469727,14.517951965332031,0.0
2011-06-27,22.5,14.453715324401855,0.0
2011-06-28,22.549999237060547,14.485833168029785,0.0
2011-06-29,22.5,14.453715324401855,0.0
2011-06-30,22.850000381469727,14.678547859191895,0.0
2011-07-04,23.25,14.935503959655762,0.0
2011-07-05,23.25,14.935503959655762,0.0
2011-07-06,23.0,14.774910926818848,0.0
2011-07-07,22.950000762939453,14.74278736114502,0.0
2011-07-08,23.149999618530273,14.87126350402832,0.0
2011-07-11,22.799999237060547,14.646429061889648,0.0
2011-07-12,22.100000381469727,14.196757316589355,0.0
2011-07-13,22.350000381469727,14.357356071472168,0.0
2011-07-14,22.399999618530273,14.389476776123047,0.0
2011-07-15,22.299999237060547,14.325236320495605,0.0
2011-07-18,22.200000762939453,14.261002540588379,0.0
2011-07-19,22.350000381469727,14.357356071472168,0.0
2011-07-20,22.450000762939453,14.42159652709961,0.0
2011-07-21,22.399999618530273,14.389476776123047,0.0
2011-07-22,22.899999618530273,14.710667610168457,0.0
2011-07-25,22.75,14.614311218261719,0.0
2011-07-26,22.950000762939453,14.74278736114502,0.0
2011-07-27,23.0,14.774910926818848,0.0
2011-07-28,23.0,14.774910926818848,0.0
2011-07-29,22.850000381469727,14.678547859191895,0.0
2011-08-01,23.149999618530273,14.87126350402832,0.0
2011-08-02,22.850000381469727,14.678547859191895,0.0
2011-08-03,22.450000762939453,14.42159652709961,0.0
2011-08-04,22.299999237060547,14.325236320495605,0.0
2011-08-05,21.350000381469727,13.714970588684082,0.0
2011-08-08,20.950000762939453,13.458013534545898,0.0
2011-08-09,19.760000228881836,12.693572998046875,0.0
2011-08-10,20.200000762939453,12.97622299194336,0.0
2011-08-11,20.049999237060547,12.879865646362305,0.0
2011-08-12,20.049999237060547,12.879865646362305,0.0
2011-08-15,20.700000762939453,13.297417640686035,0.0
2011-08-16,20.649999618530273,13.265298843383789,0.0
2011-08-17,20.75,13.32953929901123,0.0
2011-08-18,20.399999618530273,13.10469913482666,0.0
2011-08-19,19.84000015258789,12.744965553283691,0.0
2011-08-22,19.940000534057617,12.80920124053955,0.0
2011-08-23,20.299999237060547,13.040461540222168,0.0
2011-08-24,19.940000534057617,12.80920124053955,0.0
2011-08-25,20.200000762939453,12.97622299194336,0.0
2011-08-26,20.0,12.847748756408691,0.0
2011-08-29,20.350000381469727,13.072582244873047,0.0
2011-08-30,20.700000762939453,13.297417640686035,0.0
2011-08-31,21.0,13.490133285522461,0.0
2011-09-01,21.049999237060547,13.522254943847656,0.0
2011-09-02,20.700000762939453,13.297417640686035,0.0
2011-09-05,20.149999618530273,12.944104194641113,0.0
2011-09-06,20.200000762939453,12.97622299194336,0.0
2011-09-07,20.549999237060547,13.201059341430664,0.0
2011-09-08,20.450000762939453,13.136818885803223,0.0
2011-09-09,20.399999618530273,13.10469913482666,0.0
2011-09-12,19.600000381469727,12.590794563293457,0.0
2011-09-14,19.65999984741211,12.629334449768066,0.0
2011-09-15,19.799999237060547,12.719268798828125,0.0
2011-09-16,20.049999237060547,12.879865646362305,0.0
2011-09-19,19.459999084472656,12.500858306884766,0.0
2011-09-20,19.6200008392334,12.603638648986816,0.0
2011-09-21,19.3799991607666,12.449466705322266,0.0
2011-09-22,18.5,11.88416576385498,0.0
2011-09-23,18.239999771118164,11.717144966125488,0.0
2011-09-26,17.979999542236328,11.550121307373047,0.0
2011-09-27,18.700000762939453,12.012642860412598,0.0
2011-09-28,18.579999923706055,11.935555458068848,0.0
2011-09-30,18.139999389648438,11.65290641784668,0.0
2011-10-03,17.3799991607666,11.164689064025879,0.0
2011-10-04,16.81999969482422,10.804951667785645,0.0
2011-10-06,17.760000228881836,11.408801078796387,0.0
2011-10-07,18.280000686645508,11.742840766906738,0.0
2011-10-10,18.299999237060547,11.755685806274414,0.0
2011-10-11,18.719999313354492,12.025493621826172,0.0
2011-10-12,18.920000076293945,12.153971672058105,0.0
2011-10-13,19.360000610351562,12.436619758605957,0.0
2011-10-14,19.059999465942383,12.243903160095215,0.0
2011-10-17,19.440000534057617,12.488011360168457,0.0
2011-10-18,18.6200008392334,11.961251258850098,0.0
2011-10-19,18.8799991607666,12.128273010253906,0.0
2011-10-20,18.579999923706055,11.935555458068848,0.0
2011-10-21,18.639999389648438,11.974099159240723,0.0
2011-10-24,19.3799991607666,12.449466705322266,0.0
2011-10-25,19.540000915527344,12.552250862121582,0.0
2011-10-26,19.65999984741211,12.629334449768066,0.0
2011-10-27,20.25,13.008343696594238,0.0
2011-10-28,20.649999618530273,13.265298843383789,0.0
2011-10-31,19.959999084472656,12.822049140930176,0.0
2011-11-01,19.440000534057617,12.488011360168457,0.0
2011-11-02,19.860000610351562,12.757813453674316,0.0
2011-11-03,19.299999237060547,12.39807415008545,0.0
2011-11-04,19.940000534057617,12.80920124053955,0.0
2011-11-07,19.760000228881836,12.693572998046875,0.0
2011-11-08,19.799999237060547,12.719268798828125,0.0
2011-11-09,20.100000381469727,12.91198444366455,0.0
2011-11-10,19.040000915527344,12.23105525970459,0.0
2011-11-11,19.239999771118164,12.35953426361084,0.0
2011-11-14,19.65999984741211,12.629334449768066,0.0
2011-11-15,19.420000076293945,12.4751615524292,0.0
2011-11-16,19.020000457763672,12.218204498291016,0.0
2011-11-17,18.899999618530273,12.141119003295898,0.0
2011-11-18,18.600000381469727,11.948405265808105,0.0
2011-11-21,18.34000015258789,11.78138542175293,0.0
2011-11-22,18.360000610351562,11.794232368469238,0.0
2011-11-23,17.979999542236328,11.550121307373047,0.0
2011-11-24,18.079999923706055,11.614362716674805,0.0
2011-11-25,17.81999969482422,11.447339057922363,0.0
2011-11-28,18.18000030517578,11.678601264953613,0.0
2011-11-29,18.3799991607666,11.807075500488281,0.0
2011-11-30,18.100000381469727,11.627211570739746,0.0
2011-12-01,19.15999984741211,12.308136940002441,0.0
2011-12-02,19.219999313354492,12.346684455871582,0.0
2011-12-05,19.34000015258789,12.423771858215332,0.0
2011-12-06,19.079999923706055,12.256752014160156,0.0
2011-12-07,19.3799991607666,12.449466705322266,0.0
2011-12-08,19.260000228881836,12.372380256652832,0.0
2011-12-09,18.700000762939453,12.012642860412598,0.0
2011-12-12,18.68000030517578,11.999794960021973,0.0
2011-12-13,18.600000381469727,11.948405265808105,0.0
2011-12-14,18.479999542236328,11.871317863464355,0.0
2011-12-15,18.18000030517578,11.678601264953613,0.0
2011-12-16,18.459999084472656,11.85846996307373,0.0
2011-12-19,18.219999313354492,11.70429515838623,0.0
2011-12-20,18.219999313354492,11.70429515838623,0.0
2011-12-21,18.540000915527344,11.909863471984863,0.0
2011-12-22,18.520000457763672,11.897013664245605,0.0
2011-12-23,18.780000686645508,12.06403636932373,0.0
2011-12-28,18.65999984741211,11.986945152282715,0.0
2011-12-29,18.520000457763672,11.897013664245605,0.0
2011-12-30,18.579999923706055,11.935555458068848,0.0
2012-01-03,19.020000457763672,12.218204498291016,0.0
2012-01-04,18.899999618530273,12.141119003295898,0.0
2012-01-05,19.0,12.205360412597656,0.0
2012-01-06,18.739999771118164,12.038339614868164,0.0
2012-01-09,19.079999923706055,12.256752014160156,0.0
2012-01-10,19.15999984741211,12.308136940002441,0.0
2012-01-11,19.34000015258789,12.423771858215332,0.0
2012-01-12,19.280000686645508,12.385226249694824,0.0
2012-01-13,19.3799991607666,12.449466705322266,0.0
2012-01-16,19.15999984741211,12.308136940002441,0.0
2012-01-17,19.799999237060547,12.719268798828125,0.0
2012-01-18,19.8799991607666,12.77065658569336,0.0
2012-01-19,20.149999618530273,12.944104194641113,0.0
2012-01-20,20.25,13.008343696594238,0.0
2012-01-26,20.600000381469727,13.233177185058594,0.0
2012-01-27,20.649999618530273,13.265298843383789,0.0
2012-01-30,20.350000381469727,13.072582244873047,0.0
2012-01-31,20.5,13.168939590454102,0.0
2012-02-01,20.549999237060547,13.201059341430664,0.0
2012-02-02,20.899999618530273,13.425894737243652,0.0
2012-02-03,20.899999618530273,13.425894737243652,0.0
2012-02-06,20.899999618530273,13.425894737243652,0.0
2012-02-07,20.850000381469727,13.393775939941406,0.0
2012-02-08,21.200000762939453,13.618612289428711,0.0
2012-02-09,21.200000762939453,13.618612289428711,0.0
2012-02-10,20.950000762939453,13.458013534545898,0.0
2012-02-13,21.100000381469727,13.554374694824219,0.0
2012-02-14,21.100000381469727,13.554374694824219,0.0
2012-02-15,21.600000381469727,13.875565528869629,0.0
2012-02-16,21.450000762939453,13.779205322265625,0.0
2012-02-17,21.649999618530273,13.907684326171875,0.0
2012-02-20,21.600000381469727,13.875565528869629,0.0
2012-02-21,21.649999618530273,13.907684326171875,0.0
2012-02-22,21.75,13.971921920776367,0.0
2012-02-23,21.600000381469727,13.875565528869629,0.0
2012-02-24,21.549999237060547,13.843442916870117,0.0
2012-02-27,21.399999618530273,13.747087478637695,0.0
2012-02-28,21.799999237060547,14.00404167175293,0.0
2012-02-29,21.850000381469727,14.036163330078125,0.0
2012-03-01,21.600000381469727,13.875565528869629,0.0
2012-03-02,21.799999237060547,14.00404167175293,0.0
2012-03-05,21.350000381469727,13.714970588684082,0.0
2012-03-06,21.0,13.490133285522461,0.0
2012-03-07,20.799999237060547,13.361656188964844,0.0
2012-03-08,21.100000381469727,13.554374694824219,0.0
2012-03-09,21.299999237060547,13.682848930358887,0.0
2012-03-12,21.350000381469727,13.714970588684082,0.0
2012-03-13,21.549999237060547,13.843442916870117,0.0
2012-03-14,21.549999237060547,13.843442916870117,0.0
2012-03-15,21.600000381469727,13.875565528869629,0.0
2012-03-16,21.600000381469727,13.875565528869629,0.0
2012-03-20,21.149999618530273,13.5864896774292,0.0
2012-03-21,21.149999618530273,13.5864896774292,0.0
2012-03-22,21.149999618530273,13.5864896774292,0.0
2012-03-23,20.899999618530273,13.425894737243652,0.0
2012-03-26,20.950000762939453,13.458013534545898,0.0
2012-03-27,21.350000381469727,13.714970588684082,0.0
2012-03-28,21.149999618530273,13.5864896774292,0.0
2012-03-29,20.850000381469727,13.393775939941406,0.0
2012-03-30,20.799999237060547,13.361656188964844,0.0
2012-04-02,20.75,13.32953929901123,0.0
2012-04-03,21.049999237060547,13.522254943847656,0.0
2012-04-05,20.850000381469727,13.393775939941406,0.0
2012-04-10,20.600000381469727,13.233177185058594,0.0
2012-04-11,20.399999618530273,13.10469913482666,0.0
2012-04-12,20.600000381469727,13.233177185058594,0.0
2012-04-13,21.0,13.490133285522461,0.0
2012-04-16,20.899999618530273,13.425894737243652,0.0
2012-04-17,20.850000381469727,13.393775939941406,0.0
2012-04-18,21.100000381469727,13.554374694824219,0.0
2012-04-19,21.299999237060547,13.682848930358887,0.0
2012-04-20,21.25,13.65073013305664,0.0
2012-04-23,20.899999618530273,13.425894737243652,0.0
2012-04-24,20.950000762939453,13.458013534545898,0.0
2012-04-25,20.950000762939453,13.458013534545898,0.0
2012-04-26,21.100000381469727,13.554374694824219,0.0
2012-04-27,20.899999618530273,13.425894737243652,0.0
2012-04-30,21.25,13.65073013305664,0.0
2012-05-02,21.5,13.811325073242188,0.0
2012-05-03,21.399999618530273,13.747087478637695,0.0
2012-05-04,21.25,13.65073013305664,0.0
2012-05-07,20.649999618530273,13.265298843383789,0.0
2012-05-08,20.649999618530273,13.265298843383789,0.0
2012-05-09,20.450000762939453,13.136818885803223,0.0
2012-05-10,20.350000381469727,13.072582244873047,0.0
2012-05-11,20.100000381469727,12.91198444366455,0.0
2012-05-14,19.860000610351562,12.757813453674316,0.0
2012-05-15,20.049999237060547,12.879865646362305,0.0
2012-05-16,19.420000076293945,12.4751615524292,0.0
2012-05-17,19.399999618530273,12.462313652038574,0.0
2012-05-18,19.139999389648438,12.295291900634766,0.0
2012-05-21,19.15999984741211,12.308136940002441,0.0
2012-05-22,19.260000228881836,12.372380256652832,0.0
2012-05-23,18.979999542236328,12.192510604858398,0.0
2012-05-24,18.899999618530273,12.141119003295898,0.0
2012-05-25,18.959999084472656,12.179662704467773,0.0
2012-05-28,19.059999465942383,12.243903160095215,0.0
2012-05-29,19.299999237060547,12.39807415008545,0.0
2012-05-30,18.959999084472656,12.179662704467773,0.0
2012-05-31,18.979999542236328,12.192510604858398,0.0
2012-06-01,18.940000534057617,12.166812896728516,0.0
2012-06-04,18.5,11.88416576385498,0.0
2012-06-05,18.579999923706055,11.935555458068848,0.0
2012-06-06,18.979999542236328,12.192510604858398,0.0
2012-06-07,19.079999923706055,12.256752014160156,0.0
2012-06-08,18.899999618530273,12.141119003295898,0.0
2012-06-11,19.3799991607666,12.449466705322266,0.0
2012-06-12,19.31999969482422,12.410924911499023,0.0
2012-06-13,19.479999542236328,12.513704299926758,0.0
2012-06-14,19.31999969482422,12.410924911499023,0.0
2012-06-15,19.780000686645508,12.7064208984375,0.0
2012-06-18,19.940000534057617,12.80920124053955,0.0
2012-06-19,19.920000076293945,12.796357154846191,0.0
2012-06-20,20.0,12.847748756408691,0.0
2012-06-21,19.780000686645508,12.7064208984375,0.0
2012-06-22,19.5,12.526554107666016,0.0
2012-06-25,19.399999618530273,12.462313652038574,0.0
2012-06-26,19.5,12.526554107666016,0.0
2012-06-27,19.700000762939453,12.655031204223633,0.0
2012-06-28,19.520000457763672,12.539401054382324,0.0
2012-06-29,19.959999084472656,12.822049140930176,0.0
2012-07-03,20.25,13.008343696594238,0.0
2012-07-04,20.200000762939453,12.97622299194336,0.0
2012-07-05,20.350000381469727,13.072582244873047,0.0
2012-07-06,20.299999237060547,13.040461540222168,0.0
2012-07-09,19.940000534057617,12.80920124053955,0.0
2012-07-10,19.899999618530273,12.783506393432617,0.0
2012-07-11,19.940000534057617,12.80920124053955,0.0
2012-07-12,19.520000457763672,12.539401054382324,0.0
2012-07-13,19.579999923706055,12.577943801879883,0.0
2012-07-16,19.600000381469727,12.590794563293457,0.0
2012-07-17,19.959999084472656,12.822049140930176,0.0
2012-07-18,19.739999771118164,12.680723190307617,0.0
2012-07-19,20.100000381469727,12.91198444366455,0.0
2012-07-20,20.149999618530273,12.944104194641113,0.0
2012-07-23,19.540000915527344,12.552250862121582,0.0
2012-07-24,19.360000610351562,12.436619758605957,0.0
2012-07-25,19.3799991607666,12.449466705322266,0.0
2012-07-26,19.399999618530273,12.462313652038574,0.0
2012-07-27,19.799999237060547,12.719268798828125,0.0
2012-07-30,20.149999618530273,12.944104194641113,0.0
2012-07-31,20.299999237060547,13.040461540222168,0.0
2012-08-01,20.299999237060547,13.040461540222168,0.0
2012-08-02,20.25,13.008343696594238,0.0
2012-08-03,20.200000762939453,12.97622299194336,0.0
2012-08-06,20.5,13.168939590454102,0.0
2012-08-07,20.600000381469727,13.233177185058594,0.0
2012-08-08,20.549999237060547,13.201059341430664,0.0
2012-08-09,20.799999237060547,13.361656188964844,0.0
2012-08-10,20.649999618530273,13.265298843383789,0.0
2012-08-13,20.600000381469727,13.233177185058594,0.0
2012-08-14,20.850000381469727,13.393775939941406,0.0
2012-08-15,20.600000381469727,13.233177185058594,0.0
2012-08-16,20.5,13.168939590454102,0.0
2012-08-17,20.700000762939453,13.297417640686035,0.0
2012-08-20,20.649999618530273,13.265298843383789,0.0
2012-08-21,20.700000762939453,13.297417640686035,0.0
2012-08-22,20.450000762939453,13.136818885803223,0.0
2012-08-23,20.700000762939453,13.297417640686035,0.0
2012-08-24,20.450000762939453,13.136818885803223,0.0
2012-08-27,20.399999618530273,13.10469913482666,0.0
2012-08-28,20.399999618530273,13.10469913482666,0.0
2012-08-29,20.350000381469727,13.072582244873047,0.0
2012-08-30,20.100000381469727,12.91198444366455,0.0
2012-08-31,20.049999237060547,12.879865646362305,0.0
2012-09-03,20.149999618530273,12.944104194641113,0.0
2012-09-04,19.979999542236328,12.834901809692383,0.0
2012-09-05,19.700000762939453,12.655031204223633,0.0
2012-09-06,19.84000015258789,12.744965553283691,0.0
2012-09-07,20.5,13.168939590454102,0.0
2012-09-10,20.5,13.168939590454102,0.0
2012-09-11,20.5,13.168939590454102,0.0
2012-09-12,20.75,13.32953929901123,0.0
2012-09-13,20.700000762939453,13.297417640686035,0.0
2012-09-14,21.25,13.65073013305664,0.0
2012-09-17,21.299999237060547,13.682848930358887,0.0
2012-09-18,21.25,13.65073013305664,0.0
2012-09-19,21.549999237060547,13.843442916870117,0.0
2012-09-20,21.25,13.65073013305664,0.0
2012-09-21,21.399999618530273,13.747087478637695,0.0
2012-09-24,21.350000381469727,13.714970588684082,0.0
2012-09-25,21.399999618530273,13.747087478637695,0.0
2012-09-26,21.200000762939453,13.618612289428711,0.0
2012-09-27,21.5,13.811325073242188,0.0
2012-09-28,21.5,13.811325073242188,0.0
2012-10-03,21.5,13.811325073242188,0.0
2012-10-04,21.549999237060547,13.843442916870117,0.0
2012-10-05,21.649999618530273,13.907684326171875,0.0
2012-10-08,21.450000762939453,13.779205322265625,0.0
2012-10-09,21.600000381469727,13.875565528869629,0.0
2012-10-10,21.600000381469727,13.875565528869629,0.0
2012-10-11,21.649999618530273,13.907684326171875,0.0
2012-10-12,21.799999237060547,14.00404167175293,0.0
2012-10-15,21.850000381469727,14.036163330078125,0.0
2012-10-16,21.850000381469727,14.036163330078125,0.0
2012-10-17,22.100000381469727,14.196757316589355,0.0
2012-10-18,22.200000762939453,14.261002540588379,0.0
2012-10-19,22.200000762939453,14.261002540588379,0.0
2012-10-22,22.399999618530273,14.389476776123047,0.0
2012-10-24,22.450000762939453,14.42159652709961,0.0
2012-10-25,22.5,14.453715324401855,0.0
2012-10-26,22.25,14.29311752319336,0.0
2012-10-29,22.200000762939453,14.261002540588379,0.0
2012-10-30,22.100000381469727,14.196757316589355,0.0
2012-10-31,21.799999237060547,14.00404167175293,0.0
2012-11-01,22.0,14.132523536682129,0.0
2012-11-02,22.350000381469727,14.357356071472168,0.0
2012-11-05,22.200000762939453,14.261002540588379,0.0
2012-11-06,22.149999618530273,14.228879928588867,0.0
2012-11-07,22.299999237060547,14.325236320495605,0.0
2012-11-08,21.700000762939453,13.939805030822754,0.0
2012-11-09,21.549999237060547,13.843442916870117,0.0
2012-11-12,21.600000381469727,13.875565528869629,0.0
2012-11-13,21.350000381469727,13.714970588684082,0.0
2012-11-14,21.600000381469727,13.875565528869629,0.0
2012-11-15,21.299999237060547,13.682848930358887,0.0
2012-11-16,21.25,13.65073013305664,0.0
2012-11-19,21.5,13.811325073242188,0.0
2012-11-20,21.450000762939453,13.779205322265625,0.0
2012-11-21,21.75,13.971921920776367,0.0
2012-11-22,21.950000762939453,14.10040283203125,0.0
2012-11-23,22.149999618530273,14.228879928588867,0.0
2012-11-26,22.100000381469727,14.196757316589355,0.0
2012-11-27,22.049999237060547,14.164639472961426,0.0
2012-11-28,21.899999618530273,14.068280220031738,0.0
2012-11-29,22.149999618530273,14.228879928588867,0.0
2012-11-30,22.25,14.29311752319336,0.0
2012-12-03,21.950000762939453,14.10040283203125,0.0
2012-12-04,22.0,14.132523536682129,0.0
2012-12-05,22.5,14.453715324401855,0.0
2012-12-06,22.450000762939453,14.42159652709961,0.0
2012-12-07,22.399999618530273,14.389476776123047,0.0
2012-12-10,22.450000762939453,14.42159652709961,0.0
2012-12-11,22.5,14.453715324401855,0.0
2012-12-12,22.700000762939453,14.582193374633789,0.0
2012-12-13,22.649999618530273,14.55007266998291,0.0
2012-12-14,22.850000381469727,14.678547859191895,0.0
2012-12-17,22.700000762939453,14.582193374633789,0.0
2012-12-18,22.700000762939453,14.582193374633789,0.0
2012-12-19,22.850000381469727,14.678547859191895,0.0
2012-12-20,22.799999237060547,14.646429061889648,0.0
2012-12-21,22.700000762939453,14.582193374633789,0.0
2012-12-24,22.700000762939453,14.582193374633789,0.0
2012-12-27,22.850000381469727,14.678547859191895,0.0
2012-12-28,22.899999618530273,14.710667610168457,0.0
2012-12-31,22.850000381469727,14.678547859191895,0.0
2013-01-02,23.5,15.096101760864258,0.0
2013-01-03,23.549999237060547,15.128222465515137,0.0
2013-01-04,23.5,15.096101760864258,0.0
2013-01-07,23.5,15.096101760864258,0.0
2013-01-08,23.25,14.935503959655762,0.0
2013-01-09,23.450000762939453,15.063981056213379,0.0
2013-01-10,23.600000381469727,15.160338401794434,0.0
2013-01-11,23.5,15.096101760864258,0.0
2013-01-14,23.600000381469727,15.160338401794434,0.0
2013-01-15,23.600000381469727,15.160338401794434,0.0
2013-01-16,23.549999237060547,15.128222465515137,0.0
2013-01-17,23.549999237060547,15.128222465515137,0.0
2013-01-18,23.799999237060547,15.288817405700684,0.0
2013-01-21,23.799999237060547,15.288817405700684,0.0
2013-01-22,23.799999237060547,15.288817405700684,0.0
2013-01-23,23.850000381469727,15.320938110351562,0.0
2013-01-24,23.799999237060547,15.288817405700684,0.0
2013-01-25,23.799999237060547,15.288817405700684,0.0
2013-01-28,23.899999618530273,15.353053092956543,0.0
2013-01-29,23.899999618530273,15.353053092956543,0.0
2013-01-30,24.0,15.417296409606934,0.0
2013-01-31,23.950000762939453,15.385176658630371,0.0
2013-02-01,23.899999618530273,15.353053092956543,0.0
2013-02-04,23.899999618530273,15.353053092956543,0.0
2013-02-05,23.350000381469727,14.999744415283203,0.0
2013-02-06,23.450000762939453,15.063981056213379,0.0
2013-02-07,23.399999618530273,15.031862258911133,0.0
2013-02-08,23.5,15.096101760864258,0.0
2013-02-14,23.649999618530273,15.192460060119629,0.0
2013-02-15,23.649999618530273,15.192460060119629,0.0
2013-02-18,23.600000381469727,15.160338401794434,0.0
2013-02-19,23.350000381469727,14.999744415283203,0.0
2013-02-20,23.5,15.096101760864258,0.0
2013-02-21,23.100000381469727,14.839144706726074,0.0
2013-02-22,23.0,14.774910926818848,0.0
2013-02-25,23.049999237060547,14.807024955749512,0.0
2013-02-26,22.700000762939453,14.582193374633789,0.0
2013-02-27,22.799999237060547,14.646429061889648,0.0
2013-02-28,23.200000762939453,14.903386116027832,0.0
2013-03-01,23.100000381469727,14.839144706726074,0.0
2013-03-04,22.75,14.614311218261719,0.0
2013-03-05,22.75,14.614311218261719,0.0
2013-03-06,22.950000762939453,14.74278736114502,0.0
2013-03-07,23.0,14.774910926818848,0.0
2013-03-08,23.350000381469727,14.999744415283203,0.0
2013-03-11,23.350000381469727,14.999744415283203,0.0
2013-03-12,23.149999618530273,14.87126350402832,0.0
2013-03-13,22.799999237060547,14.646429061889648,0.0
2013-03-14,22.850000381469727,14.678547859191895,0.0
2013-03-15,22.75,14.614311218261719,0.0
2013-03-18,22.299999237060547,14.325236320495605,0.0
2013-03-19,22.200000762939453,14.261002540588379,0.0
2013-03-20,22.549999237060547,14.485833168029785,0.0
2013-03-21,22.5,14.453715324401855,0.0
2013-03-22,22.399999618530273,14.389476776123047,0.0
2013-03-25,22.549999237060547,14.485833168029785,0.0
2013-03-26,22.600000381469727,14.517951965332031,0.0
2013-03-27,22.700000762939453,14.582193374633789,0.0
2013-03-28,22.600000381469727,14.517951965332031,0.0
2013-04-02,22.700000762939453,14.582193374633789,0.0
2013-04-03,22.600000381469727,14.517951965332031,0.0
2013-04-05,22.0,14.132523536682129,0.0
2013-04-08,22.0,14.132523536682129,0.0
2013-04-09,22.149999618530273,14.228879928588867,0.0
2013-04-10,22.299999237060547,14.325236320495605,0.0
2013-04-11,22.299999237060547,14.325236320495605,0.0
2013-04-12,22.399999618530273,14.389476776123047,0.0
2013-04-15,22.0,14.132523536682129,0.0
2013-04-16,21.950000762939453,14.10040283203125,0.0
2013-04-17,21.850000381469727,14.036163330078125,0.0
2013-04-18,21.799999237060547,14.00404167175293,0.0
2013-04-19,22.350000381469727,14.357356071472168,0.0
2013-04-22,22.299999237060547,14.325236320495605,0.0
2013-04-23,22.049999237060547,14.164639472961426,0.0
2013-04-24,22.5,14.453715324401855,0.0
2013-04-25,22.700000762939453,14.582193374633789,0.0
2013-04-26,22.899999618530273,14.710667610168457,0.0
2013-04-29,22.700000762939453,14.678339004516602,0.15
2013-04-30,22.850000381469727,14.775328636169434,0.0
2013-05-02,22.850000381469727,14.775328636169434,0.0
2013-05-03,22.850000381469727,14.775328636169434,0.0
2013-05-06,23.049999237060547,14.904653549194336,0.0
2013-05-07,23.149999618530273,14.969314575195312,0.0
2013-05-08,23.299999237060547,15.066314697265625,0.0
2013-05-09,23.399999618530273,15.130973815917969,0.0
2013-05-10,23.5,15.195636749267578,0.0
2013-05-13,23.100000381469727,14.93698787689209,0.0
2013-05-14,23.149999618530273,14.969314575195312,0.0
2013-05-15,23.25,15.033977508544922,0.0
2013-05-16,23.25,15.033977508544922,0.0
2013-05-20,23.700000762939453,15.32496166229248,0.0
2013-05-21,23.600000381469727,15.260298728942871,0.0
2013-05-22,23.5,15.195636749267578,0.0
2013-05-23,22.850000381469727,14.775328636169434,0.0
2013-05-24,22.899999618530273,14.807660102844238,0.0
2013-05-27,22.950000762939453,14.839993476867676,0.0
2013-05-28,23.200000762939453,15.001651763916016,0.0
2013-05-29,22.799999237060547,14.742997169494629,0.0
2013-05-30,22.799999237060547,14.742997169494629,0.0
2013-05-31,22.700000762939453,14.678339004516602,0.0
2013-06-03,22.600000381469727,14.61367416381836,0.0
2013-06-04,22.600000381469727,14.61367416381836,0.0
2013-06-05,22.399999618530273,14.484350204467773,0.0
2013-06-06,22.149999618530273,14.322694778442383,0.0
2013-06-07,21.950000762939453,14.19337272644043,0.0
2013-06-10,22.0,14.225706100463867,0.0
2013-06-11,21.75,14.064043045043945,0.0
2013-06-13,21.399999618530273,13.837725639343262,0.0
2013-06-14,21.450000762939453,13.870060920715332,0.0
2013-06-17,21.75,14.064043045043945,0.0
2013-06-18,21.75,14.064043045043945,0.0
2013-06-19,21.549999237060547,13.934720039367676,0.0
2013-06-20,20.899999618530273,13.51441764831543,0.0
2013-06-21,20.799999237060547,13.44975471496582,0.0
2013-06-24,20.350000381469727,13.158774375915527,0.0
2013-06-25,20.399999618530273,13.191104888916016,0.0
2013-06-26,20.899999618530273,13.51441764831543,0.0
2013-06-27,21.0,13.579080581665039,0.0
2013-06-28,21.350000381469727,13.805397987365723,0.0
2013-07-02,21.200000762939453,13.708405494689941,0.0
2013-07-03,20.700000762939453,13.385092735290527,0.0
2013-07-04,21.049999237060547,13.61141300201416,0.0
2013-07-05,21.450000762939453,13.870060920715332,0.0
2013-07-08,21.149999618530273,13.676069259643555,0.0
2013-07-09,21.25,13.740734100341797,0.0
2013-07-10,21.450000762939453,13.870060920715332,0.0
2013-07-11,22.049999237060547,14.25803279876709,0.0
2013-07-12,21.75,14.064043045043945,0.0
2013-07-15,21.799999237060547,14.096373558044434,0.0
2013-07-16,21.850000381469727,14.128710746765137,0.0
2013-07-17,21.950000762939453,14.19337272644043,0.0
2013-07-18,21.899999618530273,14.161040306091309,0.0
2013-07-19,21.950000762939453,14.19337272644043,0.0
2013-07-22,21.899999618530273,14.161040306091309,0.0
2013-07-23,22.450000762939453,14.516685485839844,0.0
2013-07-24,22.549999237060547,14.581345558166504,0.0
2013-07-25,22.450000762939453,14.516685485839844,0.0
2013-07-26,22.549999237060547,14.581345558166504,0.0
2013-07-29,22.450000762939453,14.516685485839844,0.0
2013-07-30,22.5,14.549013137817383,0.0
2013-07-31,22.399999618530273,14.484350204467773,0.0
2013-08-01,22.649999618530273,14.64600658416748,0.0
2013-08-02,22.700000762939453,14.678339004516602,0.0
2013-08-05,22.799999237060547,14.742997169494629,0.0
2013-08-06,22.450000762939453,14.516685485839844,0.0
2013-08-07,22.100000381469727,14.290363311767578,0.0
2013-08-08,22.25,14.387358665466309,0.0
2013-08-09,22.299999237060547,14.41968822479248,0.0
2013-08-12,22.799999237060547,14.742997169494629,0.0
2013-08-13,23.149999618530273,14.969314575195312,0.0
2013-08-14,23.149999618530273,14.969314575195312,0.0
2013-08-15,23.100000381469727,14.93698787689209,0.0
2013-08-16,23.100000381469727,14.93698787689209,0.0
2013-08-19,23.0,14.872330665588379,0.0
2013-08-20,22.450000762939453,14.516685485839844,0.0
2013-08-21,22.399999618530273,14.484350204467773,0.0
2013-08-22,22.5,14.549013137817383,0.0
2013-08-23,22.450000762939453,14.516685485839844,0.0
2013-08-26,22.649999618530273,14.64600658416748,0.0
2013-08-27,22.5,14.549013137817383,0.0
2013-08-28,22.149999618530273,14.322694778442383,0.0
2013-08-29,22.299999237060547,14.41968822479248,0.0
2013-08-30,22.299999237060547,14.41968822479248,0.0
2013-09-02,22.850000381469727,14.775328636169434,0.0
2013-09-03,23.0,14.872330665588379,0.0
2013-09-04,22.950000762939453,14.839993476867676,0.0
2013-09-05,23.25,15.033977508544922,0.0
2013-09-06,23.299999237060547,15.066314697265625,0.0
2013-09-09,23.399999618530273,15.130973815917969,0.0
2013-09-10,23.600000381469727,15.260298728942871,0.0
2013-09-11,23.600000381469727,15.260298728942871,0.0
2013-09-12,23.649999618530273,15.292631149291992,0.0
2013-09-13,23.600000381469727,15.260298728942871,0.0
2013-09-16,24.0,15.518948554992676,0.0
2013-09-17,23.850000381469727,15.421956062316895,0.0
2013-09-18,23.799999237060547,15.389622688293457,0.0
2013-09-19,24.200000762939453,15.648270606994629,0.0
2013-09-23,24.100000381469727,15.583610534667969,0.0
2013-09-24,23.899999618530273,15.454282760620117,0.0
2013-09-25,23.899999618530273,15.454282760620117,0.0
2013-09-26,23.850000381469727,15.421956062316895,0.0
2013-09-27,23.899999618530273,15.454282760620117,0.0
2013-09-30,23.600000381469727,15.260298728942871,0.0
2013-10-02,23.700000762939453,15.32496166229248,0.0
2013-10-03,23.950000762939453,15.486617088317871,0.0
2013-10-04,23.850000381469727,15.421956062316895,0.0
2013-10-07,23.700000762939453,15.32496166229248,0.0
2013-10-08,23.950000762939453,15.486617088317871,0.0
2013-10-09,23.799999237060547,15.389622688293457,0.0
2013-10-10,23.700000762939453,15.32496166229248,0.0
2013-10-11,24.0,15.518948554992676,0.0
2013-10-15,24.100000381469727,15.583610534667969,0.0
2013-10-16,23.899999618530273,15.454282760620117,0.0
2013-10-17,23.75,15.357293128967285,0.0
2013-10-18,24.049999237060547,15.551278114318848,0.0
2013-10-21,24.149999618530273,15.615938186645508,0.0
2013-10-22,24.049999237060547,15.551278114318848,0.0
2013-10-23,23.75,15.357293128967285,0.0
2013-10-24,23.600000381469727,15.260298728942871,0.0
2013-10-25,23.450000762939453,15.163305282592773,0.0
2013-10-28,23.600000381469727,15.260298728942871,0.0
2013-10-29,23.649999618530273,15.292631149291992,0.0
2013-10-30,24.100000381469727,15.583610534667969,0.0
2013-10-31,23.350000381469727,15.470970153808594,0.58
2013-11-01,23.399999618530273,15.504106521606445,0.0
2013-11-04,23.350000381469727,15.470970153808594,0.0
2013-11-05,23.200000762939453,15.371590614318848,0.0
2013-11-06,23.149999618530273,15.338459014892578,0.0
2013-11-07,23.0,15.2390775680542,0.0
2013-11-08,22.899999618530273,15.172816276550293,0.0
2013-11-11,23.25,15.404714584350586,0.0
2013-11-12,23.100000381469727,15.305336952209473,0.0
2013-11-13,22.649999618530273,15.007174491882324,0.0
2013-11-14,22.799999237060547,15.106557846069336,0.0
2013-11-15,23.200000762939453,15.371590614318848,0.0
2013-11-18,23.850000381469727,15.802257537841797,0.0
2013-11-19,23.850000381469727,15.802257537841797,0.0
2013-11-20,23.899999618530273,15.8353853225708,0.0
2013-11-21,23.75,15.736001014709473,0.0
2013-11-22,23.850000381469727,15.802257537841797,0.0
2013-11-25,23.950000762939453,15.868517875671387,0.0
2013-11-26,23.950000762939453,15.868517875671387,0.0
2013-11-27,24.0,15.901643753051758,0.0
2013-11-28,24.0,15.901643753051758,0.0
2013-11-29,24.100000381469727,15.96789836883545,0.0
2013-12-02,24.200000762939453,16.03415870666504,0.0
2013-12-03,24.100000381469727,15.96789836883545,0.0
2013-12-04,23.950000762939453,15.868517875671387,0.0
2013-12-05,23.899999618530273,15.8353853225708,0.0
2013-12-06,24.0,15.901643753051758,0.0
2013-12-09,24.0,15.901643753051758,0.0
2013-12-10,23.950000762939453,15.868517875671387,0.0
2013-12-11,23.5,15.570361137390137,0.0
2013-12-12,23.450000762939453,15.5372314453125,0.0
2013-12-13,23.450000762939453,15.5372314453125,0.0
2013-12-16,23.299999237060547,15.437845230102539,0.0
2013-12-17,23.25,15.404714584350586,0.0
2013-12-18,23.350000381469727,15.470970153808594,0.0
2013-12-19,23.049999237060547,15.272201538085938,0.0
2013-12-20,23.0,15.2390775680542,0.0
2013-12-23,23.149999618530273,15.338459014892578,0.0
2013-12-24,23.399999618530273,15.504106521606445,0.0
2013-12-27,23.450000762939453,15.5372314453125,0.0
2013-12-30,23.450000762939453,15.5372314453125,0.0
2013-12-31,23.450000762939453,15.5372314453125,0.0
2014-01-02,23.5,15.570361137390137,0.0
2014-01-03,23.0,15.2390775680542,0.0
2014-01-06,22.850000381469727,15.139689445495605,0.0
2014-01-07,22.899999618530273,15.172816276550293,0.0
2014-01-08,23.200000762939453,15.371590614318848,0.0
2014-01-09,22.950000762939453,15.205948829650879,0.0
2014-01-10,23.049999237060547,15.272201538085938,0.0
2014-01-13,23.100000381469727,15.305336952209473,0.0
2014-01-14,23.0,15.2390775680542,0.0
2014-01-15,23.100000381469727,15.305336952209473,0.0
2014-01-16,23.200000762939453,15.371590614318848,0.0
2014-01-17,23.350000381469727,15.470970153808594,0.0
2014-01-20,23.100000381469727,15.305336952209473,0.0
2014-01-21,23.200000762939453,15.371590614318848,0.0
2014-01-22,23.25,15.404714584350586,0.0
2014-01-23,22.950000762939453,15.205948829650879,0.0
2014-01-24,22.600000381469727,14.974050521850586,0.0
2014-01-27,22.149999618530273,14.67588996887207,0.0
2014-01-28,22.149999618530273,14.67588996887207,0.0
2014-01-29,22.299999237060547,14.775277137756348,0.0
2014-01-30,22.200000762939453,14.709023475646973,0.0
2014-02-04,21.600000381469727,14.311477661132812,0.0
2014-02-05,21.450000762939453,14.212095260620117,0.0
2014-02-06,21.600000381469727,14.311477661132812,0.0
2014-02-07,21.799999237060547,14.443992614746094,0.0
2014-02-10,21.75,14.410862922668457,0.0
2014-02-11,22.149999618530273,14.67588996887207,0.0
2014-02-12,22.5,14.907791137695312,0.0
2014-02-13,22.350000381469727,14.808405876159668,0.0
2014-02-14,22.549999237060547,14.94092082977295,0.0
2014-02-17,22.649999618530273,15.007174491882324,0.0
2014-02-18,22.75,15.073429107666016,0.0
2014-02-19,22.799999237060547,15.106557846069336,0.0
2014-02-20,22.600000381469727,14.974050521850586,0.0
2014-02-21,22.75,15.073429107666016,0.0
2014-02-24,22.549999237060547,14.94092082977295,0.0
2014-02-25,22.549999237060547,14.94092082977295,0.0
2014-02-26,22.649999618530273,15.007174491882324,0.0
2014-02-27,23.049999237060547,15.272201538085938,0.0
2014-02-28,23.0,15.2390775680542,0.0
2014-03-03,22.700000762939453,15.040307998657227,0.0
2014-03-04,22.850000381469727,15.139689445495605,0.0
2014-03-05,22.799999237060547,15.106557846069336,0.0
2014-03-06,22.899999618530273,15.172816276550293,0.0
2014-03-07,22.899999618530273,15.172816276550293,0.0
2014-03-10,22.450000762939453,14.874662399291992,0.0
2014-03-11,22.450000762939453,14.874662399291992,0.0
2014-03-12,22.200000762939453,14.709023475646973,0.0
2014-03-13,22.049999237060547,14.609636306762695,0.0
2014-03-14,21.850000381469727,14.477123260498047,0.0
2014-03-17,21.75,14.410862922668457,0.0
2014-03-18,21.850000381469727,14.477123260498047,0.0
2014-03-19,21.850000381469727,14.477123260498047,0.0
2014-03-20,21.450000762939453,14.212095260620117,0.0
2014-03-21,21.75,14.410862922668457,0.0
2014-03-24,22.149999618530273,14.67588996887207,0.0
2014-03-25,22.049999237060547,14.609636306762695,0.0
2014-03-26,22.200000762939453,14.709023475646973,0.0
2014-03-27,22.100000381469727,14.6427640914917,0.0
2014-03-28,22.350000381469727,14.808405876159668,0.0
2014-03-31,22.399999618530273,14.841532707214355,0.0
2014-04-01,22.75,15.073429107666016,0.0
2014-04-02,22.75,15.073429107666016,0.0
2014-04-03,22.799999237060547,15.106557846069336,0.0
2014-04-04,22.75,15.073429107666016,0.0
2014-04-07,22.600000381469727,14.974050521850586,0.0
2014-04-08,22.899999618530273,15.172816276550293,0.0
2014-04-09,23.149999618530273,15.338459014892578,0.0
2014-04-10,23.5,15.570361137390137,0.0
2014-04-11,23.25,15.404714584350586,0.0
2014-04-14,23.299999237060547,15.437845230102539,0.0
2014-04-15,22.899999618530273,15.172816276550293,0.0
2014-04-16,23.0,15.2390775680542,0.0
2014-04-17,23.049999237060547,15.272201538085938,0.0
2014-04-22,23.049999237060547,15.272201538085938,0.0
2014-04-23,22.799999237060547,15.106557846069336,0.0
2014-04-24,22.850000381469727,15.139689445495605,0.0
2014-04-25,22.450000762939453,14.874662399291992,0.0
2014-04-28,22.450000762939453,14.874662399291992,0.0
2014-04-29,22.649999618530273,15.10811710357666,0.15
2014-04-30,22.25,14.841310501098633,0.0
2014-05-02,22.450000762939453,14.974717140197754,0.0
2014-05-05,22.149999618530273,14.774611473083496,0.0
2014-05-07,21.950000762939453,14.641206741333008,0.0
2014-05-08,22.049999237060547,14.707901954650879,0.0
2014-05-09,22.100000381469727,14.741255760192871,0.0
2014-05-12,22.549999237060547,15.041415214538574,0.0
2014-05-13,22.600000381469727,15.074769020080566,0.0
2014-05-14,22.850000381469727,15.24152660369873,0.0
2014-05-15,22.950000762939453,15.30823040008545,0.0
2014-05-16,22.899999618530273,15.274876594543457,0.0
2014-05-19,22.899999618530273,15.274876594543457,0.0
2014-05-20,23.049999237060547,15.37492561340332,0.0
2014-05-21,23.149999618530273,15.441632270812988,0.0
2014-05-22,23.25,15.50833511352539,0.0
2014-05-23,23.299999237060547,15.5416898727417,0.0
2014-05-26,23.299999237060547,15.5416898727417,0.0
2014-05-27,23.299999237060547,15.5416898727417,0.0
2014-05-28,23.5,15.675091743469238,0.0
2014-05-29,23.399999618530273,15.608390808105469,0.0
2014-05-30,23.5,15.675091743469238,0.0
2014-06-03,23.649999618530273,15.775142669677734,0.0
2014-06-04,23.549999237060547,15.708441734313965,0.0
2014-06-05,23.549999237060547,15.708441734313965,0.0
2014-06-06,23.399999618530273,15.608390808105469,0.0
2014-06-09,23.5,15.675091743469238,0.0
2014-06-10,23.700000762939453,15.808501243591309,0.0
2014-06-11,23.700000762939453,15.808501243591309,0.0
2014-06-12,23.700000762939453,15.808501243591309,0.0
2014-06-13,23.850000381469727,15.908552169799805,0.0
2014-06-16,23.850000381469727,15.908552169799805,0.0
2014-06-17,23.75,15.84184741973877,0.0
2014-06-18,23.75,15.84184741973877,0.0
2014-06-19,23.75,15.84184741973877,0.0
2014-06-20,23.799999237060547,15.875197410583496,0.0
2014-06-23,23.350000381469727,15.57503890991211,0.0
2014-06-24,23.450000762939453,15.641742706298828,0.0
2014-06-25,23.450000762939453,15.641742706298828,0.0
2014-06-26,23.799999237060547,15.875197410583496,0.0
2014-06-27,23.75,15.84184741973877,0.0
2014-06-30,23.75,15.84184741973877,0.0
2014-07-02,24.25,16.17536163330078,0.0
2014-07-03,24.200000762939453,16.142013549804688,0.0
2014-07-04,24.25,16.17536163330078,0.0
2014-07-07,24.25,16.17536163330078,0.0
2014-07-08,24.200000762939453,16.142013549804688,0.0
2014-07-09,23.850000381469727,15.908552169799805,0.0
2014-07-10,23.899999618530273,15.941902160644531,0.0
2014-07-11,23.950000762939453,15.975251197814941,0.0
2014-07-14,24.100000381469727,16.075305938720703,0.0
2014-07-15,24.149999618530273,16.108657836914062,0.0
2014-07-16,24.25,16.17536163330078,0.0
2014-07-17,24.25,16.17536163330078,0.0
2014-07-18,24.149999618530273,16.108657836914062,0.0
2014-07-21,24.049999237060547,16.041954040527344,0.0
2014-07-22,24.549999237060547,16.37546730041504,0.0
2014-07-23,24.700000762939453,16.47552490234375,0.0
2014-07-24,24.799999237060547,16.542224884033203,0.0
2014-07-25,24.950000762939453,16.642282485961914,0.0
2014-07-28,25.100000381469727,16.742332458496094,0.0
2014-07-29,25.350000381469727,16.909086227416992,0.0
2014-07-30,25.5,17.009140014648438,0.0
2014-07-31,25.549999237060547,17.042491912841797,0.0
2014-08-01,25.25,16.84238624572754,0.0
2014-08-04,25.350000381469727,16.909086227416992,0.0
2014-08-05,25.299999237060547,16.8757381439209,0.0
2014-08-06,25.299999237060547,16.8757381439209,0.0
2014-08-07,25.149999618530273,16.775686264038086,0.0
2014-08-08,25.049999237060547,16.708980560302734,0.0
2014-08-11,25.399999618530273,16.94243812561035,0.0
2014-08-12,25.399999618530273,16.94243812561035,0.0
2014-08-13,25.649999618530273,17.10919761657715,0.0
2014-08-14,25.549999237060547,17.042491912841797,0.0
2014-08-15,25.700000762939453,17.142547607421875,0.0
2014-08-18,25.700000762939453,17.142547607421875,0.0
2014-08-19,25.850000381469727,17.242599487304688,0.0
2014-08-20,25.899999618530273,17.275955200195312,0.0
2014-08-21,25.799999237060547,17.209253311157227,0.0
2014-08-22,25.850000381469727,17.242599487304688,0.0
2014-08-25,25.950000762939453,17.309309005737305,0.0
2014-08-26,25.899999618530273,17.275955200195312,0.0
2014-08-27,25.700000762939453,17.142547607421875,0.0
2014-08-28,25.549999237060547,17.042491912841797,0.0
2014-08-29,25.549999237060547,17.042491912841797,0.0
2014-09-01,25.5,17.009140014648438,0.0
2014-09-02,25.549999237060547,17.042491912841797,0.0
2014-09-03,26.149999618530273,17.442712783813477,0.0
2014-09-04,26.100000381469727,17.409358978271484,0.0
2014-09-05,26.049999237060547,17.376008987426758,0.0
2014-09-08,26.0,17.342653274536133,0.0
2014-09-10,25.549999237060547,17.042491912841797,0.0
2014-09-11,25.549999237060547,17.042491912841797,0.0
2014-09-12,25.450000762939453,16.975791931152344,0.0
2014-09-15,25.25,16.84238624572754,0.0
2014-09-16,25.049999237060547,16.708980560302734,0.0
2014-09-17,25.299999237060547,16.8757381439209,0.0
2014-09-18,25.049999237060547,16.708980560302734,0.0
2014-09-19,25.200000762939453,16.809036254882812,0.0
2014-09-22,24.799999237060547,16.542224884033203,0.0
2014-09-23,24.75,16.508874893188477,0.0
2014-09-24,24.799999237060547,16.542224884033203,0.0
2014-09-25,24.649999618530273,16.442174911499023,0.0
2014-09-26,24.549999237060547,16.37546730041504,0.0
2014-09-29,24.100000381469727,16.075305938720703,0.0
2014-09-30,23.799999237060547,15.875197410583496,0.0
2014-10-03,23.950000762939453,15.975251197814941,0.0
2014-10-06,24.200000762939453,16.142013549804688,0.0
2014-10-07,24.299999237060547,16.208709716796875,0.0
2014-10-08,24.149999618530273,16.108657836914062,0.0
2014-10-09,24.399999618530273,16.275415420532227,0.0
2014-10-10,23.950000762939453,15.975251197814941,0.0
2014-10-13,24.049999237060547,16.041954040527344,0.0
2014-10-14,23.950000762939453,15.975251197814941,0.0
2014-10-15,24.049999237060547,16.041954040527344,0.0
2014-10-16,23.75,15.84184741973877,0.0
2014-10-17,23.950000762939453,15.975251197814941,0.0
2014-10-20,23.950000762939453,15.975251197814941,0.0
2014-10-21,24.0,16.008604049682617,0.0
2014-10-22,24.299999237060547,16.208709716796875,0.0
2014-10-23,24.25,16.17536163330078,0.0
2014-10-24,24.200000762939453,16.142013549804688,0.0
2014-10-27,24.049999237060547,16.041954040527344,0.0
2014-10-28,24.450000762939453,16.30876922607422,0.0
2014-10-29,24.75,16.508874893188477,0.0
2014-10-30,23.899999618530273,16.399085998535156,0.69
2014-10-31,24.200000762939453,16.60493278503418,0.0
2014-11-03,24.100000381469727,16.536317825317383,0.0
2014-11-04,24.100000381469727,16.536317825317383,0.0
2014-11-05,23.950000762939453,16.433391571044922,0.0
2014-11-06,23.899999618530273,16.399085998535156,0.0
2014-11-07,23.75,16.29616928100586,0.0
2014-11-10,24.0,16.46770668029785,0.0
2014-11-11,24.0,16.46770668029785,0.0
2014-11-12,24.149999618530273,16.57062530517578,0.0
2014-11-13,24.25,16.63924217224121,0.0
2014-11-14,24.299999237060547,16.673551559448242,0.0
2014-11-17,24.0,16.46770668029785,0.0
2014-11-18,23.75,16.29616928100586,0.0
2014-11-19,23.600000381469727,16.1932430267334,0.0
2014-11-20,23.5,16.1246280670166,0.0
2014-11-21,23.700000762939453,16.261857986450195,0.0
2014-11-24,24.149999618530273,16.57062530517578,0.0
2014-11-25,24.100000381469727,16.536317825317383,0.0
2014-11-26,24.399999618530273,16.74216651916504,0.0
2014-11-27,24.25,16.63924217224121,0.0
2014-11-28,24.200000762939453,16.60493278503418,0.0
2014-12-01,23.549999237060547,16.158933639526367,0.0
2014-12-02,23.850000381469727,16.36478042602539,0.0
2014-12-03,23.649999618530273,16.227548599243164,0.0
2014-12-04,24.100000381469727,16.536317825317383,0.0
2014-12-05,24.200000762939453,16.60493278503418,0.0
2014-12-08,24.25,16.63924217224121,0.0
2014-12-09,23.700000762939453,16.261857986450195,0.0
2014-12-10,23.75,16.29616928100586,0.0
2014-12-11,23.600000381469727,16.1932430267334,0.0
2014-12-12,23.5,16.1246280670166,0.0
2014-12-15,23.299999237060547,15.987398147583008,0.0
2014-12-16,22.899999618530273,15.712934494018555,0.0
2014-12-17,22.850000381469727,15.678622245788574,0.0
2014-12-18,23.049999237060547,15.815851211547852,0.0
2014-12-19,23.399999618530273,16.056007385253906,0.0
2014-12-22,23.700000762939453,16.261857986450195,0.0
2014-12-23,23.600000381469727,16.1932430267334,0.0
2014-12-24,23.649999618530273,16.227548599243164,0.0
2014-12-29,24.0,16.46770668029785,0.0
2014-12-30,23.649999618530273,16.227548599243164,0.0
2014-12-31,23.899999618530273,16.399085998535156,0.0
2015-01-02,24.049999237060547,16.502010345458984,0.0
2015-01-05,23.950000762939453,16.433391571044922,0.0
2015-01-06,23.649999618530273,16.227548599243164,0.0
2015-01-07,23.899999618530273,16.399085998535156,0.0
2015-01-08,24.100000381469727,16.536317825317383,0.0
2015-01-09,24.200000762939453,16.60493278503418,0.0
2015-01-12,24.299999237060547,16.673551559448242,0.0
2015-01-13,24.5,16.8107852935791,0.0
2015-01-14,24.350000381469727,16.707857131958008,0.0
2015-01-15,24.600000381469727,16.879398345947266,0.0
2015-01-16,24.350000381469727,16.707857131958008,0.0
2015-01-19,23.950000762939453,16.433391571044922,0.0
2015-01-20,24.200000762939453,16.60493278503418,0.0
2015-01-21,24.600000381469727,16.879398345947266,0.0
2015-01-22,24.799999237060547,17.016626358032227,0.0
2015-01-23,25.049999237060547,17.188167572021484,0.0
2015-01-26,25.149999618530273,17.25678253173828,0.0
2015-01-27,25.049999237060547,17.188167572021484,0.0
2015-01-28,25.100000381469727,17.222471237182617,0.0
2015-01-29,24.850000381469727,17.050933837890625,0.0
2015-01-30,24.75,16.98232078552246,0.0
2015-02-02,24.700000762939453,16.94801902770996,0.0
2015-02-03,24.75,16.98232078552246,0.0
2015-02-04,24.899999618530273,17.08523941040039,0.0
2015-02-05,25.049999237060547,17.188167572021484,0.0
2015-02-06,24.950000762939453,17.119552612304688,0.0
2015-02-09,24.75,16.98232078552246,0.0
2015-02-10,24.799999237060547,17.016626358032227,0.0
2015-02-11,24.549999237060547,16.84508514404297,0.0
2015-02-12,24.700000762939453,16.94801902770996,0.0
2015-02-13,24.950000762939453,17.119552612304688,0.0
2015-02-16,25.0,17.153858184814453,0.0
2015-02-17,25.100000381469727,17.222471237182617,0.0
2015-02-18,25.049999237060547,17.188167572021484,0.0
2015-02-23,25.100000381469727,17.222471237182617,0.0
2015-02-24,25.0,17.153858184814453,0.0
2015-02-25,25.0,17.153858184814453,0.0
2015-02-26,25.200000762939453,17.291091918945312,0.0
2015-02-27,25.100000381469727,17.222471237182617,0.0
2015-03-02,25.100000381469727,17.222471237182617,0.0
2015-03-03,24.950000762939453,17.119552612304688,0.0
2015-03-04,24.649999618530273,16.9137020111084,0.0
2015-03-05,24.450000762939453,16.776470184326172,0.0
2015-03-06,24.5,16.8107852935791,0.0
2015-03-09,24.450000762939453,16.776470184326172,0.0
2015-03-10,24.25,16.63924217224121,0.0
2015-03-11,24.049999237060547,16.502010345458984,0.0
2015-03-12,24.149999618530273,16.57062530517578,0.0
2015-03-13,24.149999618530273,16.57062530517578,0.0
2015-03-16,24.299999237060547,16.673551559448242,0.0
2015-03-17,24.299999237060547,16.673551559448242,0.0
2015-03-18,24.5,16.8107852935791,0.0
2015-03-19,24.799999237060547,17.016626358032227,0.0
2015-03-20,24.75,16.98232078552246,0.0
2015-03-23,24.850000381469727,17.050933837890625,0.0
2015-03-24,24.75,16.98232078552246,0.0
2015-03-25,24.950000762939453,17.119552612304688,0.0
2015-03-26,24.899999618530273,17.08523941040039,0.0
2015-03-27,24.850000381469727,17.050933837890625,0.0
2015-03-30,25.25,17.325397491455078,0.0
2015-03-31,25.299999237060547,17.35970115661621,0.0
2015-04-01,25.450000762939453,17.46262550354004,0.0
2015-04-02,25.649999618530273,17.5998592376709,0.0
2015-04-08,26.600000381469727,18.251707077026367,0.0
2015-04-09,27.299999237060547,18.73201560974121,0.0
2015-04-10,27.649999618530273,18.972166061401367,0.0
2015-04-13,28.450000762939453,19.521093368530273,0.0
2015-04-14,28.0,19.21232032775879,0.0
2015-04-15,28.049999237060547,19.246627807617188,0.0
2015-04-16,28.149999618530273,19.315242767333984,0.0
2015-04-17,28.100000381469727,19.280933380126953,0.0
2015-04-20,27.5,18.869243621826172,0.0
2015-04-21,28.299999237060547,19.418163299560547,0.0
2015-04-22,28.350000381469727,19.452472686767578,0.0
2015-04-23,28.200000762939453,19.34955596923828,0.0
2015-04-24,28.450000762939453,19.521093368530273,0.0
2015-04-27,28.899999618530273,19.829858779907227,0.0
2015-04-28,28.899999618530273,19.829858779907227,0.0
2015-04-29,28.649999618530273,19.78152847290039,0.18
2015-04-30,28.350000381469727,19.574392318725586,0.0
2015-05-04,28.399999618530273,19.608915328979492,0.0
2015-05-05,28.0,19.332733154296875,0.0
2015-05-06,27.899999618530273,19.263689041137695,0.0
2015-05-07,27.5,18.987503051757812,0.0
2015-05-08,27.799999237060547,19.194644927978516,0.0
2015-05-11,27.950000762939453,19.298206329345703,0.0
2015-05-12,27.649999618530273,19.091075897216797,0.0
2015-05-13,27.5,18.987503051757812,0.0
2015-05-14,27.549999237060547,19.022029876708984,0.0
2015-05-15,28.049999237060547,19.36725616455078,0.0
2015-05-18,27.799999237060547,19.194644927978516,0.0
2015-05-19,27.950000762939453,19.298206329345703,0.0
2015-05-20,27.850000381469727,19.229164123535156,0.0
2015-05-21,27.799999237060547,19.194644927978516,0.0
2015-05-22,28.299999237060547,19.53986930847168,0.0
2015-05-26,28.649999618530273,19.78152847290039,0.0
2015-05-27,28.399999618530273,19.608915328979492,0.0
2015-05-28,28.5,19.67795753479004,0.0
2015-05-29,27.799999237060547,19.194644927978516,0.0
2015-06-01,28.0,19.332733154296875,0.0
2015-06-02,27.850000381469727,19.229164123535156,0.0
2015-06-03,28.0,19.332733154296875,0.0
2015-06-04,27.950000762939453,19.298206329345703,0.0
2015-06-05,27.600000381469727,19.056554794311523,0.0
2015-06-08,27.700000762939453,19.125600814819336,0.0
2015-06-09,27.399999618530273,18.918458938598633,0.0
2015-06-10,27.049999237060547,18.676795959472656,0.0
2015-06-11,27.350000381469727,18.883935928344727,0.0
2015-06-12,27.700000762939453,19.125600814819336,0.0
2015-06-15,27.200000762939453,18.780366897583008,0.0
2015-06-16,26.950000762939453,18.607755661010742,0.0
2015-06-17,27.100000381469727,18.711318969726562,0.0
2015-06-18,27.100000381469727,18.711318969726562,0.0
2015-06-19,27.200000762939453,18.780366897583008,0.0
2015-06-22,27.549999237060547,19.022029876708984,0.0
2015-06-23,27.799999237060547,19.194644927978516,0.0
2015-06-24,27.899999618530273,19.263689041137695,0.0
2015-06-25,27.75,19.160118103027344,0.0
2015-06-26,27.25,18.814889907836914,0.0
2015-06-29,26.600000381469727,18.366098403930664,0.0
2015-06-30,26.850000381469727,18.53870964050293,0.0
2015-07-02,26.899999618530273,18.573226928710938,0.0
2015-07-03,26.649999618530273,18.400617599487305,0.0
2015-07-06,25.850000381469727,17.84825325012207,0.0
2015-07-07,25.549999237060547,17.6411190032959,0.0
2015-07-08,24.100000381469727,16.63995933532715,0.0
2015-07-09,25.0,17.261371612548828,0.0
2015-07-10,25.5,17.606597900390625,0.0
2015-07-13,25.850000381469727,17.84825325012207,0.0
2015-07-14,25.700000762939453,17.74468421936035,0.0
2015-07-15,25.649999618530273,17.710163116455078,0.0
2015-07-16,25.75,17.779207229614258,0.0
2015-07-17,26.049999237060547,17.986345291137695,0.0
2015-07-20,26.0,17.951824188232422,0.0
2015-07-21,26.149999618530273,18.055395126342773,0.0
2015-07-22,25.899999618530273,17.882774353027344,0.0
2015-07-23,26.0,17.951824188232422,0.0
2015-07-24,25.700000762939453,17.74468421936035,0.0
2015-07-27,24.950000762939453,17.226848602294922,0.0
2015-07-28,25.149999618530273,17.36493492126465,0.0
2015-07-29,25.25,17.43398666381836,0.0
2015-07-30,25.100000381469727,17.330413818359375,0.0
2015-07-31,25.200000762939453,17.399457931518555,0.0
2015-08-03,25.0,17.261371612548828,0.0
2015-08-04,25.0,17.261371612548828,0.0
2015-08-05,25.100000381469727,17.330413818359375,0.0
2015-08-06,25.0,17.261371612548828,0.0
2015-08-07,25.100000381469727,17.330413818359375,0.0
2015-08-10,25.049999237060547,17.295888900756836,0.0
2015-08-11,25.100000381469727,17.330413818359375,0.0
2015-08-12,24.5,16.916141510009766,0.0
2015-08-13,24.649999618530273,17.01970672607422,0.0
2015-08-14,24.649999618530273,17.01970672607422,0.0
2015-08-17,24.5,16.916141510009766,0.0
2015-08-18,24.100000381469727,16.63995933532715,0.0
2015-08-19,23.799999237060547,16.432823181152344,0.0
2015-08-20,23.450000762939453,16.191165924072266,0.0
2015-08-21,23.100000381469727,15.949502944946289,0.0
2015-08-24,21.899999618530273,15.120959281921387,0.0
2015-08-25,22.100000381469727,15.259052276611328,0.0
2015-08-26,21.700000762939453,14.982866287231445,0.0
2015-08-27,22.549999237060547,15.569753646850586,0.0
2015-08-28,22.399999618530273,15.466190338134766,0.0
2015-08-31,22.350000381469727,15.431662559509277,0.0
2015-09-01,21.799999237060547,15.051913261413574,0.0
2015-09-02,21.600000381469727,14.913820266723633,0.0
2015-09-04,21.5,14.844775199890137,0.0
2015-09-07,21.299999237060547,14.706686973571777,0.0
2015-09-08,22.0,15.190003395080566,0.0
2015-09-09,22.850000381469727,15.776890754699707,0.0
2015-09-10,22.299999237060547,15.397138595581055,0.0
2015-09-11,22.25,15.362619400024414,0.0
2015-09-14,22.350000381469727,15.431662559509277,0.0
2015-09-15,22.149999618530273,15.293569564819336,0.0
2015-09-16,22.700000762939453,15.673324584960938,0.0
2015-09-17,22.549999237060547,15.569753646850586,0.0
2015-09-18,22.75,15.707846641540527,0.0
2015-09-21,22.5,15.535229682922363,0.0
2015-09-22,22.549999237060547,15.569753646850586,0.0
2015-09-23,22.100000381469727,15.259052276611328,0.0
2015-09-24,21.899999618530273,15.120959281921387,0.0
2015-09-25,22.0,15.190003395080566,0.0
2015-09-29,21.299999237060547,14.706686973571777,0.0
2015-09-30,21.600000381469727,14.913820266723633,0.0
2015-10-02,22.299999237060547,15.397138595581055,0.0
2015-10-05,22.649999618530273,15.638798713684082,0.0
2015-10-06,22.600000381469727,15.604275703430176,0.0
2015-10-07,23.299999237060547,16.087594985961914,0.0
2015-10-08,23.149999618530273,15.98401927947998,0.0
2015-10-09,23.200000762939453,16.018552780151367,0.0
2015-10-12,23.549999237060547,16.260208129882812,0.0
2015-10-13,23.399999618530273,16.15664291381836,0.0
2015-10-14,23.200000762939453,16.018552780151367,0.0
2015-10-15,23.700000762939453,16.363779067993164,0.0
2015-10-16,23.850000381469727,16.467348098754883,0.0
2015-10-19,23.850000381469727,16.467348098754883,0.0
2015-10-20,23.75,16.398298263549805,0.0
2015-10-22,23.649999618530273,16.329254150390625,0.0
2015-10-23,24.0,16.57091522216797,0.0
2015-10-26,23.899999618530273,16.501867294311523,0.0
2015-10-27,23.950000762939453,16.536392211914062,0.0
2015-10-28,23.75,16.398298263549805,0.0
2015-10-29,22.950000762939453,16.277725219726562,0.63
2015-10-30,22.850000381469727,16.206796646118164,0.0
2015-11-02,22.549999237060547,15.99401569366455,0.0
2015-11-03,22.799999237060547,16.171337127685547,0.0
2015-11-04,23.25,16.490507125854492,0.0
2015-11-05,23.200000762939453,16.455041885375977,0.0
2015-11-06,23.049999237060547,16.348648071289062,0.0
2015-11-09,22.850000381469727,16.206796646118164,0.0
2015-11-10,22.600000381469727,16.029481887817383,0.0
2015-11-11,22.549999237060547,15.99401569366455,0.0
2015-11-12,23.149999618530273,16.41957664489746,0.0
2015-11-13,22.600000381469727,16.029481887817383,0.0
2015-11-16,22.200000762939453,15.745773315429688,0.0
2015-11-17,22.5,15.9585542678833,0.0
2015-11-18,22.399999618530273,15.887630462646484,0.0
2015-11-19,22.700000762939453,16.100412368774414,0.0
2015-11-20,22.950000762939453,16.277725219726562,0.0
2015-11-23,22.899999618530273,16.242259979248047,0.0
2015-11-24,22.799999237060547,16.171337127685547,0.0
2015-11-25,22.75,16.13587188720703,0.0
2015-11-26,22.75,16.13587188720703,0.0
2015-11-27,22.299999237060547,15.81670093536377,0.0
2015-11-30,22.200000762939453,15.745773315429688,0.0
2015-12-01,22.600000381469727,16.029481887817383,0.0
2015-12-02,22.700000762939453,16.100412368774414,0.0
2015-12-03,22.600000381469727,16.029481887817383,0.0
2015-12-04,22.450000762939453,15.923089981079102,0.0
2015-12-07,22.5,15.9585542678833,0.0
2015-12-08,22.100000381469727,15.674849510192871,0.0
2015-12-09,22.0,15.603921890258789,0.0
2015-12-10,21.899999618530273,15.532990455627441,0.0
2015-12-11,21.700000762939453,15.39113998413086,0.0
2015-12-14,21.549999237060547,15.284745216369629,0.0
2015-12-15,21.5,15.249284744262695,0.0
2015-12-16,21.950000762939453,15.568458557128906,0.0
2015-12-17,22.100000381469727,15.674849510192871,0.0
2015-12-18,22.0,15.603921890258789,0.0
2015-12-21,22.0,15.603921890258789,0.0
2015-12-22,22.0,15.603921890258789,0.0
2015-12-23,22.200000762939453,15.745773315429688,0.0
2015-12-24,22.299999237060547,15.81670093536377,0.0
2015-12-28,22.100000381469727,15.674849510192871,0.0
2015-12-29,22.200000762939453,15.745773315429688,0.0
2015-12-30,22.149999618530273,15.710306167602539,0.0
2015-12-31,22.100000381469727,15.674849510192871,0.0
2016-01-04,21.450000762939453,15.21381950378418,0.0
2016-01-05,21.399999618530273,15.17835807800293,0.0
2016-01-06,21.149999618530273,15.0010404586792,0.0
2016-01-07,20.549999237060547,14.575477600097656,0.0
2016-01-08,20.700000762939453,14.681868553161621,0.0
2016-01-11,20.100000381469727,14.256306648254395,0.0
2016-01-12,19.899999618530273,14.114456176757812,0.0
2016-01-13,20.200000762939453,14.327232360839844,0.0
2016-01-14,20.049999237060547,14.220845222473145,0.0
2016-01-15,19.700000762939453,13.972600936889648,0.0
2016-01-18,19.459999084472656,13.802374839782715,0.0
2016-01-19,19.84000015258789,14.071897506713867,0.0
2016-01-20,19.059999465942383,13.51866626739502,0.0
2016-01-21,18.760000228881836,13.305888175964355,0.0
2016-01-22,19.31999969482422,13.703076362609863,0.0
2016-01-25,19.540000915527344,13.859119415283203,0.0
2016-01-26,19.020000457763672,13.490294456481934,0.0
2016-01-27,19.219999313354492,13.632152557373047,0.0
2016-01-28,19.399999618530273,13.759817123413086,0.0
2016-01-29,19.84000015258789,14.071897506713867,0.0
2016-02-01,19.739999771118164,14.000969886779785,0.0
2016-02-02,19.6200008392334,13.915857315063477,0.0
2016-02-03,19.200000762939453,13.617964744567871,0.0
2016-02-04,19.3799991607666,13.745634078979492,0.0
2016-02-05,19.479999542236328,13.816560745239258,0.0
2016-02-11,18.700000762939453,13.263331413269043,0.0
2016-02-12,18.520000457763672,13.135663986206055,0.0
2016-02-15,19.1200008392334,13.561224937438965,0.0
2016-02-16,19.299999237060547,13.688896179199219,0.0
2016-02-17,19.100000381469727,13.547037124633789,0.0
2016-02-18,19.559999465942383,13.873302459716797,0.0
2016-02-19,19.440000534057617,13.788192749023438,0.0
2016-02-22,19.65999984741211,13.944230079650879,0.0
2016-02-23,19.6200008392334,13.915857315063477,0.0
2016-02-24,19.360000610351562,13.731449127197266,0.0
2016-02-25,19.079999923706055,13.532854080200195,0.0
2016-02-26,19.579999923706055,13.887487411499023,0.0
2016-02-29,19.299999237060547,13.688896179199219,0.0
2016-03-01,19.559999465942383,13.873302459716797,0.0
2016-03-02,20.200000762939453,14.327232360839844,0.0
2016-03-03,20.149999618530273,14.291770935058594,0.0
2016-03-04,20.399999618530273,14.46908950805664,0.0
2016-03-07,20.450000762939453,14.50455379486084,0.0
2016-03-08,20.299999237060547,14.398161888122559,0.0
2016-03-09,20.299999237060547,14.398161888122559,0.0
2016-03-10,20.299999237060547,14.398161888122559,0.0
2016-03-11,20.5,14.540016174316406,0.0
2016-03-14,20.700000762939453,14.681868553161621,0.0
2016-03-15,20.600000381469727,14.610941886901855,0.0
2016-03-16,20.549999237060547,14.575477600097656,0.0
2016-03-17,20.75,14.717331886291504,0.0
2016-03-18,20.950000762939453,14.859187126159668,0.0
2016-03-21,20.899999618530273,14.823721885681152,0.0
2016-03-22,20.899999618530273,14.823721885681152,0.0
2016-03-23,20.899999618530273,14.823721885681152,0.0
2016-03-24,20.600000381469727,14.610941886901855,0.0
2016-03-29,20.600000381469727,14.610941886901855,0.0
2016-03-30,21.149999618530273,15.0010404586792,0.0
2016-03-31,21.049999237060547,14.930115699768066,0.0
2016-04-01,20.75,14.717331886291504,0.0
2016-04-05,20.399999618530273,14.46908950805664,0.0
2016-04-06,20.5,14.540016174316406,0.0
2016-04-07,20.549999237060547,14.575477600097656,0.0
2016-04-08,20.649999618530273,14.646404266357422,0.0
2016-04-11,20.799999237060547,14.75279712677002,0.0
2016-04-12,20.799999237060547,14.75279712677002,0.0
2016-04-13,21.5,15.249284744262695,0.0
2016-04-14,21.700000762939453,15.39113998413086,0.0
2016-04-15,21.600000381469727,15.320213317871094,0.0
2016-04-18,21.450000762939453,15.21381950378418,0.0
2016-04-19,21.75,15.42660140991211,0.0
2016-04-20,21.5,15.249284744262695,0.0
2016-04-21,21.950000762939453,15.568458557128906,0.0
2016-04-22,21.799999237060547,15.46206283569336,0.0
2016-04-25,21.549999237060547,15.284745216369629,0.0
2016-04-26,21.700000762939453,15.39113998413086,0.0
2016-04-27,21.649999618530273,15.355673789978027,0.0
2016-04-28,21.5,15.36281967163086,0.16
2016-04-29,21.149999618530273,15.112728118896484,0.0
2016-05-03,20.75,14.82690715789795,0.0
2016-05-04,20.700000762939453,14.791181564331055,0.0
2016-05-05,20.549999237060547,14.683998107910156,0.0
2016-05-06,20.200000762939453,14.433902740478516,0.0
2016-05-09,20.299999237060547,14.505359649658203,0.0
2016-05-10,20.450000762939453,14.612543106079102,0.0
2016-05-11,20.200000762939453,14.433902740478516,0.0
2016-05-12,20.049999237060547,14.326723098754883,0.0
2016-05-13,19.8799991607666,14.20524787902832,0.0
2016-05-16,20.049999237060547,14.326723098754883,0.0
2016-05-17,20.299999237060547,14.505359649658203,0.0
2016-05-18,19.959999084472656,14.262413024902344,0.0
2016-05-19,19.8799991607666,14.20524787902832,0.0
2016-05-20,20.149999618530273,14.398176193237305,0.0
2016-05-23,20.0,14.290995597839355,0.0
2016-05-24,20.100000381469727,14.362449645996094,0.0
2016-05-25,20.600000381469727,14.719725608825684,0.0
2016-05-26,20.649999618530273,14.755455017089844,0.0
2016-05-27,20.799999237060547,14.86263656616211,0.0
2016-05-30,20.850000381469727,14.898364067077637,0.0
2016-05-31,21.100000381469727,15.077003479003906,0.0
2016-06-01,21.0,15.005545616149902,0.0
2016-06-02,21.149999618530273,15.112728118896484,0.0
2016-06-03,21.25,15.184185028076172,0.0
2016-06-06,21.350000381469727,15.255638122558594,0.0
2016-06-07,21.600000381469727,15.434276580810547,0.0
2016-06-08,21.649999618530273,15.469998359680176,0.0
2016-06-10,21.399999618530273,15.291367530822754,0.0
2016-06-13,20.899999618530273,14.934090614318848,0.0
2016-06-14,20.799999237060547,14.86263656616211,0.0
2016-06-15,20.799999237060547,14.86263656616211,0.0
2016-06-16,20.450000762939453,14.612543106079102,0.0
2016-06-17,20.600000381469727,14.719725608825684,0.0
2016-06-20,20.850000381469727,14.898364067077637,0.0
2016-06-21,21.049999237060547,15.041275024414062,0.0
2016-06-22,21.299999237060547,15.2199068069458,0.0
2016-06-23,21.350000381469727,15.255638122558594,0.0
2016-06-24,20.75,14.82690715789795,0.0
2016-06-27,20.700000762939453,14.791181564331055,0.0
2016-06-28,20.700000762939453,14.791181564331055,0.0
2016-06-29,21.0,15.005545616149902,0.0
2016-06-30,21.350000381469727,15.255638122558594,0.0
2016-07-04,21.649999618530273,15.469998359680176,0.0
2016-07-05,21.299999237060547,15.2199068069458,0.0
2016-07-06,21.049999237060547,15.041275024414062,0.0
2016-07-07,21.25,15.184185028076172,0.0
2016-07-08,21.149999618530273,15.112728118896484,0.0
2016-07-11,21.399999618530273,15.291367530822754,0.0
2016-07-12,21.799999237060547,15.57718563079834,0.0
2016-07-13,21.899999618530273,15.648637771606445,0.0
2016-07-14,22.149999618530273,15.827277183532715,0.0
2016-07-15,22.299999237060547,15.934457778930664,0.0
2016-07-18,22.350000381469727,15.97018814086914,0.0
2016-07-19,22.200000762939453,15.863006591796875,0.0
2016-07-20,22.5,16.077369689941406,0.0
2016-07-21,22.549999237060547,16.11309814453125,0.0
2016-07-22,22.5,16.077369689941406,0.0
2016-07-25,22.549999237060547,16.11309814453125,0.0
2016-07-26,22.75,16.256006240844727,0.0
2016-07-27,22.649999618530273,16.184551239013672,0.0
2016-07-28,22.75,16.256006240844727,0.0
2016-07-29,22.450000762939453,16.041643142700195,0.0
2016-08-01,22.75,16.256006240844727,0.0
2016-08-02,22.75,16.256006240844727,0.0
2016-08-03,22.299999237060547,15.934457778930664,0.0
2016-08-04,22.399999618530273,16.005916595458984,0.0
2016-08-05,22.75,16.256006240844727,0.0
2016-08-08,23.049999237060547,16.470369338989258,0.0
2016-08-09,23.049999237060547,16.470369338989258,0.0
2016-08-10,23.049999237060547,16.470369338989258,0.0
2016-08-11,23.149999618530273,16.541824340820312,0.0
2016-08-12,23.350000381469727,16.684738159179688,0.0
2016-08-15,23.600000381469727,16.863372802734375,0.0
2016-08-16,23.5,16.79192352294922,0.0
2016-08-17,23.399999618530273,16.72046661376953,0.0
2016-08-18,23.700000762939453,16.934831619262695,0.0
2016-08-19,23.549999237060547,16.827648162841797,0.0
2016-08-22,23.649999618530273,16.89910125732422,0.0
2016-08-23,23.649999618530273,16.89910125732422,0.0
2016-08-24,23.450000762939453,16.756193161010742,0.0
2016-08-25,23.450000762939453,16.756193161010742,0.0
2016-08-26,23.600000381469727,16.863372802734375,0.0
2016-08-29,23.5,16.79192352294922,0.0
2016-08-30,23.649999618530273,16.89910125732422,0.0
2016-08-31,23.649999618530273,16.89910125732422,0.0
2016-09-01,23.899999618530273,17.077735900878906,0.0
2016-09-02,23.899999618530273,17.077735900878906,0.0
2016-09-05,24.299999237060547,17.36355972290039,0.0
2016-09-06,24.450000762939453,17.47074317932129,0.0
2016-09-07,24.450000762939453,17.47074317932129,0.0
2016-09-08,24.549999237060547,17.542198181152344,0.0
2016-09-09,24.850000381469727,17.756563186645508,0.0
2016-09-12,24.049999237060547,17.18492317199707,0.0
2016-09-13,24.0,17.149194717407227,0.0
2016-09-14,23.950000762939453,17.113466262817383,0.0
2016-09-15,24.100000381469727,17.220651626586914,0.0
2016-09-19,24.25,17.327831268310547,0.0
2016-09-20,24.299999237060547,17.36355972290039,0.0
2016-09-21,24.350000381469727,17.39928436279297,0.0
2016-09-22,24.5,17.5064697265625,0.0
2016-09-23,24.350000381469727,17.39928436279297,0.0
2016-09-26,24.100000381469727,17.220651626586914,0.0
2016-09-27,24.299999237060547,17.36355972290039,0.0
2016-09-28,24.350000381469727,17.39928436279297,0.0
2016-09-29,24.5,17.5064697265625,0.0
2016-09-30,24.0,17.149194717407227,0.0
2016-10-03,24.299999237060547,17.36355972290039,0.0
2016-10-04,24.399999618530273,17.435016632080078,0.0
2016-10-05,24.5,17.5064697265625,0.0
2016-10-06,24.700000762939453,17.649383544921875,0.0
2016-10-07,24.600000381469727,17.577926635742188,0.0
2016-10-11,24.25,17.327831268310547,0.0
2016-10-12,24.149999618530273,17.256380081176758,0.0
2016-10-13,23.799999237060547,17.00628662109375,0.0
2016-10-14,24.0,17.149194717407227,0.0
2016-10-17,23.799999237060547,17.00628662109375,0.0
2016-10-18,24.149999618530273,17.256380081176758,0.0
2016-10-19,24.049999237060547,17.18492317199707,0.0
2016-10-20,24.149999618530273,17.256380081176758,0.0
2016-10-21,24.149999618530273,17.256380081176758,0.0
2016-10-24,24.399999618530273,17.435016632080078,0.0
2016-10-25,24.350000381469727,17.39928436279297,0.0
2016-10-26,24.100000381469727,17.220651626586914,0.0
2016-10-27,23.899999618530273,17.077735900878906,0.0
2016-10-28,23.75,16.970558166503906,0.0
2016-10-31,23.100000381469727,16.948543548583984,0.62
2016-11-01,23.299999237060547,17.095287322998047,0.0
2016-11-02,23.0,16.87517738342285,0.0
2016-11-03,22.899999618530273,16.80180549621582,0.0
2016-11-04,22.850000381469727,16.765117645263672,0.0
2016-11-07,23.0,16.87517738342285,0.0
2016-11-08,23.049999237060547,16.911861419677734,0.0
2016-11-09,22.600000381469727,16.58169937133789,0.0
2016-11-10,23.049999237060547,16.911861419677734,0.0
2016-11-11,22.700000762939453,16.65506935119629,0.0
2016-11-14,22.399999618530273,16.43495750427246,0.0
2016-11-15,22.5,16.508325576782227,0.0
2016-11-16,22.5,16.508325576782227,0.0
2016-11-17,22.399999618530273,16.43495750427246,0.0
2016-11-18,22.450000762939453,16.471641540527344,0.0
2016-11-21,22.549999237060547,16.54500961303711,0.0
2016-11-22,22.899999618530273,16.80180549621582,0.0
2016-11-23,22.899999618530273,16.80180549621582,0.0
2016-11-24,22.75,16.69175148010254,0.0
2016-11-25,22.899999618530273,16.80180549621582,0.0
2016-11-28,23.0,16.87517738342285,0.0
2016-11-29,22.899999618530273,16.80180549621582,0.0
2016-11-30,23.0,16.87517738342285,0.0
2016-12-01,23.100000381469727,16.948543548583984,0.0
2016-12-02,22.75,16.69175148010254,0.0
2016-12-05,22.700000762939453,16.65506935119629,0.0
2016-12-06,22.850000381469727,16.765117645263672,0.0
2016-12-07,23.0,16.87517738342285,0.0
2016-12-08,23.0,16.87517738342285,0.0
2016-12-09,22.950000762939453,16.83848762512207,0.0
2016-12-12,22.549999237060547,16.54500961303711,0.0
2016-12-13,22.600000381469727,16.58169937133789,0.0
2016-12-14,22.649999618530273,16.618377685546875,0.0
2016-12-15,22.200000762939453,16.288217544555664,0.0
2016-12-16,22.200000762939453,16.288217544555664,0.0
2016-12-19,22.0,16.141475677490234,0.0
2016-12-20,21.899999618530273,16.068103790283203,0.0
2016-12-21,22.0,16.141475677490234,0.0
2016-12-22,21.850000381469727,16.031415939331055,0.0
2016-12-23,21.75,15.958046913146973,0.0
2016-12-28,21.850000381469727,16.031415939331055,0.0
2016-12-29,21.950000762939453,16.10479164123535,0.0
2016-12-30,22.100000381469727,16.21484375,0.0
2017-01-03,22.299999237060547,16.361583709716797,0.0
2017-01-04,22.299999237060547,16.361583709716797,0.0
2017-01-05,22.600000381469727,16.58169937133789,0.0
2017-01-06,22.649999618530273,16.618377685546875,0.0
2017-01-09,22.75,16.69175148010254,0.0
2017-01-10,22.850000381469727,16.765117645263672,0.0
2017-01-11,23.100000381469727,16.948543548583984,0.0
2017-01-12,23.049999237060547,16.911861419677734,0.0
2017-01-13,23.100000381469727,16.948543548583984,0.0
2017-01-16,22.899999618530273,16.80180549621582,0.0
2017-01-17,23.049999237060547,16.911861419677734,0.0
2017-01-18,23.25,17.05860137939453,0.0
2017-01-19,23.25,17.05860137939453,0.0
2017-01-20,23.100000381469727,16.948543548583984,0.0
2017-01-23,23.049999237060547,16.911861419677734,0.0
2017-01-24,23.100000381469727,16.948543548583984,0.0
2017-01-25,23.200000762939453,17.021915435791016,0.0
2017-01-26,23.549999237060547,17.27871322631836,0.0
2017-01-27,23.549999237060547,17.27871322631836,0.0
2017-02-01,23.5,17.242029190063477,0.0
2017-02-02,23.350000381469727,17.131975173950195,0.0
2017-02-03,23.25,17.05860137939453,0.0
2017-02-06,23.5,17.242029190063477,0.0
2017-02-07,23.5,17.242029190063477,0.0
2017-02-08,23.700000762939453,17.388771057128906,0.0
2017-02-09,23.700000762939453,17.388771057128906,0.0
2017-02-10,23.799999237060547,17.462139129638672,0.0
2017-02-13,23.850000381469727,17.498828887939453,0.0
2017-02-14,23.899999618530273,17.53550910949707,0.0
2017-02-15,24.149999618530273,17.718936920166016,0.0
2017-02-16,24.299999237060547,17.828990936279297,0.0
2017-02-17,24.25,17.79230308532715,0.0
2017-02-20,24.350000381469727,17.86567497253418,0.0
2017-02-21,24.200000762939453,17.755619049072266,0.0
2017-02-22,24.350000381469727,17.86567497253418,0.0
2017-02-23,24.350000381469727,17.86567497253418,0.0
2017-02-24,24.299999237060547,17.828990936279297,0.0
2017-02-27,24.25,17.79230308532715,0.0
2017-02-28,24.049999237060547,17.645566940307617,0.0
2017-03-01,24.049999237060547,17.645566940307617,0.0
2017-03-02,23.950000762939453,17.572195053100586,0.0
2017-03-03,23.850000381469727,17.498828887939453,0.0
2017-03-06,23.850000381469727,17.498828887939453,0.0
2017-03-07,23.950000762939453,17.572195053100586,0.0
2017-03-08,24.0,17.608882904052734,0.0
2017-03-09,23.799999237060547,17.462139129638672,0.0
2017-03-10,23.850000381469727,17.498828887939453,0.0
2017-03-13,24.100000381469727,17.682249069213867,0.0
2017-03-14,24.100000381469727,17.682249069213867,0.0
2017-03-15,24.100000381469727,17.682249069213867,0.0
2017-03-16,24.549999237060547,18.01241683959961,0.0
2017-03-17,24.600000381469727,18.049104690551758,0.0
2017-03-20,24.75,18.159156799316406,0.0
2017-03-21,24.850000381469727,18.232526779174805,0.0
2017-03-22,24.600000381469727,18.049104690551758,0.0
2017-03-23,24.600000381469727,18.049104690551758,0.0
2017-03-24,24.700000762939453,18.12247657775879,0.0
2017-03-27,24.5,17.975732803344727,0.0
2017-03-28,24.649999618530273,18.085786819458008,0.0
2017-03-29,24.649999618530273,18.085786819458008,0.0
2017-03-30,24.600000381469727,18.049104690551758,0.0
2017-03-31,24.450000762939453,17.939044952392578,0.0
2017-04-03,24.5,17.975732803344727,0.0
2017-04-05,24.649999618530273,18.085786819458008,0.0
2017-04-06,24.549999237060547,18.01241683959961,0.0
2017-04-07,24.549999237060547,18.01241683959961,0.0
2017-04-10,24.549999237060547,18.01241683959961,0.0
2017-04-11,24.399999618530273,17.902360916137695,0.0
2017-04-12,24.600000381469727,18.049104690551758,0.0
2017-04-13,24.549999237060547,18.01241683959961,0.0
2017-04-18,24.149999618530273,17.718936920166016,0.0
2017-04-19,24.149999618530273,17.718936920166016,0.0
2017-04-20,24.350000381469727,17.86567497253418,0.0
2017-04-21,24.299999237060547,17.828990936279297,0.0
2017-04-24,24.450000762939453,17.939044952392578,0.0
2017-04-25,24.75,18.159156799316406,0.0
2017-04-26,24.850000381469727,18.232526779174805,0.0
2017-04-27,24.850000381469727,18.343250274658203,0.15
2017-04-28,24.799999237060547,18.306344985961914,0.0
2017-05-02,24.799999237060547,18.306344985961914,0.0
2017-05-04,24.899999618530273,18.380157470703125,0.0
2017-05-05,24.649999618530273,18.19561767578125,0.0
2017-05-08,24.75,18.269433975219727,0.0
2017-05-09,25.049999237060547,18.49087905883789,0.0
2017-05-10,25.149999618530273,18.564697265625,0.0
2017-05-11,25.299999237060547,18.67542266845703,0.0
2017-05-12,25.350000381469727,18.712329864501953,0.0
2017-05-15,25.600000381469727,18.89687156677246,0.0
2017-05-16,25.600000381469727,18.89687156677246,0.0
2017-05-17,25.600000381469727,18.89687156677246,0.0
2017-05-18,25.399999618530273,18.749237060546875,0.0
2017-05-19,25.450000762939453,18.786151885986328,0.0
2017-05-22,25.649999618530273,18.93377685546875,0.0
2017-05-23,25.700000762939453,18.970684051513672,0.0
2017-05-24,25.649999618530273,18.93377685546875,0.0
2017-05-25,25.850000381469727,19.081409454345703,0.0
2017-05-26,25.899999618530273,19.118316650390625,0.0
2017-05-29,26.0,19.192134857177734,0.0
2017-05-31,26.0,19.192134857177734,0.0
2017-06-01,26.0,19.192134857177734,0.0
2017-06-02,26.25,19.376676559448242,0.0
2017-06-05,26.200000762939453,19.339765548706055,0.0
2017-06-06,26.299999237060547,19.41358184814453,0.0
2017-06-07,26.299999237060547,19.41358184814453,0.0
2017-06-08,26.399999618530273,19.487398147583008,0.0
2017-06-09,26.399999618530273,19.487398147583008,0.0
2017-06-12,26.149999618530273,19.302854537963867,0.0
2017-06-13,26.25,19.376676559448242,0.0
2017-06-14,26.25,19.376676559448242,0.0
2017-06-15,25.950000762939453,19.155227661132812,0.0
2017-06-16,26.0,19.192134857177734,0.0
2017-06-19,26.299999237060547,19.41358184814453,0.0
2017-06-20,26.200000762939453,19.339765548706055,0.0
2017-06-21,26.049999237060547,19.229042053222656,0.0
2017-06-22,26.149999618530273,19.302854537963867,0.0
2017-06-23,26.200000762939453,19.339765548706055,0.0
2017-06-26,26.299999237060547,19.41358184814453,0.0
2017-06-27,26.25,19.376676559448242,0.0
2017-06-28,26.200000762939453,19.339765548706055,0.0
2017-06-29,26.350000381469727,19.45049285888672,0.0
2017-06-30,26.25,19.376676559448242,0.0
2017-07-03,26.25,19.376676559448242,0.0
2017-07-04,26.0,19.192134857177734,0.0
2017-07-05,26.100000381469727,19.26595115661621,0.0
2017-07-06,26.149999618530273,19.302854537963867,0.0
2017-07-07,26.0,19.192134857177734,0.0
2017-07-10,26.149999618530273,19.302854537963867,0.0
2017-07-11,26.549999237060547,19.598121643066406,0.0
2017-07-12,26.700000762939453,19.708850860595703,0.0
2017-07-13,27.0,19.9302921295166,0.0
2017-07-14,27.049999237060547,19.967201232910156,0.0
2017-07-17,27.149999618530273,20.041019439697266,0.0
2017-07-18,27.149999618530273,20.041019439697266,0.0
2017-07-19,27.299999237060547,20.151742935180664,0.0
2017-07-20,27.350000381469727,20.188648223876953,0.0
2017-07-21,27.399999618530273,20.225553512573242,0.0
2017-07-24,27.549999237060547,20.336280822753906,0.0
2017-07-25,27.5,20.299373626708984,0.0
2017-07-26,27.600000381469727,20.373191833496094,0.0
2017-07-27,27.799999237060547,20.52082061767578,0.0
2017-07-28,27.649999618530273,20.410097122192383,0.0
2017-07-31,27.899999618530273,20.594636917114258,0.0
2017-08-01,28.200000762939453,20.816083908081055,0.0
2017-08-02,28.25,20.85299301147461,0.0
2017-08-03,28.25,20.85299301147461,0.0
2017-08-04,28.25,20.85299301147461,0.0
2017-08-07,28.350000381469727,20.926807403564453,0.0
2017-08-08,28.549999237060547,21.07444190979004,0.0
2017-08-09,28.450000762939453,21.000625610351562,0.0
2017-08-10,28.149999618530273,20.779176712036133,0.0
2017-08-11,27.649999618530273,20.410097122192383,0.0
2017-08-14,27.899999618530273,20.594636917114258,0.0
2017-08-15,27.850000381469727,20.55773162841797,0.0
2017-08-16,28.100000381469727,20.74226951599121,0.0
2017-08-17,28.049999237060547,20.705360412597656,0.0
2017-08-18,27.75,20.48391342163086,0.0
2017-08-21,27.899999618530273,20.594636917114258,0.0
2017-08-22,28.149999618530273,20.779176712036133,0.0
2017-08-23,28.149999618530273,20.779176712036133,0.0
2017-08-24,28.200000762939453,20.816083908081055,0.0
2017-08-25,28.549999237060547,21.07444190979004,0.0
2017-08-28,28.649999618530273,21.148258209228516,0.0
2017-08-29,28.5,21.03753089904785,0.0
2017-08-30,28.850000381469727,21.295886993408203,0.0
2017-08-31,28.75,21.222070693969727,0.0
2017-09-01,28.75,21.222070693969727,0.0
2017-09-04,28.600000381469727,21.111347198486328,0.0
2017-09-05,28.600000381469727,21.111347198486328,0.0
2017-09-06,28.450000762939453,21.000625610351562,0.0
2017-09-07,28.399999618530273,20.963716506958008,0.0
2017-09-08,28.549999237060547,21.07444190979004,0.0
2017-09-11,28.850000381469727,21.295886993408203,0.0
2017-09-12,28.850000381469727,21.295886993408203,0.0
2017-09-13,28.75,21.222070693969727,0.0
2017-09-14,28.700000762939453,21.18516731262207,0.0
2017-09-15,28.700000762939453,21.18516731262207,0.0
2017-09-18,29.0,21.4066104888916,0.0
2017-09-19,28.950000762939453,21.369707107543945,0.0
2017-09-20,29.0,21.4066104888916,0.0
2017-09-21,29.0,21.4066104888916,0.0
2017-09-22,28.75,21.222070693969727,0.0
2017-09-25,28.450000762939453,21.000625610351562,0.0
2017-09-26,28.5,21.03753089904785,0.0
2017-09-27,28.600000381469727,21.111347198486328,0.0
2017-09-28,28.299999237060547,20.88990020751953,0.0
2017-09-29,28.399999618530273,20.963716506958008,0.0
2017-10-03,29.049999237060547,21.443523406982422,0.0
2017-10-04,29.25,21.591150283813477,0.0
2017-10-06,29.350000381469727,21.66497039794922,0.0
2017-10-09,29.25,21.591150283813477,0.0
2017-10-10,29.399999618530273,21.701875686645508,0.0
2017-10-11,29.25,21.591150283813477,0.0
2017-10-12,29.399999618530273,21.701875686645508,0.0
2017-10-13,29.399999618530273,21.701875686645508,0.0
2017-10-16,29.600000381469727,21.849506378173828,0.0
2017-10-17,29.649999618530273,21.886411666870117,0.0
2017-10-18,29.649999618530273,21.886411666870117,0.0
2017-10-19,29.149999618530273,21.517337799072266,0.0
2017-10-20,29.450000762939453,21.738780975341797,0.0
2017-10-23,29.25,21.591150283813477,0.0
2017-10-24,29.149999618530273,21.517337799072266,0.0
2017-10-25,29.25,21.591150283813477,0.0
2017-10-26,29.149999618530273,21.517337799072266,0.0
2017-10-27,29.350000381469727,21.66497039794922,0.0
2017-10-30,29.299999237060547,21.628061294555664,0.0
2017-10-31,28.450000762939453,21.574974060058594,0.78
2017-11-01,28.75,21.802480697631836,0.0
2017-11-02,28.649999618530273,21.726646423339844,0.0
2017-11-03,28.799999237060547,21.84039306640625,0.0
2017-11-06,28.799999237060547,21.84039306640625,0.0
2017-11-07,29.200000762939453,22.143739700317383,0.0
2017-11-08,29.149999618530273,22.105819702148438,0.0
2017-11-09,29.299999237060547,22.219573974609375,0.0
2017-11-10,29.350000381469727,22.257488250732422,0.0
2017-11-13,29.399999618530273,22.2954044342041,0.0
2017-11-14,29.399999618530273,22.2954044342041,0.0
2017-11-15,29.100000381469727,22.067901611328125,0.0
2017-11-16,29.200000762939453,22.143739700317383,0.0
2017-11-17,29.350000381469727,22.257488250732422,0.0
2017-11-20,29.350000381469727,22.257488250732422,0.0
2017-11-21,29.950000762939453,22.712493896484375,0.0
2017-11-22,30.25,22.939998626708984,0.0
2017-11-23,29.899999618530273,22.674577713012695,0.0
2017-11-24,30.049999237060547,22.788330078125,0.0
2017-11-27,29.899999618530273,22.674577713012695,0.0
2017-11-28,29.850000381469727,22.636659622192383,0.0
2017-11-29,29.850000381469727,22.636659622192383,0.0
2017-11-30,29.450000762939453,22.333322525024414,0.0
2017-12-01,29.299999237060547,22.219573974609375,0.0
2017-12-04,29.350000381469727,22.257488250732422,0.0
2017-12-05,29.049999237060547,22.029985427856445,0.0
2017-12-06,28.399999618530273,21.537059783935547,0.0
2017-12-07,28.5,21.61289405822754,0.0
2017-12-08,28.850000381469727,21.87831687927246,0.0
2017-12-11,29.149999618530273,22.105819702148438,0.0
2017-12-12,29.0,21.9920654296875,0.0
2017-12-13,29.450000762939453,22.333322525024414,0.0
2017-12-14,29.299999237060547,22.219573974609375,0.0
2017-12-15,29.049999237060547,22.029985427856445,0.0
2017-12-18,29.25,22.181652069091797,0.0
2017-12-19,29.399999618530273,22.2954044342041,0.0
2017-12-20,29.450000762939453,22.333322525024414,0.0
2017-12-21,29.549999237060547,22.40915870666504,0.0
2017-12-22,29.700000762939453,22.52290916442871,0.0
2017-12-27,29.799999237060547,22.59874153137207,0.0
2017-12-28,30.049999237060547,22.788330078125,0.0
2017-12-29,30.049999237060547,22.788330078125,0.0
2018-01-02,30.649999618530273,23.24333953857422,0.0
2018-01-03,30.700000762939453,23.2812557220459,0.0
2018-01-04,30.899999618530273,23.432924270629883,0.0
2018-01-05,30.950000762939453,23.470844268798828,0.0
2018-01-08,31.049999237060547,23.546676635742188,0.0
2018-01-09,31.200000762939453,23.66042709350586,0.0
2018-01-10,31.25,23.698348999023438,0.0
2018-01-11,31.25,23.698348999023438,0.0
2018-01-12,31.5,23.8879337310791,0.0
2018-01-15,31.549999237060547,23.92584800720215,0.0
2018-01-16,32.04999923706055,24.305023193359375,0.0
2018-01-17,32.099998474121094,24.342939376831055,0.0
2018-01-18,32.29999923706055,24.494609832763672,0.0
2018-01-19,32.400001525878906,24.570444107055664,0.0
2018-01-22,32.5,24.64628028869629,0.0
2018-01-23,33.099998474121094,25.101287841796875,0.0
2018-01-24,33.150001525878906,25.139205932617188,0.0
2018-01-25,32.900001525878906,24.949621200561523,0.0
2018-01-26,33.349998474121094,25.29087257385254,0.0
2018-01-29,33.150001525878906,25.139205932617188,0.0
2018-01-30,32.849998474121094,24.911697387695312,0.0
2018-01-31,33.099998474121094,25.101287841796875,0.0
2018-02-01,32.849998474121094,24.911697387695312,0.0
2018-02-02,32.79999923706055,24.8737850189209,0.0
2018-02-05,32.400001525878906,24.570444107055664,0.0
2018-02-06,30.850000381469727,23.395004272460938,0.0
2018-02-07,30.450000762939453,23.091670989990234,0.0
2018-02-08,30.600000381469727,23.205421447753906,0.0
2018-02-09,29.649999618530273,22.484989166259766,0.0
2018-02-12,29.649999618530273,22.484989166259766,0.0
2018-02-13,30.100000381469727,22.82624626159668,0.0
2018-02-14,30.700000762939453,23.2812557220459,0.0
2018-02-15,31.25,23.698348999023438,0.0
2018-02-20,31.049999237060547,23.546676635742188,0.0
2018-02-21,31.649999618530273,24.001686096191406,0.0
2018-02-22,31.200000762939453,23.66042709350586,0.0
2018-02-23,31.5,23.8879337310791,0.0
2018-02-26,31.799999237060547,24.115436553955078,0.0
2018-02-27,31.549999237060547,23.92584800720215,0.0
2018-02-28,31.100000381469727,23.584592819213867,0.0
2018-03-01,31.299999237060547,23.736268997192383,0.0
2018-03-02,30.899999618530273,23.432924270629883,0.0
2018-03-05,30.200000762939453,22.90208625793457,0.0
2018-03-06,30.799999237060547,23.35708999633789,0.0
2018-03-07,30.5,23.129587173461914,0.0
2018-03-08,31.0,23.50876235961914,0.0
2018-03-09,31.299999237060547,23.736268997192383,0.0
2018-03-12,31.850000381469727,24.15335464477539,0.0
2018-03-13,31.899999618530273,24.191268920898438,0.0
2018-03-14,31.799999237060547,24.115436553955078,0.0
2018-03-15,31.850000381469727,24.15335464477539,0.0
2018-03-16,31.799999237060547,24.115436553955078,0.0
2018-03-19,31.850000381469727,24.15335464477539,0.0
2018-03-20,31.899999618530273,24.191268920898438,0.0
2018-03-21,31.700000762939453,24.039602279663086,0.0
2018-03-22,31.399999618530273,23.812101364135742,0.0
2018-03-23,30.549999237060547,23.167503356933594,0.0
2018-03-26,30.899999618530273,23.432924270629883,0.0
2018-03-27,31.100000381469727,23.584592819213867,0.0
2018-03-28,30.350000381469727,23.01583480834961,0.0
2018-03-29,30.399999618530273,23.053749084472656,0.0
2018-04-03,30.549999237060547,23.167503356933594,0.0
2018-04-04,29.75,22.56082534790039,0.0
2018-04-06,30.100000381469727,22.82624626159668,0.0
2018-04-09,30.600000381469727,23.205421447753906,0.0
2018-04-10,31.049999237060547,23.546676635742188,0.0
2018-04-11,31.25,23.698348999023438,0.0
2018-04-12,31.200000762939453,23.66042709350586,0.0
2018-04-13,31.149999618530273,23.622512817382812,0.0
2018-04-16,30.600000381469727,23.205421447753906,0.0
2018-04-17,30.350000381469727,23.01583480834961,0.0
2018-04-18,30.649999618530273,23.24333953857422,0.0
2018-04-19,31.100000381469727,23.584592819213867,0.0
2018-04-20,30.700000762939453,23.2812557220459,0.0
2018-04-23,30.549999237060547,23.167503356933594,0.0
2018-04-24,30.950000762939453,23.470844268798828,0.0
2018-04-25,30.649999618530273,23.24333953857422,0.0
2018-04-26,30.350000381469727,23.01583480834961,0.0
2018-04-27,30.399999618530273,23.175933837890625,0.16
2018-04-30,31.049999237060547,23.671466827392578,0.0
2018-05-02,30.850000381469727,23.51899528503418,0.0
2018-05-03,30.450000762939453,23.214052200317383,0.0
2018-05-04,30.100000381469727,22.947223663330078,0.0
2018-05-07,30.200000762939453,23.023460388183594,0.0
2018-05-08,30.649999618530273,23.366525650024414,0.0
2018-05-09,30.75,23.44276237487793,0.0
2018-05-10,31.0,23.633352279663086,0.0
2018-05-11,31.299999237060547,23.862062454223633,0.0
2018-05-14,31.75,24.205127716064453,0.0
2018-05-15,31.450000762939453,23.976415634155273,0.0
2018-05-16,31.350000381469727,23.90018081665039,0.0
2018-05-17,31.25,23.823942184448242,0.0
2018-05-18,31.350000381469727,23.90018081665039,0.0
2018-05-21,31.600000381469727,24.09077262878418,0.0
2018-05-23,31.0,23.633352279663086,0.0
2018-05-24,31.100000381469727,23.7095890045166,0.0
2018-05-25,31.049999237060547,23.671466827392578,0.0
2018-05-28,31.200000762939453,23.785825729370117,0.0
2018-05-29,30.899999618530273,23.55711555480957,0.0
2018-05-30,30.399999618530273,23.175933837890625,0.0
2018-05-31,30.950000762939453,23.595233917236328,0.0
2018-06-01,30.950000762939453,23.595233917236328,0.0
2018-06-04,31.399999618530273,23.93829917907715,0.0
2018-06-05,31.5,24.01453399658203,0.0
2018-06-06,31.700000762939453,24.167009353637695,0.0
2018-06-07,31.950000762939453,24.35759925842285,0.0
2018-06-08,31.350000381469727,23.90018081665039,0.0
2018-06-11,31.549999237060547,24.05265235900879,0.0
2018-06-12,31.600000381469727,24.09077262878418,0.0
2018-06-13,31.200000762939453,23.785825729370117,0.0
2018-06-14,30.950000762939453,23.595233917236328,0.0
2018-06-15,30.75,23.44276237487793,0.0
2018-06-19,30.0,22.87098503112793,0.0
2018-06-20,30.25,23.061580657958984,0.0
2018-06-21,29.75,22.68039321899414,0.0
2018-06-22,29.850000381469727,22.756629943847656,0.0
2018-06-25,29.5,22.48980140686035,0.0
2018-06-26,29.399999618530273,22.41356658935547,0.0
2018-06-27,28.850000381469727,21.99427032470703,0.0
2018-06-28,29.0,22.108623504638672,0.0
2018-06-29,29.450000762939453,22.451684951782227,0.0
2018-07-03,29.100000381469727,22.18485450744629,0.0
2018-07-04,28.75,21.918031692504883,0.0
2018-07-05,28.799999237060547,21.956140518188477,0.0
2018-07-06,28.899999618530273,22.03238296508789,0.0
2018-07-09,29.450000762939453,22.451684951782227,0.0
2018-07-10,29.399999618530273,22.41356658935547,0.0
2018-07-11,29.0,22.108623504638672,0.0
2018-07-12,29.200000762939453,22.261093139648438,0.0
2018-07-13,29.25,22.299211502075195,0.0
2018-07-16,29.25,22.299211502075195,0.0
2018-07-17,28.950000762939453,22.070499420166016,0.0
2018-07-18,28.799999237060547,21.956140518188477,0.0
2018-07-19,28.700000762939453,21.879907608032227,0.0
2018-07-20,28.950000762939453,22.070499420166016,0.0
2018-07-23,29.0,22.108623504638672,0.0
2018-07-24,29.399999618530273,22.41356658935547,0.0
2018-07-25,29.700000762939453,22.64227867126465,0.0
2018-07-26,29.450000762939453,22.451684951782227,0.0
2018-07-27,29.450000762939453,22.451684951782227,0.0
2018-07-30,29.399999618530273,22.41356658935547,0.0
2018-07-31,29.299999237060547,22.33732795715332,0.0
2018-08-01,29.0,22.108623504638672,0.0
2018-08-02,28.399999618530273,21.651199340820312,0.0
2018-08-03,28.350000381469727,21.613080978393555,0.0
2018-08-06,28.549999237060547,21.76555061340332,0.0
2018-08-07,28.950000762939453,22.070499420166016,0.0
2018-08-08,29.049999237060547,22.146738052368164,0.0
2018-08-09,29.299999237060547,22.33732795715332,0.0
2018-08-10,29.0,22.108623504638672,0.0
2018-08-13,28.649999618530273,21.841794967651367,0.0
2018-08-14,28.5,21.727436065673828,0.0
2018-08-15,28.0,21.34625244140625,0.0
2018-08-16,27.899999618530273,21.270015716552734,0.0
2018-08-17,27.950000762939453,21.308134078979492,0.0
2018-08-20,28.350000381469727,21.613080978393555,0.0
2018-08-21,28.5,21.727436065673828,0.0
2018-08-22,28.649999618530273,21.841794967651367,0.0
2018-08-23,28.450000762939453,21.689319610595703,0.0
2018-08-24,28.399999618530273,21.651199340820312,0.0
2018-08-27,29.049999237060547,22.146738052368164,0.0
2018-08-28,29.149999618530273,22.22297477722168,0.0
2018-08-29,29.200000762939453,22.261093139648438,0.0
2018-08-30,28.950000762939453,22.070499420166016,0.0
2018-08-31,28.649999618530273,21.841794967651367,0.0
2018-09-03,28.549999237060547,21.76555061340332,0.0
2018-09-04,28.850000381469727,21.99427032470703,0.0
2018-09-05,28.049999237060547,21.384370803833008,0.0
2018-09-06,27.899999618530273,21.270015716552734,0.0
2018-09-07,27.799999237060547,21.19378089904785,0.0
2018-09-10,27.549999237060547,21.003189086914062,0.0
2018-09-11,27.299999237060547,20.812597274780273,0.0
2018-09-12,27.299999237060547,20.812597274780273,0.0
2018-09-13,27.899999618530273,21.270015716552734,0.0
2018-09-14,28.149999618530273,21.460609436035156,0.0
2018-09-17,27.799999237060547,21.19378089904785,0.0
2018-09-18,27.950000762939453,21.308134078979492,0.0
2018-09-19,28.25,21.536842346191406,0.0
2018-09-20,28.350000381469727,21.613080978393555,0.0
2018-09-21,28.850000381469727,21.99427032470703,0.0
2018-09-24,28.350000381469727,21.613080978393555,0.0
2018-09-26,28.700000762939453,21.879907608032227,0.0
2018-09-27,28.600000381469727,21.803672790527344,0.0
2018-09-28,28.649999618530273,21.841794967651367,0.0
2018-10-02,28.0,21.34625244140625,0.0
2018-10-03,27.950000762939453,21.308134078979492,0.0
2018-10-04,27.549999237060547,21.003189086914062,0.0
2018-10-05,27.5,20.965072631835938,0.0
2018-10-08,27.149999618530273,20.698244094848633,0.0
2018-10-09,27.100000381469727,20.66012191772461,0.0
2018-10-10,27.149999618530273,20.698244094848633,0.0
2018-10-11,26.149999618530273,19.93587303161621,0.0
2018-10-12,26.700000762939453,20.355178833007812,0.0
2018-10-15,26.350000381469727,20.088350296020508,0.0
2018-10-16,26.399999618530273,20.12646484375,0.0
2018-10-18,26.350000381469727,20.088350296020508,0.0
2018-10-19,26.5,20.202701568603516,0.0
2018-10-22,27.100000381469727,20.66012191772461,0.0
2018-10-23,26.299999237060547,20.050230026245117,0.0
2018-10-24,26.25,20.012113571166992,0.0
2018-10-25,26.0,19.821521759033203,0.0
2018-10-26,25.649999618530273,19.554691314697266,0.0
2018-10-29,25.799999237060547,19.669044494628906,0.0
2018-10-30,25.600000381469727,19.516572952270508,0.0
2018-10-31,25.049999237060547,19.705364227294922,0.79
2018-11-01,25.5,20.059354782104492,0.0
2018-11-02,26.600000381469727,20.92466163635254,0.0
2018-11-05,26.049999237060547,20.492008209228516,0.0
2018-11-06,26.25,20.649337768554688,0.0
2018-11-07,26.299999237060547,20.688669204711914,0.0
2018-11-08,26.399999618530273,20.767332077026367,0.0
2018-11-09,25.75,20.256019592285156,0.0
2018-11-12,25.799999237060547,20.295347213745117,0.0
2018-11-13,26.0,20.45267677307129,0.0
2018-11-14,25.850000381469727,20.334680557250977,0.0
2018-11-15,26.299999237060547,20.688669204711914,0.0
2018-11-16,26.299999237060547,20.688669204711914,0.0
2018-11-19,26.450000762939453,20.806669235229492,0.0
2018-11-20,26.049999237060547,20.492008209228516,0.0
2018-11-21,26.149999618530273,20.57067108154297,0.0
2018-11-22,26.200000762939453,20.61000633239746,0.0
2018-11-23,26.149999618530273,20.57067108154297,0.0
2018-11-26,26.549999237060547,20.885330200195312,0.0
2018-11-27,26.450000762939453,20.806669235229492,0.0
2018-11-28,26.799999237060547,21.081989288330078,0.0
2018-11-29,26.649999618530273,20.963991165161133,0.0
2018-11-30,26.700000762939453,21.003328323364258,0.0
2018-12-03,27.399999618530273,21.553974151611328,0.0
2018-12-04,27.450000762939453,21.593311309814453,0.0
2018-12-05,27.0,21.23931884765625,0.0
2018-12-06,26.350000381469727,20.728004455566406,0.0
2018-12-07,26.200000762939453,20.61000633239746,0.0
2018-12-10,26.0,20.45267677307129,0.0
2018-12-11,25.950000762939453,20.413347244262695,0.0
2018-12-12,26.5,20.845996856689453,0.0
2018-12-13,26.799999237060547,21.081989288330078,0.0
2018-12-14,26.299999237060547,20.688669204711914,0.0
2018-12-17,26.350000381469727,20.728004455566406,0.0
2018-12-18,26.0,20.45267677307129,0.0
2018-12-19,26.049999237060547,20.492008209228516,0.0
2018-12-20,25.850000381469727,20.334680557250977,0.0
2018-12-21,25.950000762939453,20.413347244262695,0.0
2018-12-24,25.950000762939453,20.413347244262695,0.0
2018-12-27,25.600000381469727,20.138017654418945,0.0
2018-12-28,25.649999618530273,20.177352905273438,0.0
2018-12-31,26.049999237060547,20.492008209228516,0.0
2019-01-02,25.25,19.86269760131836,0.0
2019-01-03,25.25,19.86269760131836,0.0
2019-01-04,25.799999237060547,20.295347213745117,0.0
2019-01-07,26.049999237060547,20.492008209228516,0.0
2019-01-08,26.0,20.45267677307129,0.0
2019-01-09,26.649999618530273,20.963991165161133,0.0
2019-01-10,26.75,21.04265594482422,0.0
2019-01-11,26.799999237060547,21.081989288330078,0.0
2019-01-14,26.450000762939453,20.806669235229492,0.0
2019-01-15,27.0,21.23931884765625,0.0
2019-01-16,27.100000381469727,21.317983627319336,0.0
2019-01-17,27.0,21.23931884765625,0.0
2019-01-18,27.25,21.435977935791016,0.0
2019-01-21,27.350000381469727,21.51464080810547,0.0
2019-01-22,27.149999618530273,21.357315063476562,0.0
2019-01-23,27.200000762939453,21.396644592285156,0.0
2019-01-24,27.299999237060547,21.475311279296875,0.0
2019-01-25,27.799999237060547,21.86863136291504,0.0
2019-01-28,27.75,21.829299926757812,0.0
2019-01-29,27.700000762939453,21.789966583251953,0.0
2019-01-30,27.799999237060547,21.86863136291504,0.0
2019-01-31,28.149999618530273,22.143957138061523,0.0
2019-02-01,28.100000381469727,22.104623794555664,0.0
2019-02-04,28.149999618530273,22.143957138061523,0.0
2019-02-08,28.149999618530273,22.143957138061523,0.0
2019-02-11,28.350000381469727,22.30128288269043,0.0
2019-02-12,28.399999618530273,22.340618133544922,0.0
2019-02-13,28.700000762939453,22.576608657836914,0.0
2019-02-14,28.649999618530273,22.537282943725586,0.0
2019-02-15,28.100000381469727,22.104623794555664,0.0
2019-02-18,28.600000381469727,22.497943878173828,0.0
2019-02-19,28.5,22.419279098510742,0.0
2019-02-20,28.75,22.61594581604004,0.0
2019-02-21,28.899999618530273,22.733936309814453,0.0
2019-02-22,29.100000381469727,22.891265869140625,0.0
2019-02-25,29.25,23.00926399230957,0.0
2019-02-26,29.049999237060547,22.851932525634766,0.0
2019-02-27,29.049999237060547,22.851932525634766,0.0
2019-02-28,28.899999618530273,22.733936309814453,0.0
2019-03-01,29.100000381469727,22.891265869140625,0.0
2019-03-04,29.200000762939453,22.96993064880371,0.0
2019-03-05,29.25,23.00926399230957,0.0
2019-03-06,29.299999237060547,23.048595428466797,0.0
2019-03-07,29.0,22.812602996826172,0.0
2019-03-08,28.5,22.419279098510742,0.0
2019-03-11,28.799999237060547,22.655269622802734,0.0
2019-03-12,29.299999237060547,23.048595428466797,0.0
2019-03-13,29.100000381469727,22.891265869140625,0.0
2019-03-14,29.200000762939453,22.96993064880371,0.0
2019-03-15,29.399999618530273,23.12725830078125,0.0
2019-03-18,29.700000762939453,23.363250732421875,0.0
2019-03-19,29.799999237060547,23.44191551208496,0.0
2019-03-20,29.649999618530273,23.323917388916016,0.0
2019-03-21,29.399999618530273,23.12725830078125,0.0
2019-03-22,29.399999618530273,23.12725830078125,0.0
2019-03-25,28.850000381469727,22.694608688354492,0.0
2019-03-26,28.850000381469727,22.694608688354492,0.0
2019-03-27,29.100000381469727,22.891265869140625,0.0
2019-03-28,29.049999237060547,22.851932525634766,0.0
2019-03-29,29.399999618530273,23.12725830078125,0.0
2019-04-01,29.899999618530273,23.520580291748047,0.0
2019-04-02,29.950000762939453,23.55990982055664,0.0
2019-04-03,30.25,23.79590606689453,0.0
2019-04-04,30.299999237060547,23.835233688354492,0.0
2019-04-08,30.399999618530273,23.913902282714844,0.0
2019-04-09,30.5,23.992563247680664,0.0
2019-04-10,30.450000762939453,23.95323371887207,0.0
2019-04-11,30.149999618530273,23.717239379882812,0.0
2019-04-12,30.200000762939453,23.756574630737305,0.0
2019-04-15,30.100000381469727,23.677906036376953,0.0
2019-04-16,30.450000762939453,23.95323371887207,0.0
2019-04-17,30.450000762939453,23.95323371887207,0.0
2019-04-18,30.25,23.79590606689453,0.0
2019-04-23,30.25,23.79590606689453,0.0
2019-04-24,30.100000381469727,23.677906036376953,0.0
2019-04-25,29.899999618530273,23.520580291748047,0.0
2019-04-26,29.899999618530273,23.520580291748047,0.0
2019-04-29,30.100000381469727,23.797292709350586,0.15
2019-04-30,29.850000381469727,23.599639892578125,0.0
2019-05-02,30.100000381469727,23.797292709350586,0.0
2019-05-03,30.25,23.915882110595703,0.0
2019-05-06,29.399999618530273,23.243871688842773,0.0
2019-05-07,29.5,23.322927474975586,0.0
2019-05-08,29.149999618530273,23.04621124267578,0.0
2019-05-09,28.5,22.532320022583008,0.0
2019-05-10,28.700000762939453,22.690439224243164,0.0
2019-05-14,28.299999237060547,22.374197006225586,0.0
2019-05-15,28.399999618530273,22.453258514404297,0.0
2019-05-16,28.450000762939453,22.49279022216797,0.0
2019-05-17,28.200000762939453,22.295135498046875,0.0
2019-05-20,28.049999237060547,22.176546096801758,0.0
2019-05-21,28.0,22.13701820373535,0.0
2019-05-22,27.950000762939453,22.097484588623047,0.0
2019-05-23,27.649999618530273,21.860301971435547,0.0
2019-05-24,27.75,21.939361572265625,0.0
2019-05-27,27.649999618530273,21.860301971435547,0.0
2019-05-28,27.75,21.939361572265625,0.0
2019-05-29,27.649999618530273,21.860301971435547,0.0
2019-05-30,27.549999237060547,21.781240463256836,0.0
2019-05-31,27.350000381469727,21.623123168945312,0.0
2019-06-03,27.299999237060547,21.58359146118164,0.0
2019-06-04,27.200000762939453,21.504533767700195,0.0
2019-06-05,27.399999618530273,21.66265106201172,0.0
2019-06-06,27.399999618530273,21.66265106201172,0.0
2019-06-10,28.049999237060547,22.176546096801758,0.0
2019-06-11,28.25,22.33466911315918,0.0
2019-06-12,27.799999237060547,21.978893280029297,0.0
2019-06-13,27.799999237060547,21.978893280029297,0.0
2019-06-14,27.600000381469727,21.820770263671875,0.0
2019-06-17,27.75,21.939361572265625,0.0
2019-06-18,27.950000762939453,22.097484588623047,0.0
2019-06-19,28.649999618530273,22.650911331176758,0.0
2019-06-20,29.100000381469727,23.00668716430664,0.0
2019-06-21,29.0,22.927623748779297,0.0
2019-06-24,29.0,22.927623748779297,0.0
2019-06-25,28.700000762939453,22.690439224243164,0.0
2019-06-26,28.75,22.72997283935547,0.0
2019-06-27,29.200000762939453,23.08574676513672,0.0
2019-06-28,29.100000381469727,23.00668716430664,0.0
2019-07-02,29.600000381469727,23.401987075805664,0.0
2019-07-03,29.549999237060547,23.36246109008789,0.0
2019-07-04,29.549999237060547,23.36246109008789,0.0
2019-07-05,29.5,23.322927474975586,0.0
2019-07-08,29.0,22.927623748779297,0.0
2019-07-09,28.799999237060547,22.769502639770508,0.0
2019-07-10,28.899999618530273,22.84856414794922,0.0
2019-07-11,29.100000381469727,23.00668716430664,0.0
2019-07-12,29.200000762939453,23.08574676513672,0.0
2019-07-15,29.25,23.125274658203125,0.0
2019-07-16,29.299999237060547,23.164804458618164,0.0
2019-07-17,29.299999237060547,23.164804458618164,0.0
2019-07-18,29.149999618530273,23.04621124267578,0.0
2019-07-19,29.450000762939453,23.28339958190918,0.0
2019-07-22,29.0,22.927623748779297,0.0
2019-07-23,29.149999618530273,23.04621124267578,0.0
2019-07-24,29.200000762939453,23.08574676513672,0.0
2019-07-25,29.299999237060547,23.164804458618164,0.0
2019-07-26,29.049999237060547,22.967153549194336,0.0
2019-07-29,28.799999237060547,22.769502639770508,0.0
2019-07-30,28.850000381469727,22.809036254882812,0.0
2019-07-31,28.5,22.532320022583008,0.0
2019-08-01,28.299999237060547,22.374197006225586,0.0
2019-08-02,27.600000381469727,21.820770263671875,0.0
2019-08-05,26.850000381469727,21.227815628051758,0.0
2019-08-06,26.75,21.148757934570312,0.0
2019-08-07,26.75,21.148757934570312,0.0
2019-08-08,26.850000381469727,21.227815628051758,0.0
2019-08-09,26.649999618530273,21.0696964263916,0.0
2019-08-12,26.5,20.951107025146484,0.0
2019-08-13,26.0,20.55579948425293,0.0
2019-08-14,25.950000762939453,20.516271591186523,0.0
2019-08-15,26.200000762939453,20.71392250061035,0.0
2019-08-16,26.5,20.951107025146484,0.0
2019-08-19,26.950000762939453,21.30687713623047,0.0
2019-08-20,27.0,21.346405029296875,0.0
2019-08-21,27.0,21.346405029296875,0.0
2019-08-22,26.799999237060547,21.18828582763672,0.0
2019-08-23,26.899999618530273,21.267345428466797,0.0
2019-08-26,26.450000762939453,20.911575317382812,0.0
2019-08-27,26.399999618530273,20.872041702270508,0.0
2019-08-28,26.350000381469727,20.832509994506836,0.0
2019-08-29,26.450000762939453,20.911575317382812,0.0
2019-08-30,26.5,20.951107025146484,0.0
2019-09-02,26.399999618530273,20.872041702270508,0.0
2019-09-03,26.299999237060547,20.792980194091797,0.0
2019-09-04,27.299999237060547,21.58359146118164,0.0
2019-09-05,27.399999618530273,21.66265106201172,0.0
2019-09-06,27.450000762939453,21.702184677124023,0.0
2019-09-09,27.549999237060547,21.781240463256836,0.0
2019-09-10,27.549999237060547,21.781240463256836,0.0
2019-09-11,27.950000762939453,22.097484588623047,0.0
2019-09-12,27.950000762939453,22.097484588623047,0.0
2019-09-13,28.200000762939453,22.295135498046875,0.0
2019-09-16,27.950000762939453,22.097484588623047,0.0
2019-09-17,27.649999618530273,21.860301971435547,0.0
2019-09-18,27.649999618530273,21.860301971435547,0.0
2019-09-19,27.350000381469727,21.623123168945312,0.0
2019-09-20,27.350000381469727,21.623123168945312,0.0
2019-09-23,27.100000381469727,21.42547035217285,0.0
2019-09-24,27.200000762939453,21.504533767700195,0.0
2019-09-25,26.850000381469727,21.227815628051758,0.0
2019-09-26,26.899999618530273,21.267345428466797,0.0
2019-09-27,26.850000381469727,21.227815628051758,0.0
2019-09-30,26.950000762939453,21.30687713623047,0.0
2019-10-02,26.899999618530273,21.267345428466797,0.0
2019-10-03,27.0,21.346405029296875,0.0
2019-10-04,26.700000762939453,21.109228134155273,0.0
2019-10-08,26.799999237060547,21.18828582763672,0.0
2019-10-09,26.600000381469727,21.03016471862793,0.0
2019-10-10,26.600000381469727,21.03016471862793,0.0
2019-10-11,27.299999237060547,21.58359146118164,0.0
2019-10-14,27.450000762939453,21.702184677124023,0.0
2019-10-15,27.399999618530273,21.66265106201172,0.0
2019-10-16,27.549999237060547,21.781240463256836,0.0
2019-10-17,27.799999237060547,21.978893280029297,0.0
2019-10-18,27.649999618530273,21.860301971435547,0.0
2019-10-21,27.600000381469727,21.820770263671875,0.0
2019-10-22,27.700000762939453,21.899831771850586,0.0
2019-10-23,27.5,21.741714477539062,0.0
2019-10-24,27.649999618530273,21.860301971435547,0.0
2019-10-25,27.649999618530273,21.860301971435547,0.0
2019-10-28,27.799999237060547,21.978893280029297,0.0
2019-10-29,27.75,21.939361572265625,0.0
2019-10-30,27.600000381469727,21.820770263671875,0.0
2019-10-31,27.049999237060547,22.00790023803711,0.78
2019-11-01,27.299999237060547,22.2113037109375,0.0
2019-11-04,27.75,22.577417373657227,0.0
2019-11-05,27.850000381469727,22.658782958984375,0.0
2019-11-06,27.850000381469727,22.658782958984375,0.0
2019-11-07,28.0,22.78082275390625,0.0
2019-11-08,27.799999237060547,22.618101119995117,0.0
2019-11-11,27.100000381469727,22.048582077026367,0.0
2019-11-12,27.200000762939453,22.129941940307617,0.0
2019-11-13,26.700000762939453,21.7231388092041,0.0
2019-11-14,26.549999237060547,21.601099014282227,0.0
2019-11-15,26.5,21.5604190826416,0.0
2019-11-18,26.799999237060547,21.80449867248535,0.0
2019-11-19,27.25,22.170621871948242,0.0
2019-11-20,27.049999237060547,22.00790023803711,0.0
2019-11-21,26.600000381469727,21.641780853271484,0.0
2019-11-22,26.75,21.763818740844727,0.0
2019-11-25,27.149999618530273,22.08926010131836,0.0
2019-11-26,27.100000381469727,22.048582077026367,0.0
2019-11-27,27.149999618530273,22.08926010131836,0.0
2019-11-28,27.049999237060547,22.00790023803711,0.0
2019-11-29,26.5,21.5604190826416,0.0
2019-12-02,26.649999618530273,21.68246078491211,0.0
2019-12-03,26.549999237060547,21.601099014282227,0.0
2019-12-04,26.25,21.357019424438477,0.0
2019-12-05,26.450000762939453,21.519739151000977,0.0
2019-12-06,26.649999618530273,21.68246078491211,0.0
2019-12-09,26.700000762939453,21.7231388092041,0.0
2019-12-10,26.600000381469727,21.641780853271484,0.0
2019-12-11,26.799999237060547,21.80449867248535,0.0
2019-12-12,27.200000762939453,22.129941940307617,0.0
2019-12-13,27.850000381469727,22.658782958984375,0.0
2019-12-16,27.700000762939453,22.5367431640625,0.0
2019-12-17,28.0,22.78082275390625,0.0
2019-12-18,28.049999237060547,22.821502685546875,0.0
2019-12-19,28.0,22.78082275390625,0.0
2019-12-20,28.149999618530273,22.902862548828125,0.0
2019-12-23,28.100000381469727,22.8621826171875,0.0
2019-12-24,28.0,22.78082275390625,0.0
2019-12-27,28.399999618530273,23.106264114379883,0.0
2019-12-30,28.549999237060547,23.228302001953125,0.0
2019-12-31,28.549999237060547,23.228302001953125,0.0
2020-01-02,28.700000762939453,23.350341796875,0.0
2020-01-03,28.649999618530273,23.309661865234375,0.0
2020-01-06,28.450000762939453,23.146944046020508,0.0
2020-01-07,28.450000762939453,23.146944046020508,0.0
2020-01-08,28.25,22.984222412109375,0.0
2020-01-09,28.799999237060547,23.431703567504883,0.0
2020-01-10,28.799999237060547,23.431703567504883,0.0
2020-01-13,29.149999618530273,23.716461181640625,0.0
2020-01-14,29.049999237060547,23.635103225708008,0.0
2020-01-15,28.950000762939453,23.553743362426758,0.0
2020-01-16,29.0,23.594425201416016,0.0
2020-01-17,29.200000762939453,23.757144927978516,0.0
2020-01-20,28.950000762939453,23.553743362426758,0.0
2020-01-21,28.149999618530273,22.902862548828125,0.0
2020-01-22,28.549999237060547,23.228302001953125,0.0
2020-01-23,28.0,22.78082275390625,0.0
2020-01-24,28.100000381469727,22.8621826171875,0.0
2020-01-29,27.299999237060547,22.2113037109375,0.0
2020-01-30,26.649999618530273,21.68246078491211,0.0
2020-01-31,26.5,21.5604190826416,0.0
2020-02-03,26.5,21.5604190826416,0.0
2020-02-04,26.850000381469727,21.845182418823242,0.0
2020-02-05,26.950000762939453,21.92654037475586,0.0
2020-02-06,27.700000762939453,22.5367431640625,0.0
2020-02-07,27.549999237060547,22.41469955444336,0.0
2020-02-10,27.399999618530273,22.29265785217285,0.0
2020-02-11,27.75,22.577417373657227,0.0
2020-02-12,28.049999237060547,22.821502685546875,0.0
2020-02-13,27.950000762939453,22.740140914916992,0.0
2020-02-14,28.0,22.78082275390625,0.0
2020-02-17,28.149999618530273,22.902862548828125,0.0
2020-02-18,27.700000762939453,22.5367431640625,0.0
2020-02-19,27.850000381469727,22.658782958984375,0.0
2020-02-20,27.75,22.577417373657227,0.0
2020-02-21,27.5,22.374025344848633,0.0
2020-02-24,27.049999237060547,22.00790023803711,0.0
2020-02-25,27.100000381469727,22.048582077026367,0.0
2020-02-26,26.950000762939453,21.92654037475586,0.0
2020-02-27,27.149999618530273,22.08926010131836,0.0
2020-02-28,26.450000762939453,21.519739151000977,0.0
2020-03-02,26.649999618530273,21.68246078491211,0.0
2020-03-03,26.600000381469727,21.641780853271484,0.0
2020-03-04,26.549999237060547,21.601099014282227,0.0
2020-03-05,27.049999237060547,22.00790023803711,0.0
2020-03-06,26.5,21.5604190826416,0.0
2020-03-09,26.450000762939453,21.519739151000977,0.0
2020-03-10,25.450000762939453,20.70614242553711,0.0
2020-03-11,25.75,20.950223922729492,0.0
2020-03-12,25.549999237060547,20.787500381469727,0.0
2020-03-13,24.600000381469727,20.01457977294922,0.0
2020-03-16,24.399999618530273,19.85186195373535,0.0
2020-03-17,23.350000381469727,18.997581481933594,0.0
2020-03-18,23.600000381469727,19.200977325439453,0.0
2020-03-19,22.0,17.899219512939453,0.0
2020-03-20,23.100000381469727,18.794179916381836,0.0
2020-03-23,22.0,17.899219512939453,0.0
2020-03-24,23.049999237060547,18.753498077392578,0.0
2020-03-25,23.799999237060547,19.363697052001953,0.0
2020-03-26,23.600000381469727,19.200977325439453,0.0
2020-03-27,23.75,19.323017120361328,0.0
2020-03-30,23.399999618530273,19.038259506225586,0.0
2020-03-31,23.850000381469727,19.404380798339844,0.0
2020-04-01,23.299999237060547,18.95689582824707,0.0
2020-04-02,23.5,19.119619369506836,0.0
2020-04-03,23.450000762939453,19.078941345214844,0.0
2020-04-06,23.950000762939453,19.48573875427246,0.0
2020-04-07,24.5,19.933218002319336,0.0
2020-04-08,24.200000762939453,19.689144134521484,0.0
2020-04-09,24.5,19.933218002319336,0.0
2020-04-14,24.700000762939453,20.095937728881836,0.0
2020-04-15,24.299999237060547,19.770496368408203,0.0
2020-04-16,24.25,19.729816436767578,0.0
2020-04-17,24.549999237060547,19.973901748657227,0.0
2020-04-20,24.600000381469727,20.01457977294922,0.0
2020-04-21,24.0,19.52642250061035,0.0
2020-04-22,24.100000381469727,19.607778549194336,0.0
2020-04-23,24.149999618530273,19.648460388183594,0.0
2020-04-24,24.049999237060547,19.56709861755371,0.0
2020-04-27,24.5,19.933218002319336,0.0
2020-04-28,24.75,20.21086311340332,0.09
2020-04-29,24.75,20.21086311340332,0.0
2020-05-04,23.75,19.394262313842773,0.0
2020-05-05,24.0,19.598417282104492,0.0
2020-05-06,24.350000381469727,19.88422393798828,0.0
2020-05-07,24.149999618530273,19.720903396606445,0.0
2020-05-08,24.399999618530273,19.92505645751953,0.0
2020-05-11,24.799999237060547,20.251691818237305,0.0
2020-05-12,24.450000762939453,19.965883255004883,0.0
2020-05-13,24.350000381469727,19.88422393798828,0.0
2020-05-14,24.0,19.598417282104492,0.0
2020-05-15,24.0,19.598417282104492,0.0
2020-05-18,24.200000762939453,19.761735916137695,0.0
2020-05-19,24.600000381469727,20.088375091552734,0.0
2020-05-20,24.649999618530273,20.12920379638672,0.0
2020-05-21,24.450000762939453,19.965883255004883,0.0
2020-05-22,23.149999618530273,18.904306411743164,0.0
2020-05-25,23.149999618530273,18.904306411743164,0.0
2020-05-26,23.649999618530273,19.312599182128906,0.0
2020-05-27,23.5,19.190113067626953,0.0
2020-05-28,23.350000381469727,19.067625045776367,0.0
2020-05-29,23.200000762939453,18.945133209228516,0.0
2020-06-01,23.979999542236328,19.582080841064453,0.0
2020-06-02,24.260000228881836,19.81072998046875,0.0
2020-06-03,24.68000030517578,20.153703689575195,0.0
2020-06-04,24.719999313354492,20.186363220214844,0.0
2020-06-05,25.139999389648438,20.529335021972656,0.0
2020-06-08,25.139999389648438,20.529335021972656,0.0
2020-06-09,25.440000534057617,20.77431869506836,0.0
2020-06-10,25.459999084472656,20.790653228759766,0.0
2020-06-11,24.860000610351562,20.300687789916992,0.0
2020-06-12,24.700000762939453,20.170034408569336,0.0
2020-06-15,24.200000762939453,19.761735916137695,0.0
2020-06-16,24.799999237060547,20.251691818237305,0.0
2020-06-17,24.899999618530273,20.333351135253906,0.0
2020-06-18,24.8799991607666,20.317020416259766,0.0
2020-06-19,25.059999465942383,20.464008331298828,0.0
2020-06-22,25.0,20.415014266967773,0.0
2020-06-23,25.360000610351562,20.70899200439453,0.0
2020-06-24,25.239999771118164,20.610998153686523,0.0
2020-06-26,25.0,20.415014266967773,0.0
2020-06-29,24.760000228881836,20.219032287597656,0.0
2020-06-30,24.899999618530273,20.333351135253906,0.0
2020-07-02,25.700000762939453,20.98663330078125,0.0
2020-07-03,25.920000076293945,21.166284561157227,0.0
2020-07-06,26.940000534057617,21.99921989440918,0.0
2020-07-07,26.639999389648438,21.754240036010742,0.0
2020-07-08,26.739999771118164,21.83589744567871,0.0
2020-07-09,26.8799991607666,21.95022201538086,0.0
2020-07-10,26.34000015258789,21.50925636291504,0.0
2020-07-13,26.479999542236328,21.623580932617188,0.0
2020-07-14,26.15999984741211,21.36227035522461,0.0
2020-07-15,26.18000030517578,21.378604888916016,0.0
2020-07-16,25.65999984741211,20.95397186279297,0.0
2020-07-17,25.799999237060547,21.068294525146484,0.0
2020-07-20,25.719999313354492,21.00296401977539,0.0
2020-07-21,26.280000686645508,21.46026611328125,0.0
2020-07-22,25.68000030517578,20.97030258178711,0.0
2020-07-23,25.899999618530273,21.149953842163086,0.0
2020-07-24,25.360000610351562,20.70899200439453,0.0
2020-07-27,25.360000610351562,20.70899200439453,0.0
2020-07-28,25.459999084472656,20.790653228759766,0.0
2020-07-29,25.520000457763672,20.839645385742188,0.0
2020-07-30,25.34000015258789,20.692657470703125,0.0
2020-07-31,25.260000228881836,20.62733268737793,0.0
2020-08-03,25.1200008392334,20.513010025024414,0.0
2020-08-04,25.6200008392334,20.921308517456055,0.0
2020-08-05,25.799999237060547,21.068294525146484,0.0
2020-08-06,25.600000381469727,20.90497589111328,0.0
2020-08-07,25.18000030517578,20.56200408935547,0.0
2020-08-10,25.100000381469727,20.496673583984375,0.0
2020-08-11,25.559999465942383,20.8723087310791,0.0
2020-08-12,25.8799991607666,21.133623123168945,0.0
2020-08-13,25.899999618530273,21.149953842163086,0.0
2020-08-14,25.81999969482422,21.08462905883789,0.0
2020-08-17,26.0,21.231613159179688,0.0
2020-08-18,26.020000457763672,21.24794578552246,0.0
2020-08-19,25.8799991607666,21.133623123168945,0.0
2020-08-20,25.440000534057617,20.77431869506836,0.0
2020-08-21,25.780000686645508,21.051963806152344,0.0
2020-08-24,26.18000030517578,21.378604888916016,0.0
2020-08-25,26.15999984741211,21.36227035522461,0.0
2020-08-26,26.1200008392334,21.329607009887695,0.0
2020-08-27,25.959999084472656,21.19895362854004,0.0
2020-08-28,26.1200008392334,21.329607009887695,0.0
2020-08-31,25.84000015258789,21.1009578704834,0.0
2020-09-01,25.8799991607666,21.133623123168945,0.0
2020-09-02,25.81999969482422,21.08462905883789,0.0
2020-09-03,25.719999313354492,21.00296401977539,0.0
2020-09-04,25.520000457763672,20.839645385742188,0.0
2020-09-07,25.440000534057617,20.77431869506836,0.0
2020-09-08,25.3799991607666,20.725322723388672,0.0
2020-09-09,25.239999771118164,20.610998153686523,0.0
2020-09-10,25.139999389648438,20.529335021972656,0.0
2020-09-11,25.260000228881836,20.62733268737793,0.0
2020-09-14,25.399999618530273,20.741657257080078,0.0
2020-09-15,25.520000457763672,20.839645385742188,0.0
2020-09-16,25.479999542236328,20.806982040405273,0.0
2020-09-17,25.1200008392334,20.513010025024414,0.0
2020-09-18,25.239999771118164,20.610998153686523,0.0
2020-09-21,24.719999313354492,20.186363220214844,0.0
2020-09-22,24.5,20.0067138671875,0.0
2020-09-23,24.520000457763672,20.02304458618164,0.0
2020-09-24,24.1200008392334,19.69640350341797,0.0
2020-09-25,24.059999465942383,19.647409439086914,0.0
2020-09-28,24.280000686645508,19.82706069946289,0.0
2020-09-29,24.079999923706055,19.663740158081055,0.0
2020-09-30,24.280000686645508,19.82706069946289,0.0
2020-10-05,24.520000457763672,20.02304458618164,0.0
2020-10-06,24.780000686645508,20.235363006591797,0.0
2020-10-07,25.059999465942383,20.464008331298828,0.0
2020-10-08,24.940000534057617,20.366018295288086,0.0
2020-10-09,24.979999542236328,20.398683547973633,0.0
2020-10-12,25.479999542236328,20.806982040405273,0.0
2020-10-14,25.420000076293945,20.757986068725586,0.0
2020-10-15,24.899999618530273,20.333351135253906,0.0
2020-10-16,25.200000762939453,20.578332901000977,0.0
2020-10-19,25.31999969482422,20.67632484436035,0.0
2020-10-20,25.34000015258789,20.692657470703125,0.0
2020-10-21,25.540000915527344,20.855981826782227,0.0
2020-10-22,25.559999465942383,20.8723087310791,0.0
2020-10-23,25.700000762939453,20.98663330078125,0.0
2020-10-27,25.520000457763672,20.839645385742188,0.0
2020-10-28,25.459999084472656,20.790653228759766,0.0
2020-10-29,25.3799991607666,20.725322723388672,0.0
2020-10-30,24.239999771118164,20.322887420654297,0.66
2020-11-02,24.600000381469727,20.62471580505371,0.0
2020-11-03,25.1200008392334,21.060684204101562,0.0
2020-11-04,25.0,20.9600772857666,0.0
2020-11-05,25.700000762939453,21.54695701599121,0.0
2020-11-06,25.8799991607666,21.6978702545166,0.0
2020-11-09,26.15999984741211,21.932621002197266,0.0
2020-11-10,26.399999618530273,22.13383674621582,0.0
2020-11-11,26.399999618530273,22.13383674621582,0.0
2020-11-12,26.34000015258789,22.083534240722656,0.0
2020-11-13,26.299999237060547,22.050003051757812,0.0
2020-11-16,26.540000915527344,22.2512149810791,0.0
2020-11-17,26.579999923706055,22.28474998474121,0.0
2020-11-18,26.68000030517578,22.368595123291016,0.0
2020-11-19,26.520000457763672,22.23444938659668,0.0
2020-11-20,26.579999923706055,22.28474998474121,0.0
2020-11-23,26.639999389648438,22.33505630493164,0.0
2020-11-24,26.739999771118164,22.41889762878418,0.0
2020-11-25,26.780000686645508,22.45243263244629,0.0
2020-11-26,26.940000534057617,22.586578369140625,0.0
2020-11-27,27.079999923706055,22.70395278930664,0.0
2020-11-30,26.559999465942383,22.267980575561523,0.0
2020-12-01,26.719999313354492,22.402132034301758,0.0
2020-12-02,26.68000030517578,22.368595123291016,0.0
2020-12-03,26.899999618530273,22.55303955078125,0.0
2020-12-04,26.979999542236328,22.6201114654541,0.0
2020-12-07,26.6200008392334,22.318288803100586,0.0
2020-12-08,26.459999084472656,22.18414306640625,0.0
2020-12-09,26.68000030517578,22.368595123291016,0.0
2020-12-10,26.600000381469727,22.3015193939209,0.0
2020-12-11,26.700000762939453,22.38536262512207,0.0
2020-12-14,26.579999923706055,22.28474998474121,0.0
2020-12-15,26.399999618530273,22.13383674621582,0.0
2020-12-16,26.68000030517578,22.368595123291016,0.0
2020-12-17,26.860000610351562,22.519506454467773,0.0
2020-12-18,26.600000381469727,22.3015193939209,0.0
2020-12-21,26.459999084472656,22.18414306640625,0.0
2020-12-22,26.299999237060547,22.050003051757812,0.0
2020-12-23,26.520000457763672,22.23444938659668,0.0
2020-12-24,26.600000381469727,22.3015193939209,0.0
2020-12-28,26.479999542236328,22.200910568237305,0.0
2020-12-29,26.739999771118164,22.41889762878418,0.0
2020-12-30,27.34000015258789,22.921937942504883,0.0
2020-12-31,27.440000534057617,23.005779266357422,0.0
2021-01-04,27.639999389648438,23.173458099365234,0.0
2021-01-05,27.739999771118164,23.25729751586914,0.0
2021-01-06,27.84000015258789,23.34113883972168,0.0
2021-01-07,27.700000762939453,23.22376251220703,0.0
2021-01-08,28.020000457763672,23.492053985595703,0.0
2021-01-11,28.1200008392334,23.575891494750977,0.0
2021-01-12,28.399999618530273,23.81064796447754,0.0
2021-01-13,28.399999618530273,23.81064796447754,0.0
2021-01-14,28.639999389648438,24.01186180114746,0.0
2021-01-15,28.780000686645508,24.129240036010742,0.0
2021-01-18,29.0,24.31368637084961,0.0
2021-01-19,29.799999237060547,24.984405517578125,0.0
2021-01-20,30.079999923706055,25.219161987304688,0.0
2021-01-21,30.059999465942383,25.202396392822266,0.0
2021-01-22,29.6200008392334,24.833498001098633,0.0
2021-01-25,30.280000686645508,25.386842727661133,0.0
2021-01-26,29.559999465942383,24.78319549560547,0.0
2021-01-27,29.459999084472656,24.69934844970703,0.0
2021-01-28,28.700000762939453,24.062164306640625,0.0
2021-01-29,28.459999084472656,23.86094856262207,0.0
2021-02-01,29.059999465942383,24.36399269104004,0.0
2021-02-02,29.420000076293945,24.665815353393555,0.0
2021-02-03,29.459999084472656,24.69934844970703,0.0
2021-02-04,29.239999771118164,24.51490592956543,0.0
2021-02-05,29.479999542236328,24.71611976623535,0.0
2021-02-08,29.5,24.732887268066406,0.0
2021-02-09,29.579999923706055,24.799959182739258,0.0
2021-02-10,30.260000228881836,25.370073318481445,0.0
2021-02-11,30.31999969482422,25.420377731323242,0.0
2021-02-16,30.899999618530273,25.906654357910156,0.0
2021-02-17,31.239999771118164,26.19171142578125,0.0
2021-02-18,30.780000686645508,25.806045532226562,0.0
2021-02-19,30.799999237060547,25.822813034057617,0.0
2021-02-22,30.520000457763672,25.588062286376953,0.0
2021-02-23,30.799999237060547,25.822813034057617,0.0
2021-02-24,29.8799991607666,25.05147933959961,0.0
2021-02-25,30.31999969482422,25.420377731323242,0.0
2021-02-26,29.219999313354492,24.498138427734375,0.0
2021-03-01,29.579999923706055,24.799959182739258,0.0
2021-03-02,29.239999771118164,24.51490592956543,0.0
2021-03-03,30.0,25.152088165283203,0.0
2021-03-04,29.420000076293945,24.665815353393555,0.0
2021-03-05,29.239999771118164,24.51490592956543,0.0
2021-03-08,28.739999771118164,24.095703125,0.0
2021-03-09,28.959999084472656,24.280147552490234,0.0
2021-03-10,29.139999389648438,24.43106460571289,0.0
2021-03-11,29.579999923706055,24.799959182739258,0.0
2021-03-12,29.0,24.31368637084961,0.0
2021-03-15,29.1200008392334,24.414297103881836,0.0
2021-03-16,29.260000228881836,24.53167152404785,0.0
2021-03-17,29.299999237060547,24.56520652770996,0.0
2021-03-18,29.65999984741211,24.867034912109375,0.0
2021-03-19,29.18000030517578,24.464599609375,0.0
2021-03-22,29.100000381469727,24.39752960205078,0.0
2021-03-23,28.799999237060547,24.14600372314453,0.0
2021-03-24,28.1200008392334,23.575891494750977,0.0
2021-03-25,28.15999984741211,23.609426498413086,0.0
2021-03-26,28.559999465942383,23.944791793823242,0.0
2021-03-29,28.6200008392334,23.995094299316406,0.0
2021-03-30,28.81999969482422,24.16277503967285,0.0
2021-03-31,28.65999984741211,24.028629302978516,0.0
2021-04-01,29.15999984741211,24.447832107543945,0.0
2021-04-07,28.899999618530273,24.229846954345703,0.0
2021-04-08,29.280000686645508,24.548442840576172,0.0
2021-04-09,29.0,24.31368637084961,0.0
2021-04-12,28.639999389648438,24.01186180114746,0.0
2021-04-13,28.920000076293945,24.246614456176758,0.0
2021-04-14,29.200000762939453,24.481372833251953,0.0
2021-04-15,29.020000457763672,24.33045196533203,0.0
2021-04-16,29.239999771118164,24.51490592956543,0.0
2021-04-19,29.3799991607666,24.632278442382812,0.0
2021-04-20,29.360000610351562,24.61551284790039,0.0
2021-04-21,28.899999618530273,24.229846954345703,0.0
2021-04-22,29.0,24.31368637084961,0.0
2021-04-23,29.360000610351562,24.61551284790039,0.0
2021-04-26,29.219999313354492,24.498138427734375,0.0
2021-04-27,29.15999984741211,24.447832107543945,0.0
2021-04-28,29.34000015258789,24.59874153137207,0.0
2021-04-29,29.459999084472656,24.80927848815918,0.13
2021-04-30,28.799999237060547,24.25346565246582,0.0
2021-05-03,28.479999542236328,23.98398780822754,0.0
2021-05-04,28.780000686645508,24.23662757873535,0.0
2021-05-05,28.639999389648438,24.118728637695312,0.0
2021-05-06,28.780000686645508,24.23662757873535,0.0
2021-05-07,28.81999969482422,24.27031135559082,0.0
2021-05-10,28.739999771118164,24.202939987182617,0.0
2021-05-11,28.1200008392334,23.680816650390625,0.0
2021-05-12,28.399999618530273,23.916614532470703,0.0
2021-05-13,27.979999542236328,23.562917709350586,0.0
2021-05-14,28.200000762939453,23.74818992614746,0.0
2021-05-17,28.3799991607666,23.8997745513916,0.0
2021-05-18,28.780000686645508,24.23662757873535,0.0
2021-05-20,28.6200008392334,24.101886749267578,0.0
2021-05-21,28.639999389648438,24.118728637695312,0.0
2021-05-24,28.65999984741211,24.13557243347168,0.0
2021-05-25,29.18000030517578,24.5734806060791,0.0
2021-05-26,29.3799991607666,24.741905212402344,0.0
2021-05-27,29.3799991607666,24.741905212402344,0.0
2021-05-28,29.420000076293945,24.775592803955078,0.0
2021-05-31,29.399999618530273,24.758752822875977,0.0
2021-06-01,29.780000686645508,25.07876205444336,0.0
2021-06-02,29.579999923706055,24.91033363342285,0.0
2021-06-03,29.260000228881836,24.640851974487305,0.0
2021-06-04,29.239999771118164,24.624008178710938,0.0
2021-06-07,29.139999389648438,24.539794921875,0.0
2021-06-08,29.1200008392334,24.522953033447266,0.0
2021-06-09,29.100000381469727,24.5061092376709,0.0
2021-06-10,29.079999923706055,24.489267349243164,0.0
2021-06-11,29.200000762939453,24.590322494506836,0.0
2021-06-15,29.0,24.42189598083496,0.0
2021-06-16,28.799999237060547,24.25346565246582,0.0
2021-06-17,28.8799991607666,24.320838928222656,0.0
2021-06-18,29.15999984741211,24.556636810302734,0.0
2021-06-21,28.860000610351562,24.303998947143555,0.0
2021-06-22,28.65999984741211,24.13557243347168,0.0
2021-06-23,29.219999313354492,24.60716438293457,0.0
2021-06-24,29.280000686645508,24.65769386291504,0.0
2021-06-25,29.6200008392334,24.944019317626953,0.0
2021-06-28,29.639999389648438,24.96086311340332,0.0
2021-06-29,29.420000076293945,24.775592803955078,0.0
2021-06-30,29.239999771118164,24.624008178710938,0.0
2021-07-02,28.739999771118164,24.202939987182617,0.0
2021-07-05,28.639999389648438,24.118728637695312,0.0
2021-07-06,28.559999465942383,24.051359176635742,0.0
2021-07-07,28.540000915527344,24.034513473510742,0.0
2021-07-08,27.739999771118164,23.360809326171875,0.0
2021-07-09,27.940000534057617,23.529237747192383,0.0
2021-07-12,28.100000381469727,23.663976669311523,0.0
2021-07-13,28.479999542236328,23.98398780822754,0.0
2021-07-14,28.299999237060547,23.832401275634766,0.0
2021-07-15,28.5,24.000829696655273,0.0
2021-07-16,28.600000381469727,24.085037231445312,0.0
2021-07-19,28.0,23.579763412475586,0.0
2021-07-20,27.760000228881836,23.377649307250977,0.0
2021-07-21,27.760000228881836,23.377649307250977,0.0
2021-07-22,28.239999771118164,23.78187370300293,0.0
2021-07-23,27.860000610351562,23.46186637878418,0.0
2021-07-26,26.700000762939453,22.484987258911133,0.0
2021-07-27,25.65999984741211,21.609167098999023,0.0
2021-07-28,26.040000915527344,21.929180145263672,0.0
2021-07-29,26.84000015258789,22.602886199951172,0.0
2021-07-30,26.520000457763672,22.333406448364258,0.0
2021-08-02,26.719999313354492,22.501834869384766,0.0
2021-08-03,26.68000030517578,22.468143463134766,0.0
2021-08-04,26.940000534057617,22.68709945678711,0.0
2021-08-05,26.719999313354492,22.501834869384766,0.0
2021-08-06,26.700000762939453,22.484987258911133,0.0
2021-08-09,26.760000228881836,22.535512924194336,0.0
2021-08-10,27.079999923706055,22.80499839782715,0.0
2021-08-11,27.139999389648438,22.85552406311035,0.0
2021-08-12,26.979999542236328,22.72078514099121,0.0
2021-08-13,26.899999618530273,22.653413772583008,0.0
2021-08-16,26.719999313354492,22.501834869384766,0.0
2021-08-17,26.260000228881836,22.11444664001465,0.0
2021-08-18,26.3799991607666,22.215503692626953,0.0
2021-08-19,25.84000015258789,21.76074981689453,0.0
2021-08-20,25.3799991607666,21.373369216918945,0.0
2021-08-23,25.68000030517578,21.62601089477539,0.0
2021-08-24,26.239999771118164,22.09760856628418,0.0
2021-08-25,26.260000228881836,22.11444664001465,0.0
2021-08-26,25.979999542236328,21.87864875793457,0.0
2021-08-27,25.959999084472656,21.861806869506836,0.0
2021-08-30,26.100000381469727,21.979707717895508,0.0
2021-08-31,26.420000076293945,22.249187469482422,0.0
2021-09-01,26.600000381469727,22.400775909423828,0.0
2021-09-02,26.700000762939453,22.484987258911133,0.0
2021-09-03,26.540000915527344,22.35024642944336,0.0
2021-09-06,26.760000228881836,22.535512924194336,0.0
2021-09-07,26.979999542236328,22.72078514099121,0.0
2021-09-08,26.899999618530273,22.653413772583008,0.0
2021-09-09,26.34000015258789,22.181819915771484,0.0
2021-09-10,26.84000015258789,22.602886199951172,0.0
2021-09-13,26.459999084472656,22.282873153686523,0.0
2021-09-14,26.15999984741211,22.030235290527344,0.0
2021-09-15,25.780000686645508,21.710224151611328,0.0
2021-09-16,25.360000610351562,21.356529235839844,0.0
2021-09-17,25.579999923706055,21.54179573059082,0.0
2021-09-20,24.760000228881836,20.851247787475586,0.0
2021-09-21,24.860000610351562,20.935461044311523,0.0
2021-09-23,25.18000030517578,21.20494270324707,0.0
2021-09-24,24.860000610351562,20.935461044311523,0.0
2021-09-27,24.81999969482422,20.90177345275879,0.0
2021-09-28,25.1200008392334,21.154417037963867,0.0
2021-09-29,25.31999969482422,21.322845458984375,0.0
2021-09-30,25.219999313354492,21.238630294799805,0.0
2021-10-04,24.719999313354492,20.817562103271484,0.0
2021-10-05,24.760000228881836,20.851247787475586,0.0
2021-10-06,24.6200008392334,20.733346939086914,0.0
2021-10-07,25.360000610351562,21.356529235839844,0.0
2021-10-08,25.479999542236328,21.45758628845215,0.0
2021-10-11,25.940000534057617,21.8449649810791,0.0
2021-10-12,25.600000381469727,21.558643341064453,0.0
2021-10-15,25.979999542236328,21.87864875793457,0.0
2021-10-18,26.100000381469727,21.979707717895508,0.0
2021-10-19,26.440000534057617,22.266035079956055,0.0
2021-10-20,26.81999969482422,22.586042404174805,0.0
2021-10-21,26.6200008392334,22.417619705200195,0.0
2021-10-22,26.760000228881836,22.535512924194336,0.0
2021-10-25,26.780000686645508,22.552358627319336,0.0
2021-10-26,26.68000030517578,22.468143463134766,0.0
2021-10-27,26.280000686645508,22.131290435791016,0.0
2021-10-28,26.18000030517578,22.04707908630371,0.0
2021-10-29,25.520000457763672,21.943891525268555,0.54
2021-11-01,25.299999237060547,21.75472068786621,0.0
2021-11-02,25.299999237060547,21.75472068786621,0.0
2021-11-03,25.15999984741211,21.634340286254883,0.0
2021-11-04,25.3799991607666,21.82350730895996,0.0
2021-11-05,25.079999923706055,21.5655517578125,0.0
2021-11-08,24.959999084472656,21.462366104125977,0.0
2021-11-09,24.959999084472656,21.462366104125977,0.0
2021-11-10,25.15999984741211,21.634340286254883,0.0
2021-11-11,25.440000534057617,21.875102996826172,0.0
2021-11-12,25.5,21.926694869995117,0.0
2021-11-15,25.559999465942383,21.978282928466797,0.0
2021-11-16,25.799999237060547,22.184656143188477,0.0
2021-11-17,25.780000686645508,22.16745948791504,0.0
2021-11-18,25.399999618530273,21.840709686279297,0.0
2021-11-19,25.18000030517578,21.651538848876953,0.0
2021-11-22,25.100000381469727,21.58275032043457,0.0
2021-11-23,24.81999969482422,21.341983795166016,0.0
2021-11-24,24.860000610351562,21.376380920410156,0.0
2021-11-25,24.920000076293945,21.4279727935791,0.0
2021-11-26,24.260000228881836,20.860458374023438,0.0
2021-11-29,24.139999389648438,20.75727081298828,0.0
2021-11-30,23.6200008392334,20.31014060974121,0.0
2021-12-01,23.84000015258789,20.499309539794922,0.0
2021-12-02,23.959999084472656,20.602493286132812,0.0
2021-12-03,23.920000076293945,20.56810188293457,0.0
2021-12-06,23.5,20.206954956054688,0.0
2021-12-07,24.139999389648438,20.75727081298828,0.0
2021-12-08,24.15999984741211,20.774465560913086,0.0
2021-12-09,24.3799991607666,20.963640213012695,0.0
2021-12-10,24.1200008392334,20.740076065063477,0.0
2021-12-13,24.139999389648438,20.75727081298828,0.0
2021-12-14,23.760000228881836,20.430522918701172,0.0
2021-12-15,23.579999923706055,20.27574348449707,0.0
2021-12-16,23.65999984741211,20.34453010559082,0.0
2021-12-17,23.34000015258789,20.06937599182129,0.0
2021-12-20,22.899999618530273,19.69103240966797,0.0
2021-12-21,23.100000381469727,19.863006591796875,0.0
2021-12-22,23.200000762939453,19.948997497558594,0.0
2021-12-23,23.34000015258789,20.06937599182129,0.0
2021-12-24,23.3799991607666,20.103769302368164,0.0
2021-12-28,23.420000076293945,20.138166427612305,0.0
2021-12-29,23.200000762939453,19.948997497558594,0.0
2021-12-30,23.280000686645508,20.017784118652344,0.0
2021-12-31,23.520000457763672,20.224153518676758,0.0
2022-01-03,23.399999618530273,20.12096405029297,0.0
2022-01-04,23.440000534057617,20.155363082885742,0.0
2022-01-05,23.040000915527344,19.81141471862793,0.0
2022-01-06,23.219999313354492,19.9661922454834,0.0
2022-01-07,23.639999389648438,20.32733726501465,0.0
2022-01-10,23.84000015258789,20.499309539794922,0.0
2022-01-11,23.860000610351562,20.516510009765625,0.0
2022-01-12,24.5,21.06682586669922,0.0
2022-01-13,24.559999465942383,21.11841583251953,0.0
2022-01-14,24.479999542236328,21.04962730407715,0.0
2022-01-17,24.34000015258789,20.92924690246582,0.0
2022-01-18,24.260000228881836,20.860458374023438,0.0
2022-01-19,24.219999313354492,20.826059341430664,0.0
2022-01-20,25.079999923706055,21.5655517578125,0.0
2022-01-21,25.059999465942383,21.548349380493164,0.0
2022-01-24,24.799999237060547,21.324785232543945,0.0
2022-01-25,24.399999618530273,20.980836868286133,0.0
2022-01-26,24.399999618530273,20.980836868286133,0.0
2022-01-27,23.920000076293945,20.56810188293457,0.0
2022-01-28,23.68000030517578,20.361730575561523,0.0
2022-01-31,24.0,20.636890411376953,0.0
2022-02-04,24.700000762939453,21.238800048828125,0.0
2022-02-07,24.68000030517578,21.221601486206055,0.0
2022-02-08,24.479999542236328,21.04962730407715,0.0
2022-02-09,24.959999084472656,21.462366104125977,0.0
2022-02-10,25.040000915527344,21.531156539916992,0.0
2022-02-11,25.020000457763672,21.513957977294922,0.0
2022-02-14,24.68000030517578,21.221601486206055,0.0
2022-02-15,24.459999084472656,21.032428741455078,0.0
2022-02-16,24.81999969482422,21.341983795166016,0.0
2022-02-17,24.920000076293945,21.4279727935791,0.0
2022-02-18,24.479999542236328,21.04962730407715,0.0
2022-02-21,24.34000015258789,20.92924690246582,0.0
2022-02-22,23.6200008392334,20.31014060974121,0.0
2022-02-23,23.799999237060547,20.464914321899414,0.0
2022-02-24,23.059999465942383,19.828611373901367,0.0
2022-02-25,22.920000076293945,19.70823097229004,0.0
2022-02-28,22.8799991607666,19.67383575439453,0.0
2022-03-01,22.8799991607666,19.67383575439453,0.0
2022-03-02,22.5,19.347082138061523,0.0
2022-03-03,22.639999389648438,19.467466354370117,0.0
2022-03-04,22.059999465942383,18.968740463256836,0.0
2022-03-07,21.219999313354492,18.24645233154297,0.0
2022-03-08,20.8799991607666,17.954092025756836,0.0
2022-03-09,20.780000686645508,17.868106842041016,0.0
2022-03-10,21.100000381469727,18.143264770507812,0.0
2022-03-11,20.799999237060547,17.885305404663086,0.0
2022-03-14,19.799999237060547,17.02543067932129,0.0
2022-03-15,18.649999618530273,16.036582946777344,0.0
2022-03-16,20.239999771118164,17.403778076171875,0.0
2022-03-17,21.68000030517578,18.64198875427246,0.0
2022-03-18,21.65999984741211,18.624794006347656,0.0
2022-03-21,21.399999618530273,18.401227951049805,0.0
2022-03-22,22.079999923706055,18.985939025878906,0.0
2022-03-23,22.31999969482422,19.19230842590332,0.0
2022-03-24,22.139999389648438,19.037532806396484,0.0
2022-03-25,21.579999923706055,18.556005477905273,0.0
2022-03-28,21.8799991607666,18.81396484375,0.0
2022-03-29,22.1200008392334,19.02033233642578,0.0
2022-03-30,22.399999618530273,19.261096954345703,0.0
2022-03-31,22.280000686645508,19.157915115356445,0.0
2022-04-01,22.260000228881836,19.14071273803711,0.0
2022-04-04,22.700000762939453,19.519058227539062,0.0
2022-04-06,22.260000228881836,19.14071273803711,0.0
2022-04-07,22.020000457763672,18.93434715270996,0.0
2022-04-08,22.100000381469727,19.003137588500977,0.0
2022-04-11,21.420000076293945,18.41842269897461,0.0
2022-04-12,21.520000457763672,18.504411697387695,0.0
2022-04-13,21.579999923706055,18.556005477905273,0.0
2022-04-14,21.719999313354492,18.6763858795166,0.0
2022-04-19,21.219999313354492,18.24645233154297,0.0
2022-04-20,21.1200008392334,18.160463333129883,0.0
2022-04-21,20.8799991607666,17.954092025756836,0.0
2022-04-22,20.84000015258789,17.91969871520996,0.0
2022-04-25,20.15999984741211,17.334989547729492,0.0
2022-04-26,20.139999389648438,17.31778907775879,0.0
2022-04-27,20.139999389648438,17.31778907775879,0.0
2022-04-28,20.3799991607666,17.594043731689453,0.08
2022-04-29,21.219999313354492,18.319217681884766,0.0
2022-05-03,21.219999313354492,18.319217681884766,0.0
2022-05-04,20.979999542236328,18.11202621459961,0.0
2022-05-05,20.8799991607666,18.025691986083984,0.0
2022-05-06,20.139999389648438,17.386852264404297,0.0
2022-05-10,19.719999313354492,17.024267196655273,0.0
2022-05-11,19.959999084472656,17.231456756591797,0.0
2022-05-12,19.469999313354492,16.80844497680664,0.0
2022-05-13,20.0,17.265989303588867,0.0
2022-05-16,20.059999465942383,17.31778907775879,0.0
2022-05-17,20.719999313354492,17.88756561279297,0.0
2022-05-18,20.739999771118164,17.904834747314453,0.0
2022-05-19,20.280000686645508,17.507719039916992,0.0
2022-05-20,20.860000610351562,18.008432388305664,0.0
2022-05-23,20.6200008392334,17.801239013671875,0.0
2022-05-24,20.31999969482422,17.542245864868164,0.0
2022-05-25,20.3799991607666,17.594043731689453,0.0
2022-05-26,20.299999237060547,17.524982452392578,0.0
2022-05-27,20.920000076293945,18.06022834777832,0.0
2022-05-30,21.31999969482422,18.405548095703125,0.0
2022-05-31,21.6200008392334,18.664533615112305,0.0
2022-06-01,21.520000457763672,18.57820701599121,0.0
2022-06-02,21.34000015258789,18.422813415527344,0.0
2022-06-06,21.899999618530273,18.906261444091797,0.0
2022-06-07,21.799999237060547,18.819931030273438,0.0
2022-06-08,22.260000228881836,19.217050552368164,0.0
2022-06-09,22.15999984741211,19.130718231201172,0.0
2022-06-10,22.1200008392334,19.09618377685547,0.0
2022-06-13,21.34000015258789,18.422813415527344,0.0
2022-06-14,21.360000610351562,18.440080642700195,0.0
2022-06-15,21.639999389648438,18.681800842285156,0.0
2022-06-16,21.15999984741211,18.267419815063477,0.0
2022-06-17,21.459999084472656,18.52640724182129,0.0
2022-06-20,21.520000457763672,18.57820701599121,0.0
2022-06-21,21.8799991607666,18.888992309570312,0.0
2022-06-22,21.34000015258789,18.422813415527344,0.0
2022-06-23,21.6200008392334,18.664533615112305,0.0
2022-06-24,22.040000915527344,19.02712631225586,0.0
2022-06-27,22.579999923706055,19.493305206298828,0.0
2022-06-28,22.719999313354492,19.614164352416992,0.0
2022-06-29,22.3799991607666,19.320646286010742,0.0
2022-06-30,22.280000686645508,19.234317779541016,0.0
2022-07-04,22.280000686645508,19.234317779541016,0.0
2022-07-05,22.31999969482422,19.26884651184082,0.0
2022-07-06,22.020000457763672,19.009857177734375,0.0
2022-07-07,22.18000030517578,19.14798355102539,0.0
2022-07-08,22.219999313354492,19.18251609802246,0.0
2022-07-11,21.639999389648438,18.681800842285156,0.0
2022-07-12,21.360000610351562,18.440080642700195,0.0
2022-07-13,21.34000015258789,18.422813415527344,0.0
2022-07-14,21.239999771118164,18.336484909057617,0.0
2022-07-15,20.84000015258789,17.991161346435547,0.0
2022-07-18,21.360000610351562,18.440080642700195,0.0
2022-07-19,21.219999313354492,18.319217681884766,0.0
2022-07-20,21.440000534057617,18.50914192199707,0.0
2022-07-21,21.079999923706055,18.198354721069336,0.0
2022-07-22,21.100000381469727,18.21562385559082,0.0
2022-07-25,21.1200008392334,18.232885360717773,0.0
2022-07-26,21.459999084472656,18.52640724182129,0.0
2022-07-27,21.200000762939453,18.301952362060547,0.0
2022-07-28,21.1200008392334,18.232885360717773,0.0
2022-07-29,20.68000030517578,17.853036880493164,0.0
2022-08-01,20.68000030517578,17.853036880493164,0.0
2022-08-02,20.200000762939453,17.43865203857422,0.0
2022-08-03,20.280000686645508,17.507719039916992,0.0
2022-08-04,20.68000030517578,17.853036880493164,0.0
2022-08-05,20.700000762939453,17.870302200317383,0.0
2022-08-08,20.559999465942383,17.749439239501953,0.0
2022-08-09,20.5,17.697641372680664,0.0
2022-08-10,20.139999389648438,17.386852264404297,0.0
2022-08-11,20.579999923706055,17.766704559326172,0.0
2022-08-12,20.719999313354492,17.88756561279297,0.0
2022-08-15,20.579999923706055,17.766704559326172,0.0
2022-08-16,20.34000015258789,17.559511184692383,0.0
2022-08-17,20.420000076293945,17.628578186035156,0.0
2022-08-18,20.280000686645508,17.507719039916992,0.0
2022-08-19,20.31999969482422,17.542245864868164,0.0
2022-08-22,20.280000686645508,17.507719039916992,0.0
2022-08-23,20.040000915527344,17.300525665283203,0.0
2022-08-24,19.799999237060547,17.093332290649414,0.0
2022-08-25,20.5,17.697641372680664,0.0
2022-08-26,20.700000762939453,17.870302200317383,0.0
2022-08-29,20.520000457763672,17.71491050720215,0.0
2022-08-30,20.5,17.697641372680664,0.0
2022-08-31,20.5,17.697641372680664,0.0
2022-09-01,20.200000762939453,17.43865203857422,0.0
2022-09-02,20.040000915527344,17.300525665283203,0.0
2022-09-05,19.799999237060547,17.093332290649414,0.0
2022-09-06,19.809999465942383,17.10196304321289,0.0
2022-09-07,19.670000076293945,16.981101989746094,0.0
2022-09-08,19.479999542236328,16.81707763671875,0.0
2022-09-09,20.0,17.265989303588867,0.0
2022-09-13,19.969999313354492,17.24009132385254,0.0
2022-09-14,19.5,16.83434295654297,0.0
2022-09-15,19.559999465942383,16.886140823364258,0.0
2022-09-16,19.399999618530273,16.74801254272461,0.0
2022-09-19,19.190000534057617,16.56671905517578,0.0
2022-09-20,19.440000534057617,16.78254508972168,0.0
2022-09-21,19.110000610351562,16.497657775878906,0.0
2022-09-22,18.809999465942383,16.238664627075195,0.0
2022-09-23,18.579999923706055,16.04010581970215,0.0
2022-09-26,18.5,15.971043586730957,0.0
2022-09-27,18.520000457763672,15.988306999206543,0.0
2022-09-28,17.899999618530273,15.453063011169434,0.0
2022-09-29,17.799999237060547,15.366731643676758,0.0
2022-09-30,17.889999389648438,15.444429397583008,0.0
2022-10-03,17.709999084472656,15.289036750793457,0.0
2022-10-05,18.729999542236328,16.169601440429688,0.0
2022-10-06,18.65999984741211,16.10917091369629,0.0
2022-10-07,18.3799991607666,15.867444038391113,0.0
2022-10-10,17.850000381469727,15.409896850585938,0.0
2022-10-11,17.489999771118164,15.099111557006836,0.0
2022-10-12,17.350000381469727,14.97824764251709,0.0
2022-10-13,17.059999465942383,14.727890014648438,0.0
2022-10-14,17.229999542236328,14.874651908874512,0.0
2022-10-17,17.239999771118164,14.883284568786621,0.0
2022-10-18,17.559999465942383,15.159541130065918,0.0
2022-10-19,17.170000076293945,14.822854995727539,0.0
2022-10-20,16.920000076293945,14.607030868530273,0.0
2022-10-21,16.8700008392334,14.563864707946777,0.0
2022-10-24,15.819999694824219,13.65739917755127,0.0
2022-10-25,15.819999694824219,13.65739917755127,0.0
2022-10-26,15.970000267028809,13.786895751953125,0.0
2022-10-27,16.06999969482422,13.873224258422852,0.0
2022-10-28,14.9399995803833,13.36337661743164,0.56
2022-10-31,14.819999694824219,13.2560396194458,0.0
2022-11-01,15.550000190734863,13.909004211425781,0.0
2022-11-02,15.90999984741211,14.231012344360352,0.0
2022-11-03,15.420000076293945,13.792722702026367,0.0
2022-11-04,16.229999542236328,14.517242431640625,0.0
2022-11-07,16.68000030517578,14.919754981994629,0.0
2022-11-08,16.670000076293945,14.910809516906738,0.0
2022-11-09,16.459999084472656,14.722970008850098,0.0
2022-11-10,16.200000762939453,14.490408897399902,0.0
2022-11-11,17.420000076293945,15.581664085388184,0.0
2022-11-14,17.700000762939453,15.832114219665527,0.0
2022-11-15,18.450000762939453,16.502965927124023,0.0
2022-11-16,18.360000610351562,16.42246437072754,0.0
2022-11-17,18.149999618530273,16.2346248626709,0.0
2022-11-18,18.079999923706055,16.172012329101562,0.0
2022-11-21,17.770000457763672,15.894723892211914,0.0
2022-11-22,17.520000457763672,15.671110153198242,0.0
2022-11-23,17.6200008392334,15.760557174682617,0.0
2022-11-24,17.780000686645508,15.903670310974121,0.0
2022-11-25,17.68000030517578,15.814224243164062,0.0
2022-11-28,17.420000076293945,15.581664085388184,0.0
2022-11-29,18.31999969482422,16.38668441772461,0.0
2022-11-30,18.700000762939453,16.726585388183594,0.0
2022-12-01,18.920000076293945,16.92336654663086,0.0
2022-12-02,18.770000457763672,16.78919792175293,0.0
2022-12-05,19.56999969482422,17.504772186279297,0.0
2022-12-06,19.579999923706055,17.513715744018555,0.0
2022-12-07,18.979999542236328,16.977031707763672,0.0
2022-12-08,19.559999465942383,17.495826721191406,0.0
2022-12-09,20.0,17.889392852783203,0.0
2022-12-12,19.579999923706055,17.513715744018555,0.0
2022-12-13,19.729999542236328,17.647884368896484,0.0
2022-12-14,19.799999237060547,17.710500717163086,0.0
2022-12-15,19.510000228881836,17.45110511779785,0.0
2022-12-16,19.6200008392334,17.54949378967285,0.0
2022-12-19,19.510000228881836,17.45110511779785,0.0
2022-12-20,19.209999084472656,17.182762145996094,0.0
2022-12-21,19.290000915527344,17.25432014465332,0.0
2022-12-22,19.790000915527344,17.701553344726562,0.0
2022-12-23,19.700000762939453,17.621051788330078,0.0
2022-12-28,20.040000915527344,17.925172805786133,0.0
2022-12-29,19.850000381469727,17.755224227905273,0.0
2022-12-30,19.920000076293945,17.81783676147461,0.0
2023-01-03,20.260000228881836,18.121952056884766,0.0
2023-01-04,20.920000076293945,18.71230697631836,0.0
2023-01-05,21.18000030517578,18.944868087768555,0.0
2023-01-06,21.1200008392334,18.89120101928711,0.0
2023-01-09,21.5,19.231096267700195,0.0
2023-01-10,21.459999084472656,19.195316314697266,0.0
2023-01-11,21.579999923706055,19.302654266357422,0.0
2023-01-12,21.639999389648438,19.3563232421875,0.0
2023-01-13,21.860000610351562,19.5531063079834,0.0
2023-01-16,21.84000015258789,19.53521728515625,0.0
2023-01-17,21.700000762939453,19.409992218017578,0.0
2023-01-18,21.81999969482422,19.51732635498047,0.0
2023-01-19,21.780000686645508,19.481548309326172,0.0
2023-01-20,22.18000030517578,19.839338302612305,0.0
2023-01-26,22.719999313354492,20.322349548339844,0.0
2023-01-27,22.780000686645508,20.376020431518555,0.0
2023-01-30,22.219999313354492,19.87511444091797,0.0
2023-01-31,22.0,19.678333282470703,0.0
2023-02-01,22.18000030517578,19.839338302612305,0.0
2023-02-02,22.079999923706055,19.749889373779297,0.0
2023-02-03,21.780000686645508,19.481548309326172,0.0
2023-02-06,21.360000610351562,19.105873107910156,0.0
2023-02-07,21.420000076293945,19.159542083740234,0.0
2023-02-08,21.420000076293945,19.159542083740234,0.0
2023-02-09,21.760000228881836,19.463661193847656,0.0
2023-02-10,21.299999237060547,19.05220603942871,0.0
2023-02-13,21.34000015258789,19.087982177734375,0.0
2023-02-14,21.239999771118164,18.99853515625,0.0
2023-02-15,20.940000534057617,18.730194091796875,0.0
2023-02-16,21.139999389648438,18.909088134765625,0.0
2023-02-17,20.8799991607666,18.676525115966797,0.0
2023-02-20,21.0,18.783863067626953,0.0
2023-02-21,20.68000030517578,18.497634887695312,0.0
2023-02-22,20.540000915527344,18.372407913208008,0.0
2023-02-23,20.479999542236328,18.318737030029297,0.0
2023-02-24,20.239999771118164,18.104066848754883,0.0
2023-02-27,20.079999923706055,17.96095085144043,0.0
2023-02-28,19.989999771118164,17.880449295043945,0.0
2023-03-01,20.760000228881836,18.56919288635254,0.0
2023-03-02,20.600000381469727,18.426074981689453,0.0
2023-03-03,20.780000686645508,18.58708381652832,0.0
2023-03-06,20.799999237060547,18.604969024658203,0.0
2023-03-07,20.719999313354492,18.533411026000977,0.0
2023-03-08,20.239999771118164,18.104066848754883,0.0
2023-03-09,20.15999984741211,18.032506942749023,0.0
2023-03-10,19.489999771118164,17.433216094970703,0.0
2023-03-13,19.920000076293945,17.81783676147461,0.0
2023-03-14,19.459999084472656,17.4063777923584,0.0
2023-03-15,19.780000686645508,17.692611694335938,0.0
2023-03-16,19.43000030517578,17.379547119140625,0.0
2023-03-17,19.739999771118164,17.656829833984375,0.0
2023-03-20,19.209999084472656,17.182762145996094,0.0
2023-03-21,19.459999084472656,17.4063777923584,0.0
2023-03-22,19.799999237060547,17.710500717163086,0.0
2023-03-23,20.260000228881836,18.121952056884766,0.0
2023-03-24,20.100000381469727,17.978839874267578,0.0
2023-03-27,19.770000457763672,17.683664321899414,0.0
2023-03-28,20.0,17.889392852783203,0.0
2023-03-29,20.3799991607666,18.22928810119629,0.0
2023-03-30,20.520000457763672,18.35451889038086,0.0
2023-03-31,20.579999923706055,18.408184051513672,0.0
2023-04-03,20.600000381469727,18.426074981689453,0.0
2023-04-04,20.479999542236328,18.318737030029297,0.0
2023-04-06,20.540000915527344,18.372407913208008,0.0
2023-04-11,20.719999313354492,18.533411026000977,0.0
2023-04-12,20.520000457763672,18.35451889038086,0.0
2023-04-13,20.559999465942383,18.39029884338379,0.0
2023-04-14,20.700000762939453,18.515522003173828,0.0
2023-04-17,21.020000457763672,18.801753997802734,0.0
2023-04-18,20.84000015258789,18.6407470703125,0.0
2023-04-19,20.559999465942383,18.39029884338379,0.0
2023-04-20,20.600000381469727,18.426074981689453,0.0
2023-04-21,20.239999771118164,18.104066848754883,0.0
2023-04-24,20.15999984741211,18.032506942749023,0.0
2023-04-25,19.81999969482422,17.728389739990234,0.0
2023-04-26,19.93000030517578,17.826778411865234,0.0
2023-04-27,20.040000915527344,17.925172805786133,0.0
2023-04-28,20.0,17.979110717773438,0.1
2023-05-02,19.989999771118164,17.97011947631836,0.0
2023-05-03,19.780000686645508,17.781341552734375,0.0
2023-05-04,20.059999465942383,18.033048629760742,0.0
2023-05-05,20.15999984741211,18.122943878173828,0.0
2023-05-08,20.399999618530273,18.33869171142578,0.0
2023-05-09,19.959999084472656,17.943151473999023,0.0
2023-05-10,19.8700008392334,17.862247467041016,0.0
2023-05-11,19.860000610351562,17.85325813293457,0.0
2023-05-12,19.75,17.754371643066406,0.0
2023-05-15,20.1200008392334,18.086984634399414,0.0
2023-05-16,20.1200008392334,18.086984634399414,0.0
2023-05-17,19.690000534057617,17.700435638427734,0.0
2023-05-18,19.8799991607666,17.871234893798828,0.0
2023-05-19,19.600000381469727,17.619529724121094,0.0
2023-05-22,19.84000015258789,17.835275650024414,0.0
2023-05-23,19.600000381469727,17.619529724121094,0.0
2023-05-24,19.309999465942383,17.358829498291016,0.0
2023-05-25,18.969999313354492,17.053184509277344,0.0
2023-05-29,18.780000686645508,16.88238525390625,0.0
2023-05-30,18.81999969482422,16.91834259033203,0.0
2023-05-31,18.479999542236328,16.61269760131836,0.0
2023-06-01,18.43000030517578,16.5677490234375,0.0
2023-06-02,19.190000534057617,17.25095558166504,0.0
2023-06-05,19.350000381469727,17.394790649414062,0.0
2023-06-06,19.309999465942383,17.358829498291016,0.0
2023-06-07,19.489999771118164,17.52064323425293,0.0
2023-06-08,19.549999237060547,17.5745792388916,0.0
2023-06-09,19.65999984741211,17.673465728759766,0.0
2023-06-12,19.700000762939453,17.70942497253418,0.0
2023-06-13,19.829999923706055,17.82628631591797,0.0
2023-06-14,19.700000762939453,17.70942497253418,0.0
2023-06-15,20.139999389648438,18.104961395263672,0.0
2023-06-16,20.34000015258789,18.28475570678711,0.0
2023-06-19,20.200000762939453,18.158903121948242,0.0
2023-06-20,19.920000076293945,17.907196044921875,0.0
2023-06-21,19.549999237060547,17.5745792388916,0.0
2023-06-23,19.219999313354492,17.277921676635742,0.0
2023-06-26,19.149999618530273,17.214994430541992,0.0
2023-06-27,19.479999542236328,17.51165199279785,0.0
2023-06-28,19.530000686645508,17.556602478027344,0.0
2023-06-29,19.270000457763672,17.322872161865234,0.0
2023-06-30,19.25,17.304889678955078,0.0
2023-07-03,19.639999389648438,17.655485153198242,0.0
2023-07-04,19.760000228881836,17.76336097717285,0.0
2023-07-05,19.469999313354492,17.50266456604004,0.0
2023-07-06,19.020000457763672,17.098134994506836,0.0
2023-07-07,18.860000610351562,16.954299926757812,0.0
2023-07-10,18.979999542236328,17.062175750732422,0.0
2023-07-11,19.139999389648438,17.206010818481445,0.0
2023-07-12,19.360000610351562,17.403778076171875,0.0
2023-07-13,19.850000381469727,17.844266891479492,0.0
2023-07-14,19.899999618530273,17.88921356201172,0.0
2023-07-18,19.510000228881836,17.538619995117188,0.0
2023-07-19,19.440000534057617,17.475696563720703,0.0
2023-07-20,19.399999618530273,17.43973731994629,0.0
2023-07-21,19.59000015258789,17.610538482666016,0.0
2023-07-24,19.15999984741211,17.223987579345703,0.0
2023-07-25,19.920000076293945,17.907196044921875,0.0
2023-07-26,19.860000610351562,17.85325813293457,0.0
2023-07-27,20.1200008392334,18.086984634399414,0.0
2023-07-28,20.420000076293945,18.356670379638672,0.0
2023-07-31,20.540000915527344,18.46454620361328,0.0
2023-08-01,20.540000915527344,18.46454620361328,0.0
2023-08-02,19.989999771118164,17.97011947631836,0.0
2023-08-03,19.899999618530273,17.88921356201172,0.0
2023-08-04,20.040000915527344,18.01506805419922,0.0
2023-08-07,20.040000915527344,18.01506805419922,0.0
2023-08-08,19.690000534057617,17.700435638427734,0.0
2023-08-09,19.760000228881836,17.76336097717285,0.0
2023-08-10,19.780000686645508,17.781341552734375,0.0
2023-08-11,19.6200008392334,17.63750457763672,0.0
2023-08-14,19.299999237060547,17.34984016418457,0.0
2023-08-15,19.110000610351562,17.179039001464844,0.0
2023-08-16,18.850000381469727,16.9453125,0.0
2023-08-17,18.8799991607666,16.97227668762207,0.0
2023-08-18,18.479999542236328,16.61269760131836,0.0
2023-08-21,18.149999618530273,16.316041946411133,0.0
2023-08-22,18.31999969482422,16.4688663482666,0.0
2023-08-23,18.40999984741211,16.549768447875977,0.0
2023-08-24,18.760000228881836,16.864404678344727,0.0
2023-08-25,18.510000228881836,16.639667510986328,0.0
2023-08-28,18.649999618530273,16.765520095825195,0.0
2023-08-29,19.030000686645508,17.10712432861328,0.0
2023-08-30,19.0,17.080154418945312,0.0
2023-08-31,18.93000030517578,17.017227172851562,0.0
2023-09-04,19.420000076293945,17.45771598815918,0.0
2023-09-05,19.020000457763672,17.098134994506836,0.0
2023-09-06,19.020000457763672,17.098134994506836,0.0
2023-09-07,18.790000915527344,16.891374588012695,0.0
2023-09-11,18.719999313354492,16.828445434570312,0.0
2023-09-12,18.65999984741211,16.77450942993164,0.0
2023-09-13,18.649999618530273,16.765520095825195,0.0
2023-09-14,18.700000762939453,16.810468673706055,0.0
2023-09-15,18.799999237060547,16.900362014770508,0.0
2023-09-18,18.540000915527344,16.66663360595703,0.0
2023-09-19,18.6299991607666,16.747539520263672,0.0
2023-09-20,18.510000228881836,16.639667510986328,0.0
2023-09-21,18.280000686645508,16.43290901184082,0.0
2023-09-22,18.700000762939453,16.810468673706055,0.0
2023-09-25,18.34000015258789,16.486845016479492,0.0
2023-09-26,18.09000015258789,16.262107849121094,0.0
2023-09-27,18.25,16.40593910217285,0.0
2023-09-28,18.0,16.181198120117188,0.0
2023-09-29,18.440000534057617,16.576740264892578,0.0
2023-10-03,17.940000534057617,16.127260208129883,0.0
2023-10-04,17.809999465942383,16.01039695739746,0.0
2023-10-05,17.84000015258789,16.037364959716797,0.0
2023-10-06,18.139999389648438,16.307052612304688,0.0
2023-10-09,18.170000076293945,16.334022521972656,0.0
2023-10-10,18.31999969482422,16.4688663482666,0.0
2023-10-11,18.549999237060547,16.67562484741211,0.0
2023-10-12,18.860000610351562,16.954299926757812,0.0
2023-10-13,18.440000534057617,16.576740264892578,0.0
2023-10-16,18.270000457763672,16.423917770385742,0.0
2023-10-17,18.399999618530273,16.540781021118164,0.0
2023-10-18,18.3799991607666,16.522802352905273,0.0
2023-10-19,17.90999984741211,16.100292205810547,0.0
2023-10-20,17.790000915527344,15.992417335510254,0.0
2023-10-24,17.600000381469727,15.821616172790527,0.0
2023-10-25,17.739999771118164,15.947469711303711,0.0
2023-10-26,17.690000534057617,15.9025239944458,0.0
2023-10-27,18.079999923706055,16.253114700317383,0.0
2023-10-30,17.530000686645508,16.253116607666016,0.55
2023-10-31,17.219999313354492,15.965694427490234,0.0
2023-11-01,17.190000534057617,15.937882423400879,0.0
2023-11-02,17.329999923706055,16.06768226623535,0.0
2023-11-03,17.760000228881836,16.46636390686035,0.0
2023-11-06,18.06999969482422,16.753780364990234,0.0
2023-11-07,17.760000228881836,16.46636390686035,0.0
2023-11-08,17.649999618530273,16.364376068115234,0.0
2023-11-09,17.6299991607666,16.345829010009766,0.0
2023-11-10,17.309999465942383,16.04913902282715,0.0
2023-11-13,17.559999465942383,16.28093147277832,0.0
2023-11-14,17.530000686645508,16.253116607666016,0.0
2023-11-15,18.200000762939453,16.874313354492188,0.0
2023-11-16,17.950000762939453,16.64252281188965,0.0
2023-11-17,17.56999969482422,16.29020118713379,0.0
2023-11-20,17.899999618530273,16.596162796020508,0.0
2023-11-21,17.84000015258789,16.54053497314453,0.0
2023-11-22,17.860000610351562,16.55908203125,0.0
2023-11-23,18.059999465942383,16.744508743286133,0.0
2023-11-24,17.690000534057617,16.40146255493164,0.0
2023-11-27,17.670000076293945,16.382917404174805,0.0
2023-11-28,17.5,16.225299835205078,0.0
2023-11-29,17.1299991607666,15.882251739501953,0.0
2023-11-30,17.190000534057617,15.937882423400879,0.0
2023-12-01,16.969999313354492,15.733904838562012,0.0
2023-12-04,16.790000915527344,15.567017555236816,0.0
2023-12-05,16.459999084472656,15.261052131652832,0.0
2023-12-06,16.59000015258789,15.381585121154785,0.0
2023-12-07,16.469999313354492,15.270325660705566,0.0
2023-12-08,16.459999084472656,15.261052131652832,0.0
2023-12-11,16.34000015258789,15.149794578552246,0.0
2023-12-12,16.510000228881836,15.307412147521973,0.0
2023-12-13,16.360000610351562,15.168338775634766,0.0
2023-12-14,16.540000915527344,15.335227012634277,0.0
2023-12-15,16.940000534057617,15.706090927124023,0.0
2023-12-18,16.760000228881836,15.539201736450195,0.0
2023-12-19,16.6299991607666,15.418670654296875,0.0
2023-12-20,16.760000228881836,15.539201736450195,0.0
2023-12-21,16.780000686645508,15.557747840881348,0.0
2023-12-22,16.469999313354492,15.270325660705566,0.0
2023-12-27,16.760000228881836,15.539201736450195,0.0
2023-12-28,17.229999542236328,15.974967956542969,0.0
2023-12-29,17.190000534057617,15.937882423400879,0.0
2024-01-02,16.940000534057617,15.706090927124023,0.0
2024-01-03,16.790000915527344,15.567017555236816,0.0
2024-01-04,16.809999465942383,15.585559844970703,0.0
2024-01-05,16.68000030517578,15.465028762817383,0.0
2024-01-08,16.360000610351562,15.168338775634766,0.0
2024-01-09,16.34000015258789,15.149794578552246,0.0
2024-01-10,16.25,15.066351890563965,0.0
2024-01-11,16.459999084472656,15.261052131652832,0.0
2024-01-12,16.389999389648438,15.196152687072754,0.0
2024-01-15,16.3700008392334,15.17760944366455,0.0
2024-01-16,16.0,14.83456039428711,0.0
2024-01-17,15.399999618530273,14.278264045715332,0.0
2024-01-18,15.529999732971191,14.398796081542969,0.0
2024-01-19,15.4399995803833,14.315350532531738,0.0
2024-01-22,15.109999656677246,14.00938892364502,0.0
2024-01-23,15.479999542236328,14.352437019348145,0.0
2024-01-24,16.059999465942383,14.890190124511719,0.0
2024-01-25,16.350000381469727,15.15906810760498,0.0
2024-01-26,16.100000381469727,14.927277565002441,0.0
2024-01-29,16.229999542236328,15.047806739807129,0.0
2024-01-30,15.829999923706055,14.676942825317383,0.0
2024-01-31,15.619999885559082,14.482239723205566,0.0
2024-02-01,15.739999771118164,14.593499183654785,0.0
2024-02-02,15.65999984741211,14.519325256347656,0.0
2024-02-05,15.630000114440918,14.491511344909668,0.0
2024-02-06,16.280000686645508,15.09416675567627,0.0
2024-02-07,16.200000762939453,15.019993782043457,0.0
2024-02-08,16.0,14.83456039428711,0.0
2024-02-09,15.880000114440918,14.723301887512207,0.0
2024-02-14,16.020000457763672,14.853104591369629,0.0
2024-02-15,16.079999923706055,14.908733367919922,0.0
2024-02-16,16.5,15.298141479492188,0.0
2024-02-19,16.290000915527344,15.103438377380371,0.0
2024-02-20,16.3799991607666,15.186880111694336,0.0
2024-02-21,16.649999618530273,15.437211990356445,0.0
2024-02-22,16.920000076293945,15.68754768371582,0.0
2024-02-23,16.8799991607666,15.650460243225098,0.0
2024-02-26,16.770000457763672,15.548476219177246,0.0
2024-02-27,16.959999084472656,15.72463321685791,0.0
2024-02-28,16.68000030517578,15.465028762817383,0.0
2024-02-29,16.6299991607666,15.418670654296875,0.0
2024-03-01,16.719999313354492,15.502117156982422,0.0
2024-03-04,16.739999771118164,15.520657539367676,0.0
2024-03-05,16.299999237060547,15.112709045410156,0.0
2024-03-06,16.600000381469727,15.390857696533203,0.0
2024-03-07,16.420000076293945,15.223967552185059,0.0
2024-03-08,16.559999465942383,15.353771209716797,0.0
2024-03-11,16.790000915527344,15.567017555236816,0.0
2024-03-12,17.31999969482422,16.05841064453125,0.0
2024-03-13,17.31999969482422,16.05841064453125,0.0
2024-03-14,17.170000076293945,15.919337272644043,0.0
2024-03-15,16.950000762939453,15.715362548828125,0.0
2024-03-18,16.959999084472656,15.72463321685791,0.0
2024-03-19,16.75,15.529930114746094,0.0
2024-03-20,16.770000457763672,15.548476219177246,0.0
2024-03-21,17.100000381469727,15.854436874389648,0.0
2024-03-22,16.709999084472656,15.492841720581055,0.0
2024-03-25,16.68000030517578,15.465028762817383,0.0
2024-03-26,16.84000015258789,15.613374710083008,0.0
2024-03-27,16.6200008392334,15.409401893615723,0.0
2024-03-28,16.75,15.529930114746094,0.0
2024-04-02,17.149999618530273,15.900795936584473,0.0
2024-04-03,16.940000534057617,15.706090927124023,0.0
2024-04-05,16.940000534057617,15.706090927124023,0.0
2024-04-08,16.969999313354492,15.733904838562012,0.0
2024-04-09,17.079999923706055,15.835892677307129,0.0
2024-04-10,17.389999389648438,16.12331199645996,0.0
2024-04-11,17.34000015258789,16.076953887939453,0.0
2024-04-12,16.969999313354492,15.733904838562012,0.0
2024-04-15,16.81999969482422,15.594831466674805,0.0
2024-04-16,16.489999771118164,15.288867950439453,0.0
2024-04-17,16.479999542236328,15.279598236083984,0.0
2024-04-18,16.6299991607666,15.418670654296875,0.0
2024-04-19,16.469999313354492,15.270325660705566,0.0
2024-04-22,16.709999084472656,15.492841720581055,0.0
2024-04-23,17.059999465942383,15.817351341247559,0.0
2024-04-24,17.43000030517578,16.160400390625,0.0
2024-04-25,17.510000228881836,16.23457145690918,0.0
2024-04-26,17.899999618530273,16.596162796020508,0.0
2024-04-29,17.81999969482422,16.66161346435547,0.15
2024-04-30,17.84000015258789,16.680313110351562,0.0
2024-05-02,18.309999465942383,17.119760513305664,0.0
2024-05-03,18.559999465942383,17.353511810302734,0.0
2024-05-06,18.68000030517578,17.465709686279297,0.0
2024-05-07,18.559999465942383,17.353511810302734,0.0
2024-05-08,18.40999984741211,17.213258743286133,0.0
2024-05-09,18.670000076293945,17.45635986328125,0.0
2024-05-10,19.1200008392334,17.87710952758789,0.0
2024-05-13,19.270000457763672,18.017356872558594,0.0
2024-05-14,19.229999542236328,17.97995948791504,0.0
2024-05-16,19.530000686645508,18.260456085205078,0.0
2024-05-17,19.719999313354492,18.4381046295166,0.0
2024-05-20,19.809999465942383,18.522254943847656,0.0
2024-05-21,19.350000381469727,18.092159271240234,0.0
2024-05-22,19.34000015258789,18.082807540893555,0.0
2024-05-23,19.020000457763672,17.78360939025879,0.0
2024-05-24,18.790000915527344,17.568561553955078,0.0
2024-05-27,19.0,17.764907836914062,0.0
2024-05-28,19.020000457763672,17.78360939025879,0.0
2024-05-29,18.709999084472656,17.493759155273438,0.0
2024-05-30,18.459999084472656,17.260011672973633,0.0
2024-05-31,18.299999237060547,17.11041259765625,0.0
2024-06-03,18.6200008392334,17.409610748291016,0.0
2024-06-04,18.65999984741211,17.447010040283203,0.0
2024-06-05,18.65999984741211,17.447010040283203,0.0
2024-06-06,18.760000228881836,17.540510177612305,0.0
2024-06-07,18.65999984741211,17.447010040283203,0.0
2024-06-11,18.5,17.29741096496582,0.0
2024-06-12,18.290000915527344,17.101062774658203,0.0
2024-06-13,18.459999084472656,17.260011672973633,0.0
2024-06-14,18.270000457763672,17.08236312866211,0.0
2024-06-17,18.299999237060547,17.11041259765625,0.0
2024-06-18,18.290000915527344,17.101062774658203,0.0
2024-06-19,18.809999465942383,17.58725929260254,0.0
2024-06-20,18.709999084472656,17.493759155273438,0.0
2024-06-21,18.399999618530273,17.20391082763672,0.0
2024-06-24,18.399999618530273,17.20391082763672,0.0
2024-06-25,18.43000030517578,17.231962203979492,0.0
2024-06-26,18.469999313354492,17.269359588623047,0.0
2024-06-27,18.1299991607666,16.951461791992188,0.0
2024-06-28,18.1200008392334,16.942113876342773,0.0
2024-07-02,18.190000534057617,17.0075626373291,0.0
2024-07-03,18.399999618530273,17.20391082763672,0.0
2024-07-04,18.510000228881836,17.3067626953125,0.0
2024-07-05,18.260000228881836,17.07301139831543,0.0
2024-07-08,18.079999923706055,16.904712677001953,0.0
2024-07-09,18.049999237060547,16.876663208007812,0.0
2024-07-10,18.020000457763672,16.848613739013672,0.0
2024-07-11,18.399999618530273,17.20391082763672,0.0
2024-07-12,18.860000610351562,17.634010314941406,0.0
2024-07-15,18.579999923706055,17.372209548950195,0.0
2024-07-16,18.280000686645508,17.091712951660156,0.0
2024-07-17,18.280000686645508,17.091712951660156,0.0
2024-07-18,18.329999923706055,17.13846206665039,0.0
2024-07-19,17.979999542236328,16.81121253967285,0.0
2024-07-22,18.219999313354492,17.035612106323242,0.0
2024-07-23,18.020000457763672,16.848613739013672,0.0
2024-07-24,17.8799991607666,16.717714309692383,0.0
2024-07-25,17.56999969482422,16.42786407470703,0.0
2024-07-26,17.549999237060547,16.40916633605957,0.0
2024-07-29,17.84000015258789,16.680313110351562,0.0
2024-07-30,17.549999237060547,16.40916633605957,0.0
2024-07-31,17.959999084472656,16.792512893676758,0.0
2024-08-01,17.850000381469727,16.68966293334961,0.0
2024-08-02,17.510000228881836,16.37176513671875,0.0
2024-08-05,17.25,16.1286678314209,0.0
2024-08-06,17.200000762939453,16.081918716430664,0.0
2024-08-07,17.43000030517578,16.296966552734375,0.0
2024-08-08,17.440000534057617,16.306316375732422,0.0
2024-08-09,17.65999984741211,16.512014389038086,0.0
2024-08-12,17.65999984741211,16.512014389038086,0.0
2024-08-13,17.729999542236328,16.57746124267578,0.0
2024-08-14,17.65999984741211,16.512014389038086,0.0
2024-08-15,17.690000534057617,16.54006576538086,0.0
2024-08-16,18.010000228881836,16.839262008666992,0.0
2024-08-19,18.149999618530273,16.97016143798828,0.0
2024-08-20,18.079999923706055,16.904712677001953,0.0
2024-08-21,17.959999084472656,16.792512893676758,0.0
2024-08-22,18.219999313354492,17.035612106323242,0.0
2024-08-23,18.209999084472656,17.026262283325195,0.0
2024-08-26,18.3700008392334,17.17586326599121,0.0
2024-08-27,18.469999313354492,17.269359588623047,0.0
2024-08-28,18.299999237060547,17.11041259765625,0.0
2024-08-29,18.3700008392334,17.17586326599121,0.0
2024-08-30,18.610000610351562,17.4002628326416,0.0
2024-09-02,18.299999237060547,17.11041259765625,0.0
2024-09-03,18.280000686645508,17.091712951660156,0.0
2024-09-04,18.079999923706055,16.904712677001953,0.0
2024-09-05,18.09000015258789,16.914064407348633,0.0
2024-09-09,17.84000015258789,16.680313110351562,0.0
2024-09-10,17.90999984741211,16.74576187133789,0.0
2024-09-11,17.770000457763672,16.614866256713867,0.0
2024-09-12,17.940000534057617,16.773813247680664,0.0
2024-09-13,18.06999969482422,16.895360946655273,0.0
2024-09-16,18.1299991607666,16.951461791992188,0.0
2024-09-17,18.350000381469727,17.157161712646484,0.0
2024-09-19,18.719999313354492,17.503110885620117,0.0
2024-09-20,18.940000534057617,17.70880699157715,0.0
2024-09-23,18.950000762939453,17.71816062927246,0.0
2024-09-24,19.739999771118164,18.456804275512695,0.0
2024-09-25,19.84000015258789,18.550302505493164,0.0
2024-09-26,20.65999984741211,19.317001342773438,0.0
2024-09-27,21.34000015258789,19.952796936035156,0.0
2024-09-30,21.81999969482422,20.401594161987305,0.0
2024-10-02,23.139999389648438,21.635787963867188,0.0
2024-10-03,22.81999969482422,21.336589813232422,0.0
2024-10-04,23.459999084472656,21.934986114501953,0.0
2024-10-07,23.799999237060547,22.252885818481445,0.0
2024-10-08,21.639999389648438,20.23329734802246,0.0
2024-10-09,21.31999969482422,19.934097290039062,0.0
2024-10-10,21.959999084472656,20.532493591308594,0.0
2024-10-14,21.799999237060547,20.382896423339844,0.0
2024-10-15,21.059999465942383,19.69099998474121,0.0
2024-10-16,20.979999542236328,19.61619758605957,0.0
2024-10-17,20.760000228881836,19.410499572753906,0.0
2024-10-18,21.5,20.10239601135254,0.0
2024-10-21,21.200000762939453,19.821897506713867,0.0
2024-10-22,21.219999313354492,19.84059715270996,0.0
2024-10-23,21.479999542236328,20.083696365356445,0.0
2024-10-24,21.219999313354492,19.84059715270996,0.0
2024-10-25,21.34000015258789,19.952796936035156,0.0
2024-10-28,21.31999969482422,19.934097290039062,0.0
2024-10-29,21.420000076293945,20.02759552001953,0.0
2024-10-30,20.459999084472656,19.700220108032227,0.62
2024-10-31,20.459999084472656,19.700220108032227,0.0
2024-11-01,20.6200008392334,19.85428237915039,0.0
2024-11-04,20.68000030517578,19.91205406188965,0.0
2024-11-05,21.1200008392334,20.335716247558594,0.0
2024-11-06,20.639999389648438,19.873537063598633,0.0
2024-11-07,21.079999923706055,20.297197341918945,0.0
2024-11-08,20.81999969482422,20.046852111816406,0.0
2024-11-11,20.559999465942383,19.7965087890625,0.0
2024-11-12,19.969999313354492,19.22842025756836,0.0
2024-11-13,19.940000534057617,19.199533462524414,0.0
2024-11-14,19.549999237060547,18.82401466369629,0.0
2024-11-15,19.549999237060547,18.82401466369629,0.0
2024-11-18,19.709999084472656,18.978073120117188,0.0
2024-11-19,19.790000915527344,19.055103302001953,0.0
2024-11-20,19.81999969482422,19.0839900970459,0.0
2024-11-21,19.719999313354492,18.987701416015625,0.0
2024-11-22,19.34000015258789,18.621814727783203,0.0
2024-11-25,19.290000915527344,18.573673248291016,0.0
2024-11-26,19.270000457763672,18.554412841796875,0.0
2024-11-27,19.760000228881836,19.02621841430664,0.0
2024-11-28,19.5,18.77587127685547,0.0
2024-11-29,19.600000381469727,18.872159957885742,0.0
2024-12-02,19.739999771118164,19.006959915161133,0.0
2024-12-03,19.8799991607666,19.141759872436523,0.0
2024-12-04,19.8799991607666,19.141759872436523,0.0
2024-12-05,19.719999313354492,18.987701416015625,0.0
2024-12-06,20.040000915527344,19.295820236206055,0.0
2024-12-09,20.559999465942383,19.7965087890625,0.0
2024-12-10,20.479999542236328,19.719478607177734,0.0
2024-12-11,20.31999969482422,19.56542205810547,0.0
2024-12-12,20.540000915527344,19.777252197265625,0.0
2024-12-13,20.079999923706055,19.334333419799805,0.0
2024-12-16,19.93000030517578,19.189903259277344,0.0
2024-12-17,19.899999618530273,19.1610164642334,0.0
2024-12-18,20.040000915527344,19.295820236206055,0.0
2024-12-19,19.920000076293945,19.18027687072754,0.0
2024-12-20,19.889999389648438,19.15138816833496,0.0
2024-12-23,20.020000457763672,19.276561737060547,0.0
2024-12-24,20.280000686645508,19.52690887451172,0.0
2024-12-27,20.219999313354492,19.469135284423828,0.0
2024-12-30,20.18000030517578,19.430620193481445,0.0
2024-12-31,20.239999771118164,19.488391876220703,0.0
2025-01-02,19.780000686645508,19.045475006103516,0.0
2025-01-03,19.940000534057617,19.199533462524414,0.0
2025-01-06,19.8799991607666,19.141759872436523,0.0
2025-01-07,19.6299991607666,18.901044845581055,0.0
2025-01-08,19.469999313354492,18.746986389160156,0.0
2025-01-09,19.43000030517578,18.708471298217773,0.0
2025-01-10,19.270000457763672,18.554412841796875,0.0
2025-01-13,19.09000015258789,18.38109588623047,0.0
2025-01-14,19.440000534057617,18.718101501464844,0.0
2025-01-15,19.479999542236328,18.756614685058594,0.0
2025-01-16,19.75,19.016590118408203,0.0
2025-01-17,19.790000915527344,19.055103302001953,0.0
2025-01-20,20.1200008392334,19.372848510742188,0.0
2025-01-21,20.31999969482422,19.56542205810547,0.0
2025-01-22,19.969999313354492,19.22842025756836,0.0
2025-01-23,19.899999618530273,19.1610164642334,0.0
2025-01-24,20.260000228881836,19.50765037536621,0.0
2025-01-27,20.399999618530273,19.6424503326416,0.0
2025-01-28,20.459999084472656,19.700220108032227,0.0
2025-02-03,20.440000534057617,19.680967330932617,0.0
2025-02-04,21.0,20.220170974731445,0.0
2025-02-05,20.799999237060547,20.02759552001953,0.0
2025-02-06,21.100000381469727,20.316455841064453,0.0
2025-02-07,21.34000015258789,20.547544479370117,0.0
2025-02-10,21.719999313354492,20.91343116760254,0.0
2025-02-11,21.520000457763672,20.720861434936523,0.0
2025-02-12,22.059999465942383,21.240806579589844,0.0
2025-02-13,22.0,21.183034896850586,0.0
2025-02-14,22.81999969482422,21.972583770751953,0.0
2025-02-17,22.81999969482422,21.972583770751953,0.0
2025-02-18,23.18000030517578,22.319215774536133,0.0
2025-02-19,23.139999389648438,22.28070068359375,0.0
2025-02-20,22.760000228881836,21.914812088012695,0.0
2025-02-21,23.68000030517578,22.800647735595703,0.0
2025-02-24,23.540000915527344,22.665847778320312,0.0
2025-02-25,23.239999771118164,22.37698745727539,0.0
2025-02-26,23.959999084472656,23.070247650146484,0.0
2025-02-27,23.940000534057617,23.050994873046875,0.0
2025-02-28,23.15999984741211,22.299959182739258,0.0
2025-03-03,23.219999313354492,22.357730865478516,0.0
2025-03-04,23.139999389648438,22.28070068359375,0.0
2025-03-05,23.799999237060547,22.91619300842285,0.0
2025-03-06,24.6200008392334,23.70574378967285,0.0
2025-03-07,24.520000457763672,23.60945701599121,0.0
2025-03-10,24.079999923706055,23.185792922973633,0.0
2025-03-11,24.040000915527344,23.147281646728516,0.0
2025-03-12,23.979999542236328,23.089508056640625,0.0
2025-03-13,23.760000228881836,22.87767791748047,0.0
2025-03-14,24.260000228881836,23.359111785888672,0.0
2025-03-17,24.459999084472656,23.55168342590332,0.0
2025-03-18,25.040000915527344,24.110145568847656,0.0
2025-03-19,25.079999923706055,24.14866065979004,0.0
2025-03-20,24.540000915527344,23.628713607788086,0.0
2025-03-21,24.0,23.108766555786133,0.0
2025-03-24,24.200000762939453,23.301340103149414,0.0
2025-03-25,23.65999984741211,22.781391143798828,0.0
2025-03-26,23.780000686645508,22.896936416625977,0.0
2025-03-27,23.8799991607666,22.993221282958984,0.0
2025-03-28,23.719999313354492,22.839162826538086,0.0
2025-03-31,23.459999084472656,22.588817596435547,0.0
2025-04-01,23.5,22.62733268737793,0.0
2025-04-02,23.520000457763672,22.646591186523438,0.0
2025-04-03,23.139999389648438,22.28070068359375,0.0
2025-04-07,20.040000915527344,19.295820236206055,0.0
2025-04-08,20.31999969482422,19.56542205810547,0.0
2025-04-09,20.540000915527344,19.777252197265625,0.0
2025-04-10,21.0,20.220170974731445,0.0
2025-04-11,21.219999313354492,20.43199920654297,0.0
2025-04-14,21.719999313354492,20.91343116760254,0.0
2025-04-15,21.760000228881836,20.951946258544922,0.0
2025-04-16,21.34000015258789,20.547544479370117,0.0
2025-04-17,21.719999313354492,20.91343116760254,0.0
2025-04-22,21.899999618530273,21.086748123168945,0.0
2025-04-23,22.399999618530273,21.568180084228516,0.0
2025-04-24,22.219999313354492,21.394865036010742,0.0
2025-04-25,22.31999969482422,21.491153717041016,0.0
2025-04-28,22.31999969482422,21.491153717041016,0.0
2025-04-29,22.139999389648438,21.53005027770996,0.22
2025-04-30,22.260000228881836,21.646745681762695,0.0
2025-05-02,22.65999984741211,22.035722732543945,0.0
2025-05-06,22.84000015258789,22.210765838623047,0.0
2025-05-07,22.84000015258789,22.210765838623047,0.0
2025-05-08,22.940000534057617,22.308012008666992,0.0
2025-05-09,23.059999465942383,22.42470359802246,0.0
2025-05-12,23.739999771118164,23.08597183227539,0.0
2025-05-13,23.260000228881836,22.61919593811035,0.0
2025-05-14,23.81999969482422,23.163766860961914,0.0
2025-05-15,23.65999984741211,23.008174896240234,0.0
2025-05-16,23.559999465942383,22.91092872619629,0.0
2025-05-19,23.540000915527344,22.891481399536133,0.0
2025-05-20,23.8799991607666,23.22211265563965,0.0
2025-05-21,24.059999465942383,23.397153854370117,0.0
2025-05-22,23.760000228881836,23.10542106628418,0.0
2025-05-23,23.81999969482422,23.163766860961914,0.0
2025-05-26,23.520000457763672,22.872032165527344,0.0
2025-05-27,23.65999984741211,23.008174896240234,0.0
2025-05-28,23.559999465942383,22.91092872619629,0.0
2025-05-29,23.860000610351562,23.202665328979492,0.0
2025-05-30,23.579999923706055,22.93037986755371,0.0
2025-06-02,23.479999542236328,22.833131790161133,0.0
2025-06-03,23.81999969482422,23.163766860961914,0.0
2025-06-04,23.959999084472656,23.299907684326172,0.0
2025-06-05,24.200000762939453,23.53329849243164,0.0
2025-06-06,24.15999984741211,23.494400024414062,0.0
2025-06-09,24.5,23.82503318786621,0.0
2025-06-10,24.5,23.82503318786621,0.0
2025-06-11,24.739999771118164,24.058422088623047,0.0
2025-06-12,24.459999084472656,23.7861328125,0.0
2025-06-13,24.260000228881836,23.591646194458008,0.0
2025-06-16,24.479999542236328,23.805583953857422,0.0
2025-06-17,24.399999618530273,23.7277889251709,0.0
2025-06-18,24.1200008392334,23.455501556396484,0.0
2025-06-19,23.639999389648438,22.988723754882812,0.0
2025-06-20,23.920000076293945,23.26101303100586,0.0
2025-06-23,24.100000381469727,23.436054229736328,0.0
2025-06-24,24.600000381469727,23.922279357910156,0.0
2025-06-25,24.899999618530273,24.214014053344727,0.0
2025-06-26,24.760000228881836,24.077871322631836,0.0
2025-06-27,24.700000762939453,24.01952362060547,0.0
2025-06-30,24.520000457763672,23.844482421875,0.0
2025-07-02,24.639999389648438,23.9611759185791,0.0
2025-07-03,24.540000915527344,23.86393165588379,0.0
2025-07-04,24.399999618530273,23.7277889251709,0.0
2025-07-07,24.360000610351562,23.68889045715332,0.0
2025-07-08,24.639999389648438,23.9611759185791,0.0
2025-07-09,24.3799991607666,23.708337783813477,0.0
2025-07-10,24.520000457763672,23.844482421875,0.0
2025-07-11,24.6200008392334,23.941726684570312,0.0
2025-07-14,24.700000762939453,24.01952362060547,0.0
2025-07-15,25.079999923706055,24.389055252075195,0.0
2025-07-16,24.979999542236328,24.29180908203125,0.0
2025-07-17,25.0,24.31125831604004,0.0
2025-07-18,25.31999969482422,24.6224422454834,0.0
2025-07-21,25.459999084472656,24.75858497619629,0.0
2025-07-22,25.600000381469727,24.89472770690918,0.0
2025-07-23,26.020000457763672,25.303157806396484,0.0
2025-07-24,26.15999984741211,25.439300537109375,0.0
2025-07-25,25.8799991607666,25.167015075683594,0.0
2025-07-28,26.059999465942383,25.342056274414062,0.0
2025-07-29,26.020000457763672,25.303157806396484,0.0
2025-07-30,25.65999984741211,24.953075408935547,0.0
2025-07-31,25.260000228881836,24.56409454345703,0.0
2025-08-01,24.979999542236328,24.29180908203125,0.0
2025-08-04,25.200000762939453,24.505748748779297,0.0
2025-08-05,25.360000610351562,24.661340713500977,0.0
2025-08-06,25.420000076293945,24.71968650817871,0.0
2025-08-07,25.559999465942383,24.855831146240234,0.0
2025-08-08,25.3799991607666,24.680789947509766,0.0
2025-08-11,25.399999618530273,24.700239181518555,0.0
2025-08-12,25.479999542236328,24.778034210205078,0.0
2025-08-13,26.079999923706055,25.36150360107422,0.0
2025-08-14,26.020000457763672,25.303157806396484,0.0
2025-08-15,25.799999237060547,25.089218139648438,0.0
2025-08-18,25.65999984741211,24.953075408935547,0.0
2025-08-19,25.6200008392334,24.91417694091797,0.0
2025-08-20,25.65999984741211,24.953075408935547,0.0
2025-08-21,25.6200008392334,24.91417694091797,0.0
2025-08-22,25.84000015258789,25.128116607666016,0.0
2025-08-25,26.360000610351562,25.633790969848633,0.0
2025-08-26,26.020000457763672,25.303157806396484,0.0
2025-08-27,25.700000762939453,24.991973876953125,0.0
2025-08-28,25.5,24.797483444213867,0.0
2025-08-29,25.6200008392334,24.91417694091797,0.0
2025-09-01,26.15999984741211,25.439300537109375,0.0
2025-09-02,26.040000915527344,25.322608947753906,0.0
2025-09-03,25.899999618530273,25.186464309692383,0.0
2025-09-04,25.6200008392334,24.91417694091797,0.0
2025-09-05,25.979999542236328,25.264259338378906,0.0
2025-09-08,26.200000762939453,25.478199005126953,0.0
2025-09-09,26.540000915527344,25.808834075927734,0.0
2025-09-10,26.799999237060547,26.061668395996094,0.0
2025-09-11,26.719999313354492,25.98387336730957,0.0
2025-09-12,27.0,26.25615882873535,0.0
2025-09-15,27.079999923706055,26.333953857421875,0.0
2025-09-16,27.059999465942383,26.314504623413086,0.0
2025-09-17,27.520000457763672,26.7618350982666,0.0
2025-09-18,27.18000030517578,26.43120002746582,0.0
2025-09-19,27.200000762939453,26.450651168823242,0.0
2025-09-22,26.959999084472656,26.217260360717773,0.0
2025-09-23,26.799999237060547,26.061668395996094,0.0
2025-09-24,27.18000030517578,26.43120002746582,0.0
2025-09-25,27.139999389648438,26.392301559448242,0.0
2025-09-26,26.780000686645508,26.042221069335938,0.0
2025-09-29,27.239999771118164,26.489545822143555,0.0
2025-09-30,27.520000457763672,26.7618350982666,0.0
2025-10-02,27.959999084472656,27.18971061706543,0.0
2025-10-03,27.780000686645508,27.014671325683594,0.0
2025-10-06,27.579999923706055,26.820178985595703,0.0
2025-10-08,27.459999084472656,26.7034854888916,0.0
2025-10-09,27.399999618530273,26.645137786865234,0.0
2025-10-10,26.959999084472656,26.217260360717773,0.0
2025-10-13,26.540000915527344,25.808834075927734,0.0
2025-10-14,26.1200008392334,25.40040397644043,0.0
2025-10-15,26.559999465942383,25.82828140258789,0.0
2025-10-16,26.540000915527344,25.808834075927734,0.0
2025-10-17,25.860000610351562,25.147565841674805,0.0
2025-10-20,26.520000457763672,25.789382934570312,0.0
2025-10-21,26.700000762939453,25.964426040649414,0.0
2025-10-22,26.420000076293945,25.692136764526367,0.0
2025-10-23,26.600000381469727,25.867177963256836,0.0
2025-10-27,27.040000915527344,26.295059204101562,0.0
2025-10-28,26.979999542236328,26.236709594726562,0.0
2025-10-30,26.399999618530273,26.206928253173828,0.55
2025-10-31,26.059999465942383,25.869415283203125,0.0
2025-11-03,26.260000228881836,26.06795310974121,0.0
2025-11-04,26.040000915527344,25.84956169128418,0.0
2025-11-05,26.040000915527344,25.84956169128418,0.0
2025-11-06,26.600000381469727,26.405466079711914,0.0
2025-11-07,26.34000015258789,26.147367477416992,0.0
2025-11-10,26.799999237060547,26.604001998901367,0.0
2025-11-11,26.84000015258789,26.64371109008789,0.0
2025-11-12,27.040000915527344,26.842248916625977,0.0
2025-11-13,27.18000030517578,26.981224060058594,0.0
2025-11-14,26.719999313354492,26.524587631225586,0.0
2025-11-17,26.520000457763672,26.326051712036133,0.0
2025-11-18,26.059999465942383,25.869415283203125,0.0
2025-11-19,25.979999542236328,25.78999900817871,0.0
2025-11-20,26.0,25.80985450744629,0.0
2025-11-21,25.360000610351562,25.174535751342773,0.0
2025-11-24,25.81999969482422,25.63117027282715,0.0
2025-11-25,26.040000915527344,25.84956169128418,0.0
2025-11-26,26.079999923706055,25.88926887512207,0.0
2025-11-27,26.059999465942383,25.869415283203125,0.0
2025-11-28,26.040000915527344,25.84956169128418,0.0
2025-12-01,26.200000762939453,26.008392333984375,0.0
2025-12-02,26.239999771118164,26.048097610473633,0.0
2025-12-03,25.940000534057617,25.750293731689453,0.0
2025-12-04,26.139999389648438,25.948829650878906,0.0
2025-12-05,26.280000686645508,26.087806701660156,0.0
2025-12-08,25.979999542236328,25.78999900817871,0.0
2025-12-09,25.6200008392334,25.432634353637695,0.0
2025-12-10,25.700000762939453,25.512048721313477,0.0
2025-12-11,25.760000228881836,25.571609497070312,0.0
2025-12-12,26.15999984741211,25.96868324279785,0.0
2025-12-15,25.84000015258789,25.651023864746094,0.0
2025-12-16,25.440000534057617,25.253950119018555,0.0
2025-12-17,25.65999984741211,25.472339630126953,0.0
2025-12-18,25.700000762939453,25.512048721313477,0.0
2025-12-19,25.899999618530273,25.71058464050293,0.0
2025-12-22,26.0,25.80985450744629,0.0
2025-12-23,25.959999084472656,25.770145416259766,0.0
2025-12-24,26.0,25.80985450744629,0.0
2025-12-29,25.81999969482422,25.63117027282715,0.0
2025-12-30,26.059999465942383,25.869415283203125,0.0
2025-12-31,25.81999969482422,25.63117027282715,0.0
2026-01-02,26.540000915527344,26.345905303955078,0.0
2026-01-05,26.520000457763672,26.326051712036133,0.0
2026-01-06,26.8799991607666,26.68341827392578,0.0
2026-01-07,26.65999984741211,26.46502685546875,0.0
2026-01-08,26.31999969482422,26.127513885498047,0.0
2026-01-09,26.399999618530273,26.206928253173828,0.0
2026-01-12,26.799999237060547,26.604001998901367,0.0
2026-01-13,27.040000915527344,26.842248916625977,0.0
2026-01-14,27.200000762939453,27.001079559326172,0.0
2026-01-15,27.1200008392334,26.921663284301758,0.0
2026-01-16,27.040000915527344,26.842248916625977,0.0
2026-01-19,26.760000228881836,26.56429672241211,0.0
2026-01-20,26.68000030517578,26.484880447387695,0.0
2026-01-21,26.799999237060547,26.604001998901367,0.0
2026-01-22,26.860000610351562,26.663564682006836,0.0
2026-01-23,26.959999084472656,26.762832641601562,0.0
2026-01-26,26.979999542236328,26.782686233520508,0.0
2026-01-27,27.31999969482422,27.12019920349121,0.0
2026-01-28,28.040000915527344,27.834936141967773,0.0
2026-01-29,28.18000030517578,27.97391128540039,0.0
2026-01-30,27.600000381469727,27.39815330505371,0.0
2026-02-02,26.940000534057617,26.742979049682617,0.0
2026-02-03,27.0,26.802539825439453,0.0
2026-02-04,27.079999923706055,26.881956100463867,0.0
2026-02-05,27.100000381469727,26.901809692382812,0.0
2026-02-06,26.760000228881836,26.56429672241211,0.0
2026-02-09,27.219999313354492,27.020931243896484,0.0
2026-02-10,27.3799991607666,27.179759979248047,0.0
2026-02-11,27.479999542236328,27.279029846191406,0.0
2026-02-12,27.239999771118164,27.04078483581543,0.0
2026-02-13,26.780000686645508,26.584150314331055,0.0
2026-02-16,26.959999084472656,26.762832641601562,0.0
2026-02-20,26.639999389648438,26.445173263549805,0.0
2026-02-23,27.299999237060547,27.100345611572266,0.0
2026-02-24,26.799999237060547,26.604001998901367,0.0
2026-02-25,26.979999542236328,26.782686233520508,0.0
2026-02-26,26.579999923706055,26.38561248779297,0.0
2026-02-27,26.899999618530273,26.703271865844727,0.0
2026-03-02,26.280000686645508,26.087806701660156,0.0
2026-03-03,25.959999084472656,25.770145416259766,0.0
2026-03-04,25.5,25.31351089477539,0.0
2026-03-05,25.5,25.31351089477539,0.0
2026-03-06,25.920000076293945,25.730438232421875,0.0
2026-03-09,25.6200008392334,25.432634353637695,0.0
2026-03-10,26.18000030517578,25.98853874206543,0.0
2026-03-11,26.100000381469727,25.909122467041016,0.0
2026-03-12,26.040000915527344,25.84956169128418,0.0
2026-03-13,25.719999313354492,25.53190040588379,0.0
2026-03-16,26.1200008392334,25.928977966308594,0.0
2026-03-17,26.200000762939453,26.008392333984375,0.0
2026-03-18,26.280000686645508,26.087806701660156,0.0
2026-03-19,25.760000228881836,25.571609497070312,0.0
2026-03-20,25.559999465942383,25.373071670532227,0.0
2026-03-23,24.700000762939453,24.51936149597168,0.0
2026-03-24,25.360000610351562,25.174535751342773,0.0
2026-03-25,25.65999984741211,25.472339630126953,0.0
2026-03-26,25.139999389648438,24.95614242553711,0.0
2026-03-27,25.200000762939453,25.015705108642578,0.0
2026-03-30,25.0,24.817167282104492,0.0
2026-03-31,25.079999923706055,24.896581649780273,0.0
2026-04-01,25.540000915527344,25.35321807861328,0.0
2026-04-02,25.399999618530273,25.21424102783203,0.0
2026-04-08,26.200000762939453,26.008392333984375,0.0
2026-04-09,26.020000457763672,25.829708099365234,0.0
2026-04-10,26.15999984741211,25.96868324279785,0.0
2026-04-13,25.959999084472656,25.770145416259766,0.0
2026-04-14,26.200000762939453,26.008392333984375,0.0
2026-04-15,26.239999771118164,26.048097610473633,0.0
2026-04-16,26.700000762939453,26.504735946655273,0.0
2026-04-17,26.440000534057617,26.24663734436035,0.0
2026-04-20,26.65999984741211,26.46502685546875,0.0
2026-04-21,26.760000228881836,26.56429672241211,0.0
2026-04-22,26.459999084472656,26.266489028930664,0.0
2026-04-23,26.200000762939453,26.008392333984375,0.0
2026-04-24,26.260000228881836,26.06795310974121,0.0
2026-04-27,26.239999771118164,26.048097610473633,0.0
2026-04-28,25.979999542236328,25.78999900817871,0.0
2026-04-29,26.239999771118164,26.239999771118164,0.19
2026-04-30,25.899999618530273,25.899999618530273,0.0
2026-05-04,26.239999771118164,26.239999771118164,0.0
2026-05-05,26.020000457763672,26.020000457763672,0.0
2026-05-06,26.299999237060547,26.299999237060547,0.0
2026-05-07,26.760000228881836,26.760000228881836,0.0
2026-05-08,26.5,26.5,0.0
2026-05-11,26.540000915527344,26.540000915527344,0.0
2026-05-12,26.479999542236328,26.479999542236328,0.0
2026-05-13,26.520000457763672,26.520000457763672,0.0
2026-05-14,26.559999465942383,26.559999465942383,0.0
2026-05-15,26.1200008392334,26.1200008392334,0.0
2026-05-18,25.81999969482422,25.81999969482422,0.0
2026-05-19,25.979999542236328,25.979999542236328,0.0
2026-05-20,25.860000610351562,25.860000610351562,0.0
2026-05-21,25.6200008392334,25.6200008392334,0.0
2026-05-22,25.799999237060547,25.799999237060547,0.0
2026-05-26,25.81999969482422,25.81999969482422,0.0
2026-05-27,25.559999465942383,25.559999465942383,0.0
2026-05-28,25.260000228881836,25.260000228881836,0.0
2026-05-29,25.399999618530273,25.399999618530273,0.0
2026-06-01,25.68000030517578,25.68000030517578,0.0
2026-06-02,26.31999969482422,26.31999969482422,0.0
2026-06-03,25.940000534057617,25.940000534057617,0.0
2026-06-04,25.540000915527344,25.540000915527344,0.0
2026-06-05,25.280000686645508,25.280000686645508,0.0
2026-06-08,24.979999542236328,24.979999542236328,0.0
2026-06-09,24.899999618530273,24.899999618530273,0.0
2026-06-10,24.739999771118164,24.739999771118164,0.0
2026-06-11,24.600000381469727,24.600000381469727,0.0
2026-06-12,25.079999923706055,25.079999923706055,0.0
2026-06-15,25.239999771118164,25.239999771118164,0.0
2026-06-16,24.860000610351562,24.860000610351562,0.0
2026-06-17,24.68000030517578,24.68000030517578,0.0
2026-06-18,24.280000686645508,24.280000686645508,0.0
2026-06-22,24.15999984741211,24.15999984741211,0.0
2026-06-23,23.700000762939453,23.700000762939453,0.0
2026-06-24,23.799999237060547,23.799999237060547,0.0
2026-06-25,23.5,23.5,0.0
2026-06-26,23.079999923706055,23.079999923706055,0.0
2026-06-29,23.399999618530273,23.399999618530273,0.0
2026-06-30,23.280000686645508,23.280000686645508,0.0
2026-07-02,23.5,23.5,0.0
2026-07-03,23.799999237060547,23.799999237060547,0.0
2026-07-06,24.079999923706055,24.079999923706055,0.0
2026-07-07,23.920000076293945,23.920000076293945,0.0
2026-07-08,24.65999984741211,24.65999984741211,0.0
2026-07-09,24.459999084472656,24.459999084472656,0.0
2026-07-10,24.6200008392334,24.6200008392334,0.0
2026-07-13,24.68000030517578,24.68000030517578,0.0
2026-07-14,24.84000015258789,24.84000015258789,0.0
2026-07-15,25.100000381469727,25.100000381469727,0.0
2026-07-16,25.459999084472656,25.459999084472656,0.0
2026-07-17,24.979999542236328,24.979999542236328,0.0
2026-07-20,25.579999923706055,25.579999923706055,0.0
2026-07-21,25.600000381469727,25.600000381469727,0.0
2026-07-22,25.34000015258789,25.34000015258789,0.0
2026-07-23,25.68000030517578,25.68000030517578,0.0
2026-07-24,25.420000076293945,25.420000076293945,0.0
2026-07-27,25.700000762939453,25.700000762939453,0.0
2026-07-28,25.799999237060547,25.799999237060547,0.0
2026-07-29,26.280000686645508,26.280000686645508,0.0
2026-07-30,26.360000610351562,26.360000610351562,0.0
2026-07-31,26.399999618530273,26.399999618530273,0.0
2026-08-03,26.459999084472656,26.459999084472656,0.0
2026-08-04,26.31999969482422,26.31999969482422,0.0
2026-08-05,26.399999618530273,26.399999618530273,0.0
2026-08-06,26.0,26.0,0.0
2026-08-07,26.15999984741211,26.15999984741211,0.0
2026-08-10,26.420000076293945,26.420000076293945,0.0
2026-08-11,26.139999389648438,26.139999389648438,0.0
2026-08-12,25.8799991607666,25.8799991607666,0.0
2026-08-13,25.8799991607666,25.8799991607666,0.0
2026-08-14,25.600000381469727,25.600000381469727,0.0
2026-08-17,25.959999084472656,25.959999084472656,0.0
2026-08-18,25.959999084472656,25.959999084472656,0.0
2026-08-19,26.0,26.0,0.0
2026-08-20,26.219999313354492,26.219999313354492,0.0
2026-08-21,26.5,26.5,0.0
2026-08-24,25.979999542236328,25.979999542236328,0.0
2026-08-25,26.020000457763672,26.020000457763672,0.0
2026-08-26,26.139999389648438,26.139999389648438,0.0
2026-08-27,26.100000381469727,26.100000381469727,0.0
2026-08-28,26.1200008392334,26.1200008392334,0.0
2026-08-31,26.079999923706055,26.079999923706055,0.0
