date,close
2005-01-03,16.6200008392334
2005-01-04,16.920000076293945
2005-01-05,17.850000381469727
2005-01-06,17.540000915527344
2005-01-07,18.979999542236328
2005-01-10,18.110000610351562
2005-01-11,17.579999923706055
2005-01-12,16.15999984741211
2005-01-13,15.550000190734863
2005-01-14,15.300000190734863
2005-01-17,15.029999732971191
2005-01-18,14.880000114440918
2005-01-19,14.079999923706055
2005-01-20,14.779999732971191
2005-01-21,14.329999923706055
2005-01-24,14.859999656677246
2005-01-25,14.529999732971191
2005-01-26,14.6899995803833
2005-01-27,15.220000267028809
2005-01-28,15.079999923706055
2005-01-31,14.430000305175781
2005-02-01,14.319999694824219
2005-02-02,14.1899995803833
2005-02-03,13.949999809265137
2005-02-04,12.779999732971191
2005-02-07,12.819999694824219
2005-02-08,13.050000190734863
2005-02-14,13.670000076293945
2005-02-15,13.479999542236328
2005-02-16,13.59000015258789
2005-02-17,14.010000228881836
2005-02-18,13.6899995803833
2005-02-21,14.050000190734863
2005-02-22,14.180000305175781
2005-02-23,14.020000457763672
2005-02-24,13.789999961853027
2005-02-25,12.989999771118164
2005-02-28,13.6899995803833
2005-03-01,13.390000343322754
2005-03-02,14.300000190734863
2005-03-03,14.449999809265137
2005-03-04,14.170000076293945
2005-03-07,14.130000114440918
2005-03-08,14.0600004196167
2005-03-09,13.960000038146973
2005-03-10,14.020000457763672
2005-03-11,13.930000305175781
2005-03-14,14.069999694824219
2005-03-15,14.15999984741211
2005-03-16,14.380000114440918
2005-03-17,14.170000076293945
2005-03-18,13.960000038146973
2005-03-21,14.0600004196167
2005-03-22,14.4399995803833
2005-03-23,15.729999542236328
2005-03-24,15.539999961853027
2005-03-29,17.65999984741211
2005-03-30,16.81999969482422
2005-03-31,16.739999771118164
2005-04-01,16.270000457763672
2005-04-04,15.850000381469727
2005-04-06,15.4399995803833
2005-04-07,15.0600004196167
2005-04-08,14.529999732971191
2005-04-11,14.770000457763672
2005-04-12,14.510000228881836
2005-04-13,13.8100004196167
2005-04-14,14.199999809265137
2005-04-15,15.260000228881836
2005-04-18,17.309999465942383
2005-04-19,16.100000381469727
2005-04-20,15.630000114440918
2005-04-21,15.369999885559082
2005-04-22,14.890000343322754
2005-04-25,15.289999961853027
2005-04-26,15.279999732971191
2005-04-27,15.699999809265137
2005-04-28,15.260000228881836
2005-04-29,15.600000381469727
2005-05-03,15.75
2005-05-04,15.130000114440918
2005-05-05,15.010000228881836
2005-05-06,14.710000038146973
2005-05-09,14.9399995803833
2005-05-10,14.670000076293945
2005-05-11,15.09000015258789
2005-05-12,14.779999732971191
2005-05-13,14.100000381469727
2005-05-17,15.359999656677246
2005-05-18,14.880000114440918
2005-05-19,14.40999984741211
2005-05-20,14.149999618530273
2005-05-23,14.380000114440918
2005-05-24,13.8100004196167
2005-05-25,14.279999732971191
2005-05-26,13.630000114440918
2005-05-27,12.960000038146973
2005-05-30,12.880000114440918
2005-05-31,12.779999732971191
2005-06-01,12.789999961853027
2005-06-02,12.609999656677246
2005-06-03,12.40999984741211
2005-06-06,12.279999732971191
2005-06-07,11.949999809265137
2005-06-08,11.760000228881836
2005-06-09,11.800000190734863
2005-06-10,11.210000038146973
2005-06-13,11.600000381469727
2005-06-14,11.680000305175781
2005-06-15,11.600000381469727
2005-06-16,11.489999771118164
2005-06-17,11.0
2005-06-20,11.399999618530273
2005-06-21,10.859999656677246
2005-06-22,11.399999618530273
2005-06-23,11.890000343322754
2005-06-24,11.819999694824219
2005-06-27,12.529999732971191
2005-06-28,12.170000076293945
2005-06-29,11.529999732971191
2005-06-30,11.720000267028809
2005-07-04,11.569999694824219
2005-07-05,11.420000076293945
2005-07-06,11.09000015258789
2005-07-07,11.84000015258789
2005-07-08,12.40999984741211
2005-07-11,12.020000457763672
2005-07-12,12.140000343322754
2005-07-13,12.180000305175781
2005-07-14,12.520000457763672
2005-07-15,13.329999923706055
2005-07-18,13.970000267028809
2005-07-19,13.75
2005-07-20,13.539999961853027
2005-07-21,12.170000076293945
2005-07-22,11.180000305175781
2005-07-25,11.600000381469727
2005-07-26,11.779999732971191
2005-07-27,11.670000076293945
2005-07-28,12.100000381469727
2005-07-29,11.9399995803833
2005-08-01,12.380000114440918
2005-08-02,12.180000305175781
2005-08-03,12.199999809265137
2005-08-04,12.140000343322754
2005-08-05,12.619999885559082
2005-08-08,12.609999656677246
2005-08-09,12.710000038146973
2005-08-10,12.020000457763672
2005-08-11,12.40999984741211
2005-08-12,12.3100004196167
2005-08-15,12.9399995803833
2005-08-16,13.3100004196167
2005-08-17,13.449999809265137
2005-08-18,15.6899995803833
2005-08-19,15.050000190734863
2005-08-22,15.4399995803833
2005-08-23,16.18000030517578
2005-08-24,16.420000076293945
2005-08-25,16.309999465942383
2005-08-26,15.760000228881836
2005-08-29,17.59000015258789
2005-08-30,16.8799991607666
2005-08-31,16.459999084472656
2005-09-01,15.680000305175781
2005-09-02,14.829999923706055
2005-09-05,14.949999809265137
2005-09-06,14.90999984741211
2005-09-07,14.489999771118164
2005-09-08,14.449999809265137
2005-09-09,13.779999732971191
2005-09-12,13.800000190734863
2005-09-13,14.270000457763672
2005-09-14,14.460000038146973
2005-09-15,14.0600004196167
2005-09-16,13.760000228881836
2005-09-20,13.850000381469727
2005-09-21,13.699999809265137
2005-09-22,14.100000381469727
2005-09-23,14.079999923706055
2005-09-26,13.989999771118164
2005-09-27,14.09000015258789
2005-09-28,13.989999771118164
2005-09-29,14.039999961853027
2005-09-30,13.680000305175781
2005-10-03,13.960000038146973
2005-10-04,13.890000343322754
2005-10-05,14.5
2005-10-06,16.1299991607666
2005-10-07,15.319999694824219
2005-10-10,15.25
2005-10-12,16.520000457763672
2005-10-13,15.770000457763672
2005-10-14,16.309999465942383
2005-10-17,16.850000381469727
2005-10-18,16.389999389648438
2005-10-19,17.75
2005-10-20,17.15999984741211
2005-10-21,16.100000381469727
2005-10-24,17.670000076293945
2005-10-25,18.5
2005-10-26,18.6200008392334
2005-10-27,18.850000381469727
2005-10-28,20.670000076293945
2005-10-31,19.260000228881836
2005-11-01,18.209999084472656
2005-11-02,17.260000228881836
2005-11-03,17.25
2005-11-04,17.190000534057617
2005-11-07,19.110000610351562
2005-11-08,17.93000030517578
2005-11-09,17.030000686645508
2005-11-10,16.6299991607666
2005-11-11,16.100000381469727
2005-11-14,16.780000686645508
2005-11-15,16.540000915527344
2005-11-16,16.06999969482422
2005-11-17,15.649999618530273
2005-11-18,15.34000015258789
2005-11-21,15.880000114440918
2005-11-22,15.069999694824219
2005-11-23,14.59000015258789
2005-11-24,14.670000076293945
2005-11-25,13.739999771118164
2005-11-28,14.09000015258789
2005-11-29,14.520000457763672
2005-11-30,14.670000076293945
2005-12-01,13.800000190734863
2005-12-02,13.229999542236328
2005-12-05,13.600000381469727
2005-12-06,14.34000015258789
2005-12-07,13.90999984741211
2005-12-08,14.670000076293945
2005-12-09,14.15999984741211
2005-12-12,14.5600004196167
2005-12-13,14.770000457763672
2005-12-14,14.390000343322754
2005-12-15,13.989999771118164
2005-12-16,14.020000457763672
2005-12-19,14.020000457763672
2005-12-20,14.100000381469727
2005-12-21,14.1899995803833
2005-12-22,13.649999618530273
2005-12-23,13.149999618530273
2005-12-28,14.630000114440918
2005-12-29,14.850000381469727
2005-12-30,15.539999961853027
2006-01-03,16.149999618530273
2006-01-04,15.75
2006-01-05,15.34000015258789
2006-01-06,14.960000038146973
2006-01-09,15.140000343322754
2006-01-10,15.510000228881836
2006-01-11,15.329999923706055
2006-01-12,15.420000076293945
2006-01-13,15.25
2006-01-16,15.390000343322754
2006-01-17,15.670000076293945
2006-01-18,15.850000381469727
2006-01-19,14.1899995803833
2006-01-20,13.640000343322754
2006-01-23,15.1899995803833
2006-01-24,14.220000267028809
2006-01-25,14.170000076293945
2006-01-26,14.630000114440918
2006-01-27,14.479999542236328
2006-02-01,15.75
2006-02-02,15.890000343322754
2006-02-03,15.880000114440918
2006-02-06,16.309999465942383
2006-02-07,16.0
2006-02-08,16.389999389648438
2006-02-09,16.15999984741211
2006-02-10,16.1200008392334
2006-02-13,16.190000534057617
2006-02-14,16.06999969482422
2006-02-15,15.930000305175781
2006-02-16,16.010000228881836
2006-02-17,15.949999809265137
2006-02-20,16.649999618530273
2006-02-21,16.8700008392334
2006-02-22,16.799999237060547
2006-02-23,16.030000686645508
2006-02-24,15.4399995803833
2006-02-27,16.219999313354492
2006-02-28,16.290000915527344
2006-03-01,16.219999313354492
2006-03-02,15.600000381469727
2006-03-03,15.1899995803833
2006-03-06,15.890000343322754
2006-03-07,16.100000381469727
2006-03-08,15.720000267028809
2006-03-09,15.020000457763672
2006-03-10,14.460000038146973
2006-03-13,14.479999542236328
2006-03-14,14.520000457763672
2006-03-15,14.180000305175781
2006-03-16,14.130000114440918
2006-03-17,14.229999542236328
2006-03-20,14.1899995803833
2006-03-21,14.3100004196167
2006-03-22,15.109999656677246
2006-03-23,14.59000015258789
2006-03-24,14.359999656677246
2006-03-27,14.649999618530273
2006-03-28,15.010000228881836
2006-03-29,15.119999885559082
2006-03-30,15.210000038146973
2006-03-31,15.430000305175781
2006-04-03,15.3100004196167
2006-04-04,15.390000343322754
2006-04-06,15.09000015258789
2006-04-07,15.3100004196167
2006-04-10,15.800000190734863
2006-04-11,15.920000076293945
2006-04-12,15.609999656677246
2006-04-13,14.680000305175781
2006-04-18,15.529999732971191
2006-04-19,15.680000305175781
2006-04-20,15.289999961853027
2006-04-21,15.640000343322754
2006-04-24,16.239999771118164
2006-04-25,17.020000457763672
2006-04-26,15.710000038146973
2006-04-27,15.720000267028809
2006-04-28,15.279999732971191
2006-05-02,15.869999885559082
2006-05-03,16.280000686645508
2006-05-04,16.420000076293945
2006-05-08,17.25
2006-05-09,17.34000015258789
2006-05-10,17.290000915527344
2006-05-11,16.6200008392334
2006-05-12,17.079999923706055
2006-05-15,18.790000915527344
2006-05-16,18.59000015258789
2006-05-17,17.799999237060547
2006-05-18,19.360000610351562
2006-05-19,18.780000686645508
2006-05-22,21.8700008392334
2006-05-23,20.709999084472656
2006-05-24,20.530000686645508
2006-05-25,22.309999465942383
2006-05-26,20.81999969482422
2006-05-29,20.829999923706055
2006-05-30,21.489999771118164
2006-06-01,22.65999984741211
2006-06-02,21.059999465942383
2006-06-05,21.15999984741211
2006-06-06,21.350000381469727
2006-06-07,21.610000610351562
2006-06-08,22.93000030517578
2006-06-09,22.290000915527344
2006-06-12,22.139999389648438
2006-06-13,23.729999542236328
2006-06-14,23.6200008392334
2006-06-15,22.0
2006-06-16,20.610000610351562
2006-06-19,20.899999618530273
2006-06-20,21.209999084472656
2006-06-21,20.700000762939453
2006-06-22,20.299999237060547
2006-06-23,19.700000762939453
2006-06-26,20.209999084472656
2006-06-27,20.040000915527344
2006-06-28,20.209999084472656
2006-06-29,20.209999084472656
2006-06-30,19.31999969482422
2006-07-03,19.59000015258789
2006-07-04,19.40999984741211
2006-07-05,19.389999389648438
2006-07-06,19.059999465942383
2006-07-07,18.969999313354492
2006-07-10,18.899999618530273
2006-07-11,18.850000381469727
2006-07-12,18.559999465942383
2006-07-13,19.110000610351562
2006-07-14,19.989999771118164
2006-07-17,20.920000076293945
2006-07-18,20.700000762939453
2006-07-19,20.280000686645508
2006-07-20,18.989999771118164
2006-07-21,18.729999542236328
2006-07-24,18.8700008392334
2006-07-25,18.450000762939453
2006-07-26,18.299999237060547
2006-07-27,18.170000076293945
2006-07-28,18.1299991607666
2006-07-31,18.200000762939453
2006-08-01,17.950000762939453
2006-08-02,17.690000534057617
2006-08-03,17.479999542236328
2006-08-04,17.56999969482422
2006-08-07,17.25
2006-08-08,17.5
2006-08-09,16.770000457763672
2006-08-10,17.0
2006-08-11,16.700000762939453
2006-08-14,17.329999923706055
2006-08-15,17.270000457763672
2006-08-16,17.020000457763672
2006-08-17,17.31999969482422
2006-08-18,17.25
2006-08-21,18.200000762939453
2006-08-22,18.25
2006-08-23,18.40999984741211
2006-08-24,18.149999618530273
2006-08-25,17.829999923706055
2006-08-28,17.690000534057617
2006-08-29,17.15999984741211
2006-08-30,15.9399995803833
2006-08-31,15.8100004196167
2006-09-01,16.06999969482422
2006-09-04,16.3799991607666
2006-09-05,16.65999984741211
2006-09-06,17.049999237060547
2006-09-07,17.100000381469727
2006-09-08,15.800000190734863
2006-09-11,17.0
2006-09-12,16.229999542236328
2006-09-13,15.449999809265137
2006-09-14,15.079999923706055
2006-09-15,15.069999694824219
2006-09-18,15.100000381469727
2006-09-19,15.430000305175781
2006-09-20,15.369999885559082
2006-09-21,15.75
2006-09-22,16.020000457763672
2006-09-25,16.149999618530273
2006-09-26,17.049999237060547
2006-09-27,16.31999969482422
2006-09-28,16.030000686645508
2006-09-29,15.800000190734863
2006-10-03,16.0
2006-10-04,16.09000015258789
2006-10-05,17.110000610351562
2006-10-06,17.170000076293945
2006-10-09,18.1200008392334
2006-10-10,17.709999084472656
2006-10-11,17.8799991607666
2006-10-12,17.610000610351562
2006-10-13,17.56999969482422
2006-10-16,18.010000228881836
2006-10-17,17.8799991607666
2006-10-18,17.510000228881836
2006-10-19,16.860000610351562
2006-10-20,15.510000228881836
2006-10-23,15.460000038146973
2006-10-24,15.229999542236328
2006-10-25,14.920000076293945
2006-10-26,15.020000457763672
2006-10-27,15.520000457763672
2006-10-31,15.630000114440918
2006-11-01,15.239999771118164
2006-11-02,15.15999984741211
2006-11-03,15.170000076293945
2006-11-06,15.510000228881836
2006-11-07,16.149999618530273
2006-11-08,16.530000686645508
2006-11-09,16.239999771118164
2006-11-10,16.139999389648438
2006-11-13,16.309999465942383
2006-11-14,16.15999984741211
2006-11-15,16.239999771118164
2006-11-16,16.229999542236328
2006-11-17,15.979999542236328
2006-11-20,16.790000915527344
2006-11-21,16.059999465942383
2006-11-22,15.449999809265137
2006-11-23,16.100000381469727
2006-11-24,16.18000030517578
2006-11-27,16.559999465942383
2006-11-28,17.459999084472656
2006-11-29,16.899999618530273
2006-11-30,15.960000038146973
2006-12-01,16.610000610351562
2006-12-04,16.90999984741211
2006-12-05,16.600000381469727
2006-12-06,16.739999771118164
2006-12-07,16.790000915527344
2006-12-08,16.969999313354492
2006-12-11,17.309999465942383
2006-12-12,17.15999984741211
2006-12-13,17.3700008392334
2006-12-14,16.899999618530273
2006-12-15,17.0
2006-12-18,17.360000610351562
2006-12-19,18.989999771118164
2006-12-20,18.8700008392334
2006-12-21,18.559999465942383
2006-12-22,17.549999237060547
2006-12-27,19.459999084472656
2006-12-28,19.469999313354492
2006-12-29,19.739999771118164
2007-01-02,20.299999237060547
2007-01-03,20.760000228881836
2007-01-04,21.549999237060547
2007-01-05,20.6299991607666
2007-01-08,20.329999923706055
2007-01-09,20.270000457763672
2007-01-10,19.389999389648438
2007-01-11,18.90999984741211
2007-01-12,18.0
2007-01-15,18.549999237060547
2007-01-16,18.6299991607666
2007-01-17,18.270000457763672
2007-01-18,18.18000030517578
2007-01-19,17.8799991607666
2007-01-22,18.079999923706055
2007-01-23,18.43000030517578
2007-01-24,19.200000762939453
2007-01-25,19.260000228881836
2007-01-26,20.18000030517578
2007-01-29,20.520000457763672
2007-01-30,20.280000686645508
2007-01-31,21.3799991607666
2007-02-01,21.0
2007-02-02,20.100000381469727
2007-02-05,20.600000381469727
2007-02-06,19.68000030517578
2007-02-07,18.56999969482422
2007-02-08,18.3700008392334
2007-02-09,18.110000610351562
2007-02-12,18.8700008392334
2007-02-13,19.56999969482422
2007-02-14,19.149999618530273
2007-02-15,18.65999984741211
2007-02-16,19.020000457763672
2007-02-21,19.579999923706055
2007-02-22,18.889999389648438
2007-02-23,18.639999389648438
2007-02-26,19.65999984741211
2007-02-27,20.770000457763672
2007-02-28,24.440000534057617
2007-03-01,23.84000015258789
2007-03-02,22.389999389648438
2007-03-05,26.030000686645508
2007-03-06,23.799999237060547
2007-03-07,23.299999237060547
2007-03-08,22.790000915527344
2007-03-09,21.8700008392334
2007-03-12,21.700000762939453
2007-03-13,21.84000015258789
2007-03-14,23.600000381469727
2007-03-15,22.709999084472656
2007-03-16,22.950000762939453
2007-03-19,22.81999969482422
2007-03-20,22.920000076293945
2007-03-21,22.75
2007-03-22,23.1299991607666
2007-03-23,20.959999084472656
2007-03-26,19.829999923706055
2007-03-27,19.5
2007-03-28,21.1299991607666
2007-03-29,20.06999969482422
2007-03-30,19.549999237060547
2007-04-02,18.84000015258789
2007-04-03,17.0
2007-04-04,17.360000610351562
2007-04-10,16.729999542236328
2007-04-11,17.239999771118164
2007-04-12,17.719999313354492
2007-04-13,17.56999969482422
2007-04-16,17.200000762939453
2007-04-17,17.8700008392334
2007-04-18,18.510000228881836
2007-04-19,19.270000457763672
2007-04-20,18.100000381469727
2007-04-23,19.040000915527344
2007-04-24,18.719999313354492
2007-04-25,19.079999923706055
2007-04-26,18.299999237060547
2007-04-27,19.299999237060547
2007-04-30,20.889999389648438
2007-05-02,20.489999771118164
2007-05-03,19.65999984741211
2007-05-04,19.399999618530273
2007-05-07,20.15999984741211
2007-05-08,20.469999313354492
2007-05-09,19.799999237060547
2007-05-10,19.799999237060547
2007-05-11,20.40999984741211
2007-05-14,20.760000228881836
2007-05-15,21.260000228881836
2007-05-16,20.149999618530273
2007-05-17,20.139999389648438
2007-05-18,19.149999618530273
2007-05-21,19.1200008392334
2007-05-22,19.1299991607666
2007-05-23,18.760000228881836
2007-05-25,19.030000686645508
2007-05-28,19.459999084472656
2007-05-29,19.43000030517578
2007-05-30,18.889999389648438
2007-05-31,18.260000228881836
2007-06-01,18.18000030517578
2007-06-04,18.3700008392334
2007-06-05,18.31999969482422
2007-06-06,18.239999771118164
2007-06-07,18.610000610351562
2007-06-08,18.59000015258789
2007-06-11,18.079999923706055
2007-06-12,17.579999923706055
2007-06-13,17.600000381469727
2007-06-14,17.219999313354492
2007-06-15,17.09000015258789
2007-06-18,18.709999084472656
2007-06-20,19.700000762939453
2007-06-21,20.219999313354492
2007-06-22,20.280000686645508
2007-06-25,20.780000686645508
2007-06-26,19.979999542236328
2007-06-27,19.219999313354492
2007-06-28,19.1200008392334
2007-06-29,17.270000457763672
2007-07-03,17.719999313354492
2007-07-04,17.6299991607666
2007-07-05,17.780000686645508
2007-07-06,17.639999389648438
2007-07-09,18.6299991607666
2007-07-10,20.229999542236328
2007-07-11,20.809999465942383
2007-07-12,20.979999542236328
2007-07-13,21.239999771118164
2007-07-16,21.1299991607666
2007-07-17,20.100000381469727
2007-07-18,20.030000686645508
2007-07-19,18.899999618530273
2007-07-20,18.8700008392334
2007-07-23,19.969999313354492
2007-07-24,19.360000610351562
2007-07-25,20.139999389648438
2007-07-26,20.3799991607666
2007-07-27,25.700000762939453
2007-07-30,25.3700008392334
2007-07-31,22.690000534057617
2007-08-01,27.520000457763672
2007-08-02,27.530000686645508
2007-08-03,25.65999984741211
2007-08-06,27.420000076293945
2007-08-07,26.149999618530273
2007-08-08,22.350000381469727
2007-08-09,25.6299991607666
2007-08-10,29.5
2007-08-13,29.719999313354492
2007-08-14,27.440000534057617
2007-08-15,30.899999618530273
2007-08-16,35.470001220703125
2007-08-17,39.33000183105469
2007-08-20,36.529998779296875
2007-08-21,40.720001220703125
2007-08-22,36.099998474121094
2007-08-23,37.119998931884766
2007-08-24,35.029998779296875
2007-08-27,35.08000183105469
2007-08-28,36.11000061035156
2007-08-29,39.04999923706055
2007-08-30,35.41999816894531
2007-08-31,35.15999984741211
2007-09-03,34.22999954223633
2007-09-04,35.36000061035156
2007-09-05,34.4900016784668
2007-09-06,32.540000915527344
2007-09-07,30.8799991607666
2007-09-10,31.190000534057617
2007-09-11,31.670000076293945
2007-09-12,28.649999618530273
2007-09-13,28.889999389648438
2007-09-14,28.31999969482422
2007-09-17,32.56999969482422
2007-09-18,32.56999969482422
2007-09-19,28.639999389648438
2007-09-20,27.579999923706055
2007-09-21,27.459999084472656
2007-09-24,30.329999923706055
2007-09-25,29.43000030517578
2007-09-27,30.149999618530273
2007-09-28,30.850000381469727
2007-10-02,34.41999816894531
2007-10-03,40.77000045776367
2007-10-04,39.75
2007-10-05,35.25
2007-10-08,37.66999816894531
2007-10-09,35.38999938964844
2007-10-10,36.04999923706055
2007-10-11,35.31999969482422
2007-10-12,37.720001220703125
2007-10-15,38.7400016784668
2007-10-16,44.029998779296875
2007-10-17,38.290000915527344
2007-10-18,37.5
2007-10-22,42.349998474121094
2007-10-23,39.93000030517578
2007-10-24,42.43000030517578
2007-10-25,39.400001525878906
2007-10-26,38.09000015258789
2007-10-29,38.290000915527344
2007-10-30,39.689998626708984
2007-10-31,42.13999938964844
2007-11-01,41.150001525878906
2007-11-02,43.84000015258789
2007-11-05,48.29999923706055
2007-11-06,45.650001525878906
2007-11-07,43.41999816894531
2007-11-08,42.81999969482422
2007-11-09,39.88999938964844
2007-11-12,42.540000915527344
2007-11-13,40.04999923706055
2007-11-14,39.34000015258789
2007-11-15,39.13999938964844
2007-11-16,42.310001373291016
2007-11-19,41.060001373291016
2007-11-20,42.31999969482422
2007-11-21,44.75
2007-11-22,46.90999984741211
2007-11-23,45.36000061035156
2007-11-26,44.459999084472656
2007-11-27,45.95000076293945
2007-11-28,45.099998474121094
2007-11-29,45.15999984741211
2007-11-30,41.459999084472656
2007-12-03,41.70000076293945
2007-12-04,39.099998474121094
2007-12-05,38.369998931884766
2007-12-06,37.0099983215332
2007-12-07,37.720001220703125
2007-12-10,38.619998931884766
2007-12-11,35.86000061035156
2007-12-12,37.25
2007-12-13,38.900001525878906
2007-12-14,38.029998779296875
2007-12-17,44.380001068115234
2007-12-18,40.2599983215332
2007-12-19,40.540000915527344
2007-12-20,37.11000061035156
2007-12-21,33.310001373291016
2007-12-24,32.77000045776367
2007-12-27,36.0
2007-12-28,36.560001373291016
2007-12-31,35.529998779296875
2008-01-02,37.02000045776367
2008-01-03,38.43000030517578
2008-01-04,36.720001220703125
2008-01-07,39.880001068115234
2008-01-08,37.77000045776367
2008-01-09,37.95000076293945
2008-01-10,37.25
2008-01-11,38.45000076293945
2008-01-14,38.29999923706055
2008-01-15,39.54999923706055
2008-01-16,44.029998779296875
2008-01-17,44.650001525878906
2008-01-18,45.11000061035156
2008-01-21,48.720001220703125
2008-01-22,65.05999755859375
2008-01-23,58.56999969482422
2008-01-24,66.0199966430664
2008-01-25,60.22999954223633
2008-01-28,66.20999908447266
2008-01-29,58.61000061035156
2008-01-30,59.900001525878906
2008-01-31,52.20000076293945
2008-02-01,46.88999938964844
2008-02-04,46.720001220703125
2008-02-05,46.130001068115234
2008-02-06,53.189998626708984
2008-02-11,58.380001068115234
2008-02-12,55.189998626708984
2008-02-13,51.349998474121094
2008-02-14,48.709999084472656
2008-02-15,48.689998626708984
2008-02-18,48.790000915527344
2008-02-19,45.790000915527344
2008-02-20,46.900001525878906
2008-02-21,46.61000061035156
2008-02-22,46.2400016784668
2008-02-25,46.119998931884766
2008-02-26,42.310001373291016
2008-02-27,41.790000915527344
2008-02-28,37.720001220703125
2008-02-29,39.20000076293945
2008-03-03,44.11000061035156
2008-03-04,44.08000183105469
2008-03-05,42.95000076293945
2008-03-06,41.119998931884766
2008-03-07,43.20000076293945
2008-03-10,43.349998474121094
2008-03-11,41.439998626708984
2008-03-12,41.380001068115234
2008-03-13,45.2599983215332
2008-03-14,46.61000061035156
2008-03-17,52.77000045776367
2008-03-18,52.22999954223633
2008-03-19,50.869998931884766
2008-03-20,50.7599983215332
2008-03-25,46.709999084472656
2008-03-26,47.84000015258789
2008-03-27,44.689998626708984
2008-03-28,44.369998931884766
2008-03-31,44.7400016784668
2008-04-01,41.77000045776367
2008-04-02,41.68000030517578
2008-04-03,39.93000030517578
2008-04-07,38.79999923706055
2008-04-08,37.22999954223633
2008-04-09,36.599998474121094
2008-04-10,35.84000015258789
2008-04-11,34.36000061035156
2008-04-14,39.13999938964844
2008-04-15,37.56999969482422
2008-04-16,37.86000061035156
2008-04-17,35.630001068115234
2008-04-18,33.4900016784668
2008-04-21,33.189998626708984
2008-04-22,31.75
2008-04-23,32.54999923706055
2008-04-24,32.130001068115234
2008-04-25,31.18000030517578
2008-04-28,30.040000915527344
2008-04-29,29.450000762939453
2008-04-30,29.459999084472656
2008-05-02,27.200000762939453
2008-05-05,27.40999984741211
2008-05-06,26.690000534057617
2008-05-07,29.579999923706055
2008-05-08,29.399999618530273
2008-05-09,30.06999969482422
2008-05-13,30.5
2008-05-14,30.170000076293945
2008-05-15,29.5
2008-05-16,27.780000686645508
2008-05-19,28.719999313354492
2008-05-20,30.639999389648438
2008-05-21,29.5
2008-05-22,32.59000015258789
2008-05-23,32.060001373291016
2008-05-26,34.459999084472656
2008-05-27,33.68000030517578
2008-05-28,33.5099983215332
2008-05-29,31.0
2008-05-30,28.68000030517578
2008-06-02,27.780000686645508
2008-06-03,28.440000534057617
2008-06-04,29.280000686645508
2008-06-05,27.31999969482422
2008-06-06,25.31999969482422
2008-06-10,33.09000015258789
2008-06-11,32.52000045776367
2008-06-12,33.40999984741211
2008-06-13,35.310001373291016
2008-06-16,32.84000015258789
2008-06-17,30.709999084472656
2008-06-18,29.850000381469727
2008-06-19,29.8700008392334
2008-06-20,30.100000381469727
2008-06-23,32.779998779296875
2008-06-24,32.29999923706055
2008-06-25,31.6200008392334
2008-06-26,31.739999771118164
2008-06-27,32.68000030517578
2008-06-30,32.4900016784668
2008-07-02,33.02000045776367
2008-07-03,35.86000061035156
2008-07-04,33.58000183105469
2008-07-07,32.709999084472656
2008-07-08,35.54999923706055
2008-07-09,34.09000015258789
2008-07-10,34.36000061035156
2008-07-11,33.70000076293945
2008-07-14,35.189998626708984
2008-07-15,39.84000015258789
2008-07-16,39.7599983215332
2008-07-17,37.400001525878906
2008-07-18,35.84000015258789
2008-07-21,33.7400016784668
2008-07-22,32.90999984741211
2008-07-23,30.93000030517578
2008-07-24,31.5
2008-07-25,33.09000015258789
2008-07-28,32.119998931884766
2008-07-29,32.810001373291016
2008-07-30,30.670000076293945
2008-07-31,30.139999389648438
2008-08-01,30.510000228881836
2008-08-04,30.899999618530273
2008-08-05,31.010000228881836
2008-08-07,30.860000610351562
2008-08-08,31.030000686645508
2008-08-11,30.190000534057617
2008-08-12,30.68000030517578
2008-08-13,31.1200008392334
2008-08-14,29.6299991607666
2008-08-15,29.440000534057617
2008-08-18,30.459999084472656
2008-08-19,32.630001068115234
2008-08-20,31.780000686645508
2008-08-21,33.029998779296875
2008-08-25,32.349998474121094
2008-08-26,32.72999954223633
2008-08-27,32.27000045776367
2008-08-28,31.90999984741211
2008-08-29,31.149999618530273
2008-09-01,31.40999984741211
2008-09-02,31.719999313354492
2008-09-03,33.25
2008-09-04,32.349998474121094
2008-09-05,34.849998474121094
2008-09-08,34.540000915527344
2008-09-09,34.060001373291016
2008-09-10,36.689998626708984
2008-09-11,36.54999923706055
2008-09-12,37.5
2008-09-16,47.20000076293945
2008-09-17,49.41999816894531
2008-09-18,50.97999954223633
2008-09-19,47.650001525878906
2008-09-22,50.38999938964844
2008-09-23,51.52000045776367
2008-09-24,46.27000045776367
2008-09-25,43.380001068115234
2008-09-26,45.5
2008-09-29,49.52000045776367
2008-09-30,52.9900016784668
2008-10-02,50.66999816894531
2008-10-03,53.66999816894531
2008-10-06,55.380001068115234
2008-10-08,62.349998474121094
2008-10-09,60.43000030517578
2008-10-10,75.54000091552734
2008-10-13,69.95999908447266
2008-10-14,63.56999969482422
2008-10-15,64.44999694824219
2008-10-16,73.7300033569336
2008-10-17,72.5999984741211
2008-10-20,74.48999786376953
2008-10-21,67.87000274658203
2008-10-22,67.31999969482422
2008-10-23,71.45999908447266
2008-10-24,87.19000244140625
2008-10-27,104.29000091552734
2008-10-28,89.2300033569336
2008-10-29,83.8499984741211
2008-10-30,83.37999725341797
2008-10-31,79.94999694824219
2008-11-03,77.97000122070312
2008-11-04,69.2699966430664
2008-11-05,65.13999938964844
2008-11-06,71.2699966430664
2008-11-07,69.87000274658203
2008-11-10,67.80000305175781
2008-11-11,67.7699966430664
2008-11-12,67.2699966430664
2008-11-13,75.27999877929688
2008-11-14,69.55999755859375
2008-11-17,68.11000061035156
2008-11-18,72.2699966430664
2008-11-19,71.1500015258789
2008-11-20,82.8499984741211
2008-11-21,78.55999755859375
2008-11-24,76.76000213623047
2008-11-25,71.16999816894531
2008-11-26,68.18000030517578
2008-11-27,61.900001525878906
2008-11-28,58.900001525878906
2008-12-01,58.97999954223633
2008-12-02,63.970001220703125
2008-12-03,59.81999969482422
2008-12-04,59.5099983215332
2008-12-05,56.189998626708984
2008-12-08,55.20000076293945
2008-12-09,57.47999954223633
2008-12-10,55.369998931884766
2008-12-11,55.66999816894531
2008-12-12,62.0
2008-12-15,62.25
2008-12-16,61.72999954223633
2008-12-17,57.66999816894531
2008-12-18,55.54999923706055
2008-12-19,59.529998779296875
2008-12-22,57.779998779296875
2008-12-23,60.75
2008-12-24,61.20000076293945
2008-12-29,57.66999816894531
2008-12-30,55.790000915527344
2008-12-31,53.880001068115234
2009-01-02,52.33000183105469
2009-01-05,50.939998626708984
2009-01-06,51.09000015258789
2009-01-07,50.5
2009-01-08,55.2400016784668
2009-01-09,52.93000030517578
2009-01-12,53.47999954223633
2009-01-13,55.779998779296875
2009-01-14,52.849998474121094
2009-01-15,56.81999969482422
2009-01-16,53.27000045776367
2009-01-19,55.2400016784668
2009-01-20,56.97999954223633
2009-01-21,59.849998474121094
2009-01-22,58.25
2009-01-23,60.5099983215332
2009-01-29,56.630001068115234
2009-01-30,51.86000061035156
2009-02-02,54.779998779296875
2009-02-03,53.290000915527344
2009-02-04,50.790000915527344
2009-02-05,48.720001220703125
2009-02-06,46.619998931884766
2009-02-09,47.86000061035156
2009-02-10,47.279998779296875
2009-02-11,47.209999084472656
2009-02-12,46.400001525878906
2009-02-13,43.59000015258789
2009-02-16,44.56999969482422
2009-02-17,49.91999816894531
2009-02-18,48.279998779296875
2009-02-19,47.7599983215332
2009-02-20,51.25
2009-02-23,48.790000915527344
2009-02-24,50.38999938964844
2009-02-25,48.7599983215332
2009-02-26,48.650001525878906
2009-02-27,47.13999938964844
2009-03-02,54.2400016784668
2009-03-03,52.650001525878906
2009-03-04,50.16999816894531
2009-03-05,49.81999969482422
2009-03-06,49.849998474121094
2009-03-09,52.93000030517578
2009-03-10,49.08000183105469
2009-03-11,47.16999816894531
2009-03-12,45.4900016784668
2009-03-13,44.22999954223633
2009-03-16,43.939998626708984
2009-03-17,44.40999984741211
2009-03-18,44.83000183105469
2009-03-19,44.93000030517578
2009-03-20,45.15999984741211
2009-03-23,47.68000030517578
2009-03-24,46.04999923706055
2009-03-25,46.779998779296875
2009-03-26,44.97999954223633
2009-03-27,44.310001373291016
2009-03-30,48.65999984741211
2009-03-31,47.400001525878906
2009-04-01,46.349998474121094
2009-04-02,44.810001373291016
2009-04-03,44.33000183105469
2009-04-06,44.290000915527344
2009-04-07,45.33000183105469
2009-04-08,47.349998474121094
2009-04-09,44.56999969482422
2009-04-14,43.41999816894531
2009-04-15,42.439998626708984
2009-04-16,42.0
2009-04-17,39.81999969482422
2009-04-20,41.93000030517578
2009-04-21,41.41999816894531
2009-04-22,43.31999969482422
2009-04-23,40.72999954223633
2009-04-24,39.4900016784668
2009-04-27,42.41999816894531
2009-04-28,45.58000183105469
2009-04-29,42.36000061035156
2009-04-30,44.52000045776367
2009-05-04,44.83000183105469
2009-05-05,43.58000183105469
2009-05-06,44.060001373291016
2009-05-07,44.2400016784668
2009-05-08,42.5099983215332
2009-05-11,43.779998779296875
2009-05-12,40.22999954223633
2009-05-13,38.400001525878906
2009-05-14,37.650001525878906
2009-05-15,35.43000030517578
2009-05-18,37.77000045776367
2009-05-19,39.38999938964844
2009-05-20,37.70000076293945
2009-05-21,37.63999938964844
2009-05-22,36.7599983215332
2009-05-25,36.22999954223633
2009-05-26,37.130001068115234
2009-05-27,38.59000015258789
2009-05-29,37.2400016784668
2009-06-01,39.939998626708984
2009-06-02,39.65999984741211
2009-06-03,40.29999923706055
2009-06-04,40.380001068115234
2009-06-05,38.959999084472656
2009-06-08,39.56999969482422
2009-06-09,38.9900016784668
2009-06-10,39.40999984741211
2009-06-11,38.599998474121094
2009-06-12,37.61000061035156
2009-06-15,39.150001525878906
2009-06-16,40.810001373291016
2009-06-17,39.86000061035156
2009-06-18,41.0099983215332
2009-06-19,37.70000076293945
2009-06-22,37.310001373291016
2009-06-23,39.900001525878906
2009-06-24,36.31999969482422
2009-06-25,37.369998931884766
2009-06-26,36.630001068115234
2009-06-29,34.91999816894531
2009-06-30,34.13999938964844
2009-07-02,34.029998779296875
2009-07-03,33.540000915527344
2009-07-06,36.5099983215332
2009-07-07,34.58000183105469
2009-07-08,34.33000183105469
2009-07-09,33.84000015258789
2009-07-10,34.380001068115234
2009-07-13,34.880001068115234
2009-07-14,33.529998779296875
2009-07-15,32.70000076293945
2009-07-16,33.22999954223633
2009-07-17,31.700000762939453
2009-07-20,33.27000045776367
2009-07-21,33.61000061035156
2009-07-22,34.150001525878906
2009-07-23,33.54999923706055
2009-07-24,34.779998779296875
2009-07-27,38.029998779296875
2009-07-28,38.0
2009-07-29,37.56999969482422
2009-07-30,37.040000915527344
2009-07-31,36.70000076293945
2009-08-03,36.040000915527344
2009-08-04,37.599998474121094
2009-08-05,36.310001373291016
2009-08-06,34.43000030517578
2009-08-07,35.29999923706055
2009-08-10,34.95000076293945
2009-08-11,34.630001068115234
2009-08-12,35.7599983215332
2009-08-13,34.560001373291016
2009-08-14,33.33000183105469
2009-08-17,35.439998626708984
2009-08-18,34.380001068115234
2009-08-19,34.54999923706055
2009-08-20,34.029998779296875
2009-08-21,33.31999969482422
2009-08-24,34.06999969482422
2009-08-25,33.34000015258789
2009-08-26,32.29999923706055
2009-08-27,31.260000228881836
2009-08-28,29.280000686645508
2009-08-31,30.719999313354492
2009-09-01,30.149999618530273
2009-09-02,30.969999313354492
2009-09-03,30.959999084472656
2009-09-04,30.920000076293945
2009-09-07,31.100000381469727
2009-09-08,31.25
2009-09-09,31.459999084472656
2009-09-10,31.5
2009-09-11,30.479999542236328
2009-09-14,30.6299991607666
2009-09-15,29.709999084472656
2009-09-16,29.920000076293945
2009-09-17,28.190000534057617
2009-09-18,28.200000762939453
2009-09-21,28.270000457763672
2009-09-22,26.940000534057617
2009-09-23,26.479999542236328
2009-09-24,27.3799991607666
2009-09-25,27.170000076293945
2009-09-28,29.440000534057617
2009-09-29,28.25
2009-09-30,26.690000534057617
2009-10-02,28.709999084472656
2009-10-05,30.59000015258789
2009-10-06,29.670000076293945
2009-10-07,29.100000381469727
2009-10-08,28.219999313354492
2009-10-09,27.190000534057617
2009-10-12,27.799999237060547
2009-10-13,27.350000381469727
2009-10-14,26.65999984741211
2009-10-15,26.260000228881836
2009-10-16,26.219999313354492
2009-10-19,25.950000762939453
2009-10-20,24.889999389648438
2009-10-21,24.610000610351562
2009-10-22,24.8700008392334
2009-10-23,25.110000610351562
2009-10-27,27.8700008392334
2009-10-28,30.15999984741211
2009-10-29,31.530000686645508
2009-10-30,30.670000076293945
2009-11-02,33.66999816894531
2009-11-03,32.380001068115234
2009-11-04,32.130001068115234
2009-11-05,32.52000045776367
2009-11-06,29.8799991607666
2009-11-09,28.940000534057617
2009-11-10,27.760000228881836
2009-11-11,27.010000228881836
2009-11-12,26.989999771118164
2009-11-13,27.940000534057617
2009-11-16,27.8700008392334
2009-11-17,27.420000076293945
2009-11-18,27.18000030517578
2009-11-19,27.649999618530273
2009-11-20,27.670000076293945
2009-11-23,26.40999984741211
2009-11-24,27.709999084472656
2009-11-25,26.18000030517578
2009-11-26,26.43000030517578
2009-11-27,33.209999084472656
2009-11-30,30.90999984741211
2009-12-01,27.34000015258789
2009-12-02,26.549999237060547
2009-12-03,26.440000534057617
2009-12-04,27.68000030517578
2009-12-07,28.09000015258789
2009-12-08,28.389999389648438
2009-12-09,29.690000534057617
2009-12-10,29.520000457763672
2009-12-11,28.280000686645508
2009-12-14,27.8799991607666
2009-12-15,26.709999084472656
2009-12-16,26.799999237060547
2009-12-17,26.729999542236328
2009-12-18,25.31999969482422
2009-12-21,25.440000534057617
2009-12-22,22.639999389648438
2009-12-23,23.940000534057617
2009-12-24,22.690000534057617
2009-12-28,23.799999237060547
2009-12-29,24.049999237060547
2009-12-30,23.229999542236328
2009-12-31,22.68000030517578
2010-01-04,23.420000076293945
2010-01-05,23.1299991607666
2010-01-06,22.579999923706055
2010-01-07,22.309999465942383
2010-01-08,21.950000762939453
2010-01-11,21.56999969482422
2010-01-12,22.649999618530273
2010-01-13,23.780000686645508
2010-01-14,23.639999389648438
2010-01-15,22.06999969482422
2010-01-18,22.729999542236328
2010-01-19,22.530000686645508
2010-01-20,24.049999237060547
2010-01-21,24.040000915527344
2010-01-22,25.3700008392334
2010-01-25,25.59000015258789
2010-01-26,28.1299991607666
2010-01-27,27.84000015258789
2010-01-28,26.440000534057617
2010-01-29,26.81999969482422
2010-02-01,26.40999984741211
2010-02-02,24.649999618530273
2010-02-03,23.940000534057617
2010-02-04,24.700000762939453
2010-02-05,30.09000015258789
2010-02-08,29.3799991607666
2010-02-09,28.31999969482422
2010-02-10,27.049999237060547
2010-02-11,26.739999771118164
2010-02-12,26.56999969482422
2010-02-17,25.229999542236328
2010-02-18,26.06999969482422
2010-02-19,27.6299991607666
2010-02-22,25.309999465942383
2010-02-23,25.34000015258789
2010-02-24,26.459999084472656
2010-02-25,25.399999618530273
2010-02-26,26.40999984741211
2010-03-01,25.209999084472656
2010-03-02,24.440000534057617
2010-03-03,24.06999969482422
2010-03-04,23.760000228881836
2010-03-05,23.18000030517578
2010-03-08,22.920000076293945
2010-03-09,22.479999542236328
2010-03-10,22.040000915527344
2010-03-11,22.350000381469727
2010-03-12,21.81999969482422
2010-03-15,22.649999618530273
2010-03-16,22.329999923706055
2010-03-17,21.280000686645508
2010-03-18,21.309999465942383
2010-03-19,20.790000915527344
2010-03-22,21.389999389648438
2010-03-23,19.8799991607666
2010-03-24,20.219999313354492
2010-03-25,19.829999923706055
2010-03-26,19.780000686645508
2010-03-29,20.15999984741211
2010-03-30,19.18000030517578
2010-03-31,19.1299991607666
2010-04-01,19.75
2010-04-07,20.25
2010-04-08,20.559999465942383
2010-04-09,19.84000015258789
2010-04-12,20.600000381469727
2010-04-13,20.56999969482422
2010-04-14,20.40999984741211
2010-04-15,20.200000762939453
2010-04-16,20.540000915527344
2010-04-19,22.290000915527344
2010-04-20,20.8799991607666
2010-04-21,20.510000228881836
2010-04-22,19.719999313354492
2010-04-23,20.940000534057617
2010-04-26,21.170000076293945
2010-04-27,21.56999969482422
2010-04-28,24.280000686645508
2010-04-29,23.809999465942383
2010-04-30,22.020000457763672
2010-05-03,24.049999237060547
2010-05-04,23.540000915527344
2010-05-05,25.8799991607666
2010-05-06,26.639999389648438
2010-05-07,33.810001373291016
2010-05-10,29.6299991607666
2010-05-11,29.770000457763672
2010-05-12,28.06999969482422
2010-05-13,25.829999923706055
2010-05-14,26.549999237060547
2010-05-17,29.559999465942383
2010-05-18,27.579999923706055
2010-05-19,31.579999923706055
2010-05-20,29.979999542236328
2010-05-24,33.040000915527344
2010-05-25,39.290000915527344
2010-05-26,35.540000915527344
2010-05-27,31.15999984741211
2010-05-28,27.670000076293945
2010-05-31,27.559999465942383
2010-06-01,29.719999313354492
2010-06-02,28.520000457763672
2010-06-03,25.700000762939453
2010-06-04,25.459999084472656
2010-06-07,28.40999984741211
2010-06-08,26.760000228881836
2010-06-09,26.290000915527344
2010-06-10,25.200000762939453
2010-06-11,23.280000686645508
2010-06-14,22.5
2010-06-15,23.079999923706055
2010-06-17,22.459999084472656
2010-06-18,21.010000228881836
2010-06-21,21.81999969482422
2010-06-22,21.6200008392334
2010-06-23,21.559999465942383
2010-06-24,22.18000030517578
2010-06-25,22.389999389648438
2010-06-28,23.139999389648438
2010-06-29,23.959999084472656
2010-06-30,24.260000228881836
2010-07-02,24.889999389648438
2010-07-05,24.520000457763672
2010-07-06,22.510000228881836
2010-07-07,22.479999542236328
2010-07-08,22.059999465942383
2010-07-09,20.600000381469727
2010-07-12,20.639999389648438
2010-07-13,20.549999237060547
2010-07-14,19.93000030517578
2010-07-15,20.959999084472656
2010-07-16,20.65999984741211
2010-07-19,21.469999313354492
2010-07-20,21.110000610351562
2010-07-21,20.920000076293945
2010-07-22,19.90999984741211
2010-07-23,20.5
2010-07-26,20.530000686645508
2010-07-27,20.010000228881836
2010-07-28,19.59000015258789
2010-07-29,19.149999618530273
2010-07-30,18.469999313354492
2010-08-02,18.6299991607666
2010-08-03,18.280000686645508
2010-08-04,17.8799991607666
2010-08-05,17.690000534057617
2010-08-06,17.56999969482422
2010-08-09,17.700000762939453
2010-08-10,19.020000457763672
2010-08-11,19.5
2010-08-12,20.280000686645508
2010-08-13,19.56999969482422
2010-08-16,20.65999984741211
2010-08-17,19.770000457763672
2010-08-18,19.889999389648438
2010-08-19,20.0
2010-08-20,19.75
2010-08-23,19.260000228881836
2010-08-24,20.709999084472656
2010-08-25,20.670000076293945
2010-08-26,20.299999237060547
2010-08-27,20.809999465942383
2010-08-30,20.690000534057617
2010-08-31,21.290000915527344
2010-09-01,19.969999313354492
2010-09-02,18.510000228881836
2010-09-03,17.549999237060547
2010-09-06,17.239999771118164
2010-09-07,17.690000534057617
2010-09-08,19.309999465942383
2010-09-09,18.56999969482422
2010-09-10,18.40999984741211
2010-09-13,18.809999465942383
2010-09-14,18.860000610351562
2010-09-15,18.90999984741211
2010-09-16,18.8700008392334
2010-09-17,19.540000915527344
2010-09-20,20.280000686645508
2010-09-21,19.239999771118164
2010-09-22,18.020000457763672
2010-09-24,18.43000030517578
2010-09-27,18.670000076293945
2010-09-28,19.469999313354492
2010-09-29,19.579999923706055
2010-09-30,18.790000915527344
2010-10-04,19.520000457763672
2010-10-05,19.489999771118164
2010-10-06,20.079999923706055
2010-10-07,20.600000381469727
2010-10-08,20.899999618530273
2010-10-11,19.770000457763672
2010-10-12,20.15999984741211
2010-10-13,19.68000030517578
2010-10-14,20.829999923706055
2010-10-15,20.59000015258789
2010-10-18,20.850000381469727
2010-10-19,20.469999313354492
2010-10-20,19.40999984741211
2010-10-21,18.809999465942383
2010-10-22,19.100000381469727
2010-10-25,20.520000457763672
2010-10-26,20.040000915527344
2010-10-27,21.920000076293945
2010-10-28,21.139999389648438
2010-10-29,21.3700008392334
2010-11-01,21.600000381469727
2010-11-02,22.34000015258789
2010-11-03,22.479999542236328
2010-11-04,21.299999237060547
2010-11-05,22.170000076293945
2010-11-08,21.290000915527344
2010-11-09,21.309999465942383
2010-11-10,22.139999389648438
2010-11-11,21.25
2010-11-12,22.889999389648438
2010-11-15,23.6200008392334
2010-11-16,23.600000381469727
2010-11-17,24.65999984741211
2010-11-18,23.399999618530273
2010-11-19,22.920000076293945
2010-11-22,22.329999923706055
2010-11-23,25.56999969482422
2010-11-24,24.15999984741211
2010-11-25,23.309999465942383
2010-11-26,23.3799991607666
2010-11-29,22.729999542236328
2010-11-30,22.729999542236328
2010-12-01,21.809999465942383
2010-12-02,21.709999084472656
2010-12-03,20.65999984741211
2010-12-06,20.34000015258789
2010-12-07,19.68000030517578
2010-12-08,19.8799991607666
2010-12-09,19.639999389648438
2010-12-10,19.3799991607666
2010-12-13,19.3700008392334
2010-12-14,18.389999389648438
2010-12-15,18.700000762939453
2010-12-16,18.200000762939453
2010-12-17,17.729999542236328
2010-12-20,17.65999984741211
2010-12-21,17.670000076293945
2010-12-22,16.889999389648438
2010-12-23,17.280000686645508
2010-12-24,17.25
2010-12-28,19.399999618530273
2010-12-29,18.719999313354492
2010-12-30,18.110000610351562
2010-12-31,18.09000015258789
2011-01-03,18.68000030517578
2011-01-04,18.690000534057617
2011-01-05,18.639999389648438
2011-01-06,18.399999618530273
2011-01-07,17.540000915527344
2011-01-10,18.299999237060547
2011-01-11,17.649999618530273
2011-01-12,16.709999084472656
2011-01-13,17.209999084472656
2011-01-14,17.049999237060547
2011-01-17,17.920000076293945
2011-01-18,18.06999969482422
2011-01-19,17.81999969482422
2011-01-20,17.719999313354492
2011-01-21,16.850000381469727
2011-01-24,17.329999923706055
2011-01-25,16.899999618530273
2011-01-26,16.56999969482422
2011-01-27,16.950000762939453
2011-01-28,16.190000534057617
2011-01-31,17.299999237060547
2011-02-01,16.549999237060547
2011-02-02,16.850000381469727
2011-02-07,17.549999237060547
2011-02-08,17.850000381469727
2011-02-09,18.229999542236328
2011-02-10,20.010000228881836
2011-02-11,19.020000457763672
2011-02-14,19.229999542236328
2011-02-15,18.84000015258789
2011-02-16,18.649999618530273
2011-02-17,18.450000762939453
2011-02-18,17.440000534057617
2011-02-21,17.68000030517578
2011-02-22,19.549999237060547
2011-02-23,19.43000030517578
2011-02-24,21.709999084472656
2011-02-25,19.639999389648438
2011-02-28,18.729999542236328
2011-03-01,17.350000381469727
2011-03-02,16.639999389648438
2011-03-03,18.829999923706055
2011-03-04,19.040000915527344
2011-03-07,19.25
2011-03-08,18.700000762939453
2011-03-09,18.5
2011-03-10,19.049999237060547
2011-03-11,20.43000030517578
2011-03-14,20.729999542236328
2011-03-15,27.81999969482422
2011-03-16,24.6200008392334
2011-03-17,28.209999084472656
2011-03-18,25.579999923706055
2011-03-21,22.059999465942383
2011-03-22,20.290000915527344
2011-03-23,19.350000381469727
2011-03-24,19.290000915527344
2011-03-25,18.469999313354492
2011-03-28,18.989999771118164
2011-03-29,19.229999542236328
2011-03-30,17.940000534057617
2011-03-31,17.579999923706055
2011-04-01,16.8700008392334
2011-04-04,16.920000076293945
2011-04-06,17.149999618530273
2011-04-07,16.889999389648438
2011-04-08,16.719999313354492
2011-04-11,17.139999389648438
2011-04-12,18.170000076293945
2011-04-13,18.209999084472656
2011-04-14,18.260000228881836
2011-04-15,18.0
2011-04-18,18.110000610351562
2011-04-19,16.850000381469727
2011-04-20,15.949999809265137
2011-04-21,16.0
2011-04-26,18.1200008392334
2011-04-27,18.520000457763672
2011-04-28,18.1299991607666
2011-04-29,17.15999984741211
2011-05-03,18.020000457763672
2011-05-04,18.309999465942383
2011-05-05,17.299999237060547
2011-05-06,17.09000015258789
2011-05-09,17.299999237060547
2011-05-11,17.139999389648438
2011-05-12,17.739999771118164
2011-05-13,17.229999542236328
2011-05-16,18.770000457763672
2011-05-17,18.18000030517578
2011-05-18,17.860000610351562
2011-05-19,17.34000015258789
2011-05-20,17.010000228881836
2011-05-23,19.31999969482422
2011-05-24,18.989999771118164
2011-05-25,19.149999618530273
2011-05-26,17.8799991607666
2011-05-27,17.729999542236328
2011-05-30,18.31999969482422
2011-05-31,17.260000228881836
2011-06-01,16.8700008392334
2011-06-02,17.90999984741211
2011-06-03,17.5
2011-06-07,18.1200008392334
2011-06-08,19.040000915527344
2011-06-09,19.31999969482422
2011-06-10,19.40999984741211
2011-06-13,19.489999771118164
2011-06-14,18.670000076293945
2011-06-15,19.59000015258789
2011-06-16,21.59000015258789
2011-06-17,23.520000457763672
2011-06-20,22.5
2011-06-21,21.420000076293945
2011-06-22,20.469999313354492
2011-06-23,21.040000915527344
2011-06-24,19.079999923706055
2011-06-27,20.6299991607666
2011-06-28,20.709999084472656
2011-06-29,20.549999237060547
2011-06-30,18.540000915527344
2011-07-04,17.940000534057617
2011-07-05,17.760000228881836
2011-07-06,17.799999237060547
2011-07-07,17.56999969482422
2011-07-08,16.959999084472656
2011-07-11,17.149999618530273
2011-07-12,22.079999923706055
2011-07-13,20.989999771118164
2011-07-14,20.850000381469727
2011-07-15,21.43000030517578
2011-07-18,21.329999923706055
2011-07-19,20.209999084472656
2011-07-20,20.030000686645508
2011-07-21,19.229999542236328
2011-07-22,17.309999465942383
2011-07-25,18.600000381469727
2011-07-26,18.6200008392334
2011-07-27,19.6299991607666
2011-07-28,19.670000076293945
2011-07-29,21.43000030517578
2011-08-01,18.670000076293945
2011-08-02,19.610000610351562
2011-08-03,21.110000610351562
2011-08-04,21.68000030517578
2011-08-05,33.869998931884766
2011-08-08,35.93000030517578
2011-08-09,51.970001220703125
2011-08-10,42.709999084472656
2011-08-11,42.20000076293945
2011-08-12,37.9900016784668
2011-08-15,32.41999816894531
2011-08-16,32.97999954223633
2011-08-17,29.709999084472656
2011-08-18,30.600000381469727
2011-08-19,40.18000030517578
2011-08-22,37.0099983215332
2011-08-23,38.630001068115234
2011-08-24,40.560001373291016
2011-08-25,39.43000030517578
2011-08-26,39.77000045776367
2011-08-29,33.25
2011-08-30,31.18000030517578
2011-08-31,27.899999618530273
2011-09-01,30.190000534057617
2011-09-02,30.860000610351562
2011-09-05,34.470001220703125
2011-09-06,34.18000030517578
2011-09-07,32.310001373291016
2011-09-08,31.850000381469727
2011-09-09,31.489999771118164
2011-09-12,38.77000045776367
2011-09-14,39.58000183105469
2011-09-15,34.79999923706055
2011-09-16,33.79999923706055
2011-09-19,36.22999954223633
2011-09-20,34.34000015258789
2011-09-21,35.09000015258789
2011-09-22,41.58000183105469
2011-09-23,43.70000076293945
2011-09-26,43.599998474121094
2011-09-27,39.7599983215332
2011-09-28,40.68000030517578
2011-09-30,42.77000045776367
2011-10-03,44.0
2011-10-04,47.81999969482422
2011-10-06,41.25
2011-10-07,38.08000183105469
2011-10-10,36.47999954223633
2011-10-11,38.400001525878906
2011-10-12,35.34000015258789
2011-10-13,33.209999084472656
2011-10-14,33.22999954223633
2011-10-17,30.940000534057617
2011-10-18,37.45000076293945
2011-10-19,35.779998779296875
2011-10-20,37.81999969482422
2011-10-21,37.970001220703125
2011-10-24,35.380001068115234
2011-10-25,34.959999084472656
2011-10-26,36.59000015258789
2011-10-27,34.060001373291016
2011-10-28,31.889999389648438
2011-10-31,32.099998474121094
2011-11-01,35.34000015258789
2011-11-02,35.16999816894531
2011-11-03,39.2599983215332
2011-11-04,35.310001373291016
2011-11-07,36.2599983215332
2011-11-08,35.349998474121094
2011-11-09,31.549999237060547
2011-11-10,38.18000030517578
2011-11-11,35.060001373291016
2011-11-14,32.95000076293945
2011-11-15,33.599998474121094
2011-11-16,35.5099983215332
2011-11-17,35.599998474121094
2011-11-18,36.20000076293945
2011-11-21,36.310001373291016
2011-11-22,34.52000045776367
2011-11-23,35.54999923706055
2011-11-24,35.7400016784668
2011-11-25,36.099998474121094
2011-11-28,32.56999969482422
2011-11-29,30.6299991607666
2011-11-30,30.8799991607666
2011-12-01,28.739999771118164
2011-12-02,27.739999771118164
2011-12-05,28.34000015258789
2011-12-06,29.079999923706055
2011-12-07,28.829999923706055
2011-12-08,29.690000534057617
2011-12-09,32.2599983215332
2011-12-12,29.969999313354492
2011-12-13,28.780000686645508
2011-12-14,27.950000762939453
2011-12-15,28.6200008392334
2011-12-16,26.190000534057617
2011-12-19,28.239999771118164
2011-12-20,27.079999923706055
2011-12-21,25.520000457763672
2011-12-22,24.0
2011-12-23,23.6299991607666
2011-12-28,24.729999542236328
2011-12-29,24.969999313354492
2011-12-30,24.6200008392334
2012-01-03,24.920000076293945
2012-01-04,24.420000076293945
2012-01-05,23.520000457763672
2012-01-06,24.65999984741211
2012-01-09,23.90999984741211
2012-01-10,23.459999084472656
2012-01-11,22.770000457763672
2012-01-12,22.40999984741211
2012-01-13,21.59000015258789
2012-01-16,22.920000076293945
2012-01-17,22.059999465942383
2012-01-18,21.920000076293945
2012-01-19,22.34000015258789
2012-01-20,21.809999465942383
2012-01-26,22.559999465942383
2012-01-27,22.209999084472656
2012-01-30,24.700000762939453
2012-01-31,23.6200008392334
2012-02-01,23.489999771118164
2012-02-02,22.65999984741211
2012-02-03,21.770000457763672
2012-02-06,22.940000534057617
2012-02-07,22.729999542236328
2012-02-08,21.81999969482422
2012-02-09,22.729999542236328
2012-02-10,23.559999465942383
2012-02-13,23.309999465942383
2012-02-14,22.260000228881836
2012-02-15,21.6200008392334
2012-02-16,23.049999237060547
2012-02-17,22.75
2012-02-20,23.84000015258789
2012-02-21,23.010000228881836
2012-02-22,22.290000915527344
2012-02-23,22.889999389648438
2012-02-24,21.520000457763672
2012-02-27,23.09000015258789
2012-02-28,22.030000686645508
2012-02-29,21.209999084472656
2012-03-01,21.6299991607666
2012-03-02,20.670000076293945
2012-03-05,22.40999984741211
2012-03-06,23.610000610351562
2012-03-07,23.989999771118164
2012-03-08,22.540000915527344
2012-03-09,21.3700008392334
2012-03-12,21.139999389648438
2012-03-13,20.65999984741211
2012-03-14,21.219999313354492
2012-03-15,20.270000457763672
2012-03-16,19.770000457763672
2012-03-20,21.520000457763672
2012-03-21,20.860000610351562
2012-03-22,20.5
2012-03-23,21.020000457763672
2012-03-26,20.719999313354492
2012-03-27,18.8700008392334
2012-03-28,18.8700008392334
2012-03-29,20.190000534057617
2012-03-30,20.239999771118164
2012-04-02,20.110000610351562
2012-04-03,18.530000686645508
2012-04-05,19.889999389648438
2012-04-10,21.239999771118164
2012-04-11,21.829999923706055
2012-04-12,20.979999542236328
2012-04-13,20.149999618530273
2012-04-16,21.3799991607666
2012-04-17,21.329999923706055
2012-04-18,20.239999771118164
2012-04-19,19.18000030517578
2012-04-20,19.209999084472656
2012-04-23,20.5
2012-04-24,19.790000915527344
2012-04-25,19.18000030517578
2012-04-26,18.6299991607666
2012-04-27,19.1299991607666
2012-04-30,18.979999542236328
2012-05-02,18.729999542236328
2012-05-03,18.510000228881836
2012-05-04,18.790000915527344
2012-05-07,22.290000915527344
2012-05-08,21.229999542236328
2012-05-09,22.350000381469727
2012-05-10,22.600000381469727
2012-05-11,23.290000915527344
2012-05-14,24.510000228881836
2012-05-15,23.649999618530273
2012-05-16,27.739999771118164
2012-05-17,27.790000915527344
2012-05-18,29.5
2012-05-21,28.8799991607666
2012-05-22,26.8799991607666
2012-05-23,28.56999969482422
2012-05-24,29.34000015258789
2012-05-25,28.610000610351562
2012-05-28,27.829999923706055
2012-05-29,26.450000762939453
2012-05-30,28.1200008392334
2012-05-31,28.31999969482422
2012-06-01,28.8700008392334
2012-06-04,31.399999618530273
2012-06-05,29.670000076293945
2012-06-06,27.31999969482422
2012-06-07,26.959999084472656
2012-06-08,28.440000534057617
2012-06-11,25.90999984741211
2012-06-12,26.670000076293945
2012-06-13,26.3799991607666
2012-06-14,27.920000076293945
2012-06-15,27.770000457763672
2012-06-18,24.559999465942383
2012-06-19,23.0
2012-06-20,22.299999237060547
2012-06-21,21.5
2012-06-22,22.100000381469727
2012-06-25,21.780000686645508
2012-06-26,20.899999618530273
2012-06-27,21.049999237060547
2012-06-28,22.209999084472656
2012-06-29,20.399999618530273
2012-07-03,19.559999465942383
2012-07-04,18.540000915527344
2012-07-05,18.59000015258789
2012-07-06,18.40999984741211
2012-07-09,19.90999984741211
2012-07-10,19.670000076293945
2012-07-11,19.399999618530273
2012-07-12,20.649999618530273
2012-07-13,19.489999771118164
2012-07-16,19.459999084472656
2012-07-17,18.940000534057617
2012-07-18,19.459999084472656
2012-07-19,19.09000015258789
2012-07-20,18.75
2012-07-23,22.190000534057617
2012-07-24,22.700000762939453
2012-07-25,22.729999542236328
2012-07-26,21.780000686645508
2012-07-27,20.489999771118164
2012-07-30,20.950000762939453
2012-07-31,20.690000534057617
2012-08-01,20.860000610351562
2012-08-02,21.18000030517578
2012-08-03,19.469999313354492
2012-08-06,19.25
2012-08-07,18.979999542236328
2012-08-08,19.1200008392334
2012-08-09,18.469999313354492
2012-08-10,18.389999389648438
2012-08-13,18.700000762939453
2012-08-14,18.25
2012-08-15,18.850000381469727
2012-08-16,19.06999969482422
2012-08-17,18.459999084472656
2012-08-20,18.8700008392334
2012-08-21,18.670000076293945
2012-08-22,19.56999969482422
2012-08-23,19.280000686645508
2012-08-24,19.920000076293945
2012-08-27,20.540000915527344
2012-08-28,20.149999618530273
2012-08-29,20.3799991607666
2012-08-30,21.09000015258789
2012-08-31,21.15999984741211
2012-09-03,20.479999542236328
2012-09-04,20.170000076293945
2012-09-05,20.719999313354492
2012-09-06,19.8700008392334
2012-09-07,18.700000762939453
2012-09-10,18.600000381469727
2012-09-11,19.030000686645508
2012-09-12,18.8799991607666
2012-09-13,18.739999771118164
2012-09-14,18.520000457763672
2012-09-17,17.799999237060547
2012-09-18,17.719999313354492
2012-09-19,17.299999237060547
2012-09-20,17.520000457763672
2012-09-21,16.920000076293945
2012-09-24,16.549999237060547
2012-09-25,15.960000038146973
2012-09-26,16.649999618530273
2012-09-27,15.789999961853027
2012-09-28,15.279999732971191
2012-10-03,16.309999465942383
2012-10-04,16.260000228881836
2012-10-05,16.040000915527344
2012-10-08,16.469999313354492
2012-10-09,16.520000457763672
2012-10-10,16.399999618530273
2012-10-11,16.459999084472656
2012-10-12,16.459999084472656
2012-10-15,16.309999465942383
2012-10-16,15.770000457763672
2012-10-17,15.550000190734863
2012-10-18,15.569999694824219
2012-10-19,14.920000076293945
2012-10-22,15.920000076293945
2012-10-24,16.8799991607666
2012-10-25,16.1200008392334
2012-10-26,16.450000762939453
2012-10-29,16.670000076293945
2012-10-30,16.719999313354492
2012-10-31,15.970000267028809
2012-11-01,15.869999885559082
2012-11-02,15.800000190734863
2012-11-05,16.239999771118164
2012-11-06,16.700000762939453
2012-11-07,16.18000030517578
2012-11-08,17.59000015258789
2012-11-09,17.239999771118164
2012-11-12,17.280000686645508
2012-11-13,17.260000228881836
2012-11-14,16.389999389648438
2012-11-15,17.100000381469727
2012-11-16,16.639999389648438
2012-11-19,16.389999389648438
2012-11-20,16.350000381469727
2012-11-21,15.90999984741211
2012-11-22,15.859999656677246
2012-11-23,15.4399995803833
2012-11-26,15.479999542236328
2012-11-27,15.619999885559082
2012-11-28,16.09000015258789
2012-11-29,15.239999771118164
2012-11-30,14.789999961853027
2012-12-03,15.600000381469727
2012-12-04,15.529999732971191
2012-12-05,16.0
2012-12-06,15.619999885559082
2012-12-07,15.850000381469727
2012-12-10,15.670000076293945
2012-12-11,15.270000457763672
2012-12-12,15.140000343322754
2012-12-13,15.029999732971191
2012-12-14,14.960000038146973
2012-12-17,15.649999618530273
2012-12-18,15.680000305175781
2012-12-19,15.65999984741211
2012-12-20,15.680000305175781
2012-12-21,16.81999969482422
2012-12-24,15.90999984741211
2012-12-27,16.809999465942383
2012-12-28,17.190000534057617
2012-12-31,17.81999969482422
2013-01-02,16.0
2013-01-03,15.449999809265137
2013-01-04,14.869999885559082
2013-01-07,14.890000343322754
2013-01-08,14.489999771118164
2013-01-09,13.880000114440918
2013-01-10,13.649999618530273
2013-01-11,13.920000076293945
2013-01-14,14.270000457763672
2013-01-15,14.529999732971191
2013-01-16,14.800000190734863
2013-01-17,14.84000015258789
2013-01-18,14.140000343322754
2013-01-21,14.100000381469727
2013-01-22,13.460000038146973
2013-01-23,13.170000076293945
2013-01-24,13.100000381469727
2013-01-25,12.279999732971191
2013-01-28,12.59000015258789
2013-01-29,12.8100004196167
2013-01-30,13.3100004196167
2013-01-31,13.5
2013-02-01,12.699999809265137
2013-02-04,13.300000190734863
2013-02-05,14.630000114440918
2013-02-06,14.329999923706055
2013-02-07,14.220000267028809
2013-02-08,14.25
2013-02-14,14.270000457763672
2013-02-15,14.140000343322754
2013-02-18,14.40999984741211
2013-02-19,14.729999542236328
2013-02-20,14.149999618530273
2013-02-21,15.579999923706055
2013-02-22,15.829999923706055
2013-02-25,16.049999237060547
2013-02-26,18.110000610351562
2013-02-27,17.149999618530273
2013-02-28,15.1899995803833
2013-03-01,15.079999923706055
2013-03-04,16.8700008392334
2013-03-05,16.149999618530273
2013-03-06,15.5
2013-03-07,15.279999732971191
2013-03-08,14.609999656677246
2013-03-11,14.680000305175781
2013-03-12,15.0600004196167
2013-03-13,15.6899995803833
2013-03-14,14.960000038146973
2013-03-15,15.279999732971191
2013-03-18,18.010000228881836
2013-03-19,16.979999542236328
2013-03-20,16.540000915527344
2013-03-21,16.18000030517578
2013-03-22,15.5600004196167
2013-03-25,15.84000015258789
2013-03-26,15.75
2013-03-27,15.149999618530273
2013-03-28,14.6899995803833
2013-04-02,15.039999961853027
2013-04-03,14.510000228881836
2013-04-05,16.959999084472656
2013-04-08,16.899999618530273
2013-04-09,16.75
2013-04-10,16.139999389648438
2013-04-11,16.309999465942383
2013-04-12,16.559999465942383
2013-04-15,17.829999923706055
2013-04-16,17.649999618530273
2013-04-17,17.739999771118164
2013-04-18,17.68000030517578
2013-04-19,17.170000076293945
2013-04-22,17.040000915527344
2013-04-23,17.18000030517578
2013-04-24,16.610000610351562
2013-04-25,16.440000534057617
2013-04-26,16.559999465942383
2013-04-29,16.06999969482422
2013-04-30,15.420000076293945
2013-05-02,15.729999542236328
2013-05-03,15.260000228881836
2013-05-06,15.279999732971191
2013-05-07,14.920000076293945
2013-05-08,15.100000381469727
2013-05-09,14.65999984741211
2013-05-10,14.699999809265137
2013-05-13,15.579999923706055
2013-05-14,15.380000114440918
2013-05-15,15.09000015258789
2013-05-16,15.6899995803833
2013-05-20,16.84000015258789
2013-05-21,16.68000030517578
2013-05-22,16.31999969482422
2013-05-23,18.3799991607666
2013-05-24,17.5
2013-05-27,16.799999237060547
2013-05-28,16.520000457763672
2013-05-29,17.100000381469727
2013-05-30,16.979999542236328
2013-05-31,16.59000015258789
2013-06-03,17.25
2013-06-04,16.729999542236328
2013-06-05,17.739999771118164
2013-06-06,18.329999923706055
2013-06-07,19.3799991607666
2013-06-10,18.75
2013-06-11,19.040000915527344
2013-06-13,21.459999084472656
2013-06-14,20.469999313354492
2013-06-17,19.889999389648438
2013-06-18,19.850000381469727
2013-06-19,21.09000015258789
2013-06-20,22.719999313354492
2013-06-21,23.1200008392334
2013-06-24,27.329999923706055
2013-06-25,27.799999237060547
2013-06-26,23.8700008392334
2013-06-27,23.68000030517578
2013-06-28,20.170000076293945
2013-07-02,21.3700008392334
2013-07-03,24.56999969482422
2013-07-04,23.1299991607666
2013-07-05,22.899999618530273
2013-07-08,24.549999237060547
2013-07-09,23.15999984741211
2013-07-10,22.260000228881836
2013-07-11,20.90999984741211
2013-07-12,21.200000762939453
2013-07-15,20.600000381469727
2013-07-16,20.360000610351562
2013-07-17,19.860000610351562
2013-07-18,19.15999984741211
2013-07-19,19.229999542236328
2013-07-22,19.049999237060547
2013-07-23,18.540000915527344
2013-07-24,17.510000228881836
2013-07-25,17.309999465942383
2013-07-26,16.950000762939453
2013-07-29,18.290000915527344
2013-07-30,17.770000457763672
2013-07-31,18.1299991607666
2013-08-01,17.239999771118164
2013-08-02,16.110000610351562
2013-08-05,15.670000076293945
2013-08-06,16.15999984741211
2013-08-07,17.260000228881836
2013-08-08,16.389999389648438
2013-08-09,15.600000381469727
2013-08-12,16.350000381469727
2013-08-13,16.15999984741211
2013-08-15,16.399999618530273
2013-08-16,16.860000610351562
2013-08-19,17.469999313354492
2013-08-20,19.1200008392334
2013-08-21,19.309999465942383
2013-08-22,18.81999969482422
2013-08-23,18.479999542236328
2013-08-26,18.520000457763672
2013-08-27,19.40999984741211
2013-08-28,20.729999542236328
2013-08-29,19.760000228881836
2013-08-30,19.059999465942383
2013-09-02,18.280000686645508
2013-09-03,18.040000915527344
2013-09-04,18.90999984741211
2013-09-05,18.059999465942383
2013-09-06,17.709999084472656
2013-09-09,17.559999465942383
2013-09-10,16.799999237060547
2013-09-11,16.989999771118164
2013-09-12,16.700000762939453
2013-09-13,16.709999084472656
2013-09-16,16.799999237060547
2013-09-17,17.270000457763672
2013-09-18,17.40999984741211
2013-09-19,16.229999542236328
2013-09-23,16.65999984741211
2013-09-24,16.459999084472656
2013-09-25,16.170000076293945
2013-09-26,15.579999923706055
2013-09-27,15.100000381469727
2013-09-30,16.950000762939453
2013-10-02,16.760000228881836
2013-10-03,16.5
2013-10-04,17.1200008392334
2013-10-07,18.299999237060547
2013-10-08,17.59000015258789
2013-10-09,18.450000762939453
2013-10-10,18.18000030517578
2013-10-11,16.479999542236328
2013-10-15,16.81999969482422
2013-10-16,17.700000762939453
2013-10-17,16.93000030517578
2013-10-18,15.229999542236328
2013-10-21,14.930000305175781
2013-10-22,14.989999771118164
2013-10-23,16.059999465942383
2013-10-24,16.219999313354492
2013-10-25,15.800000190734863
2013-10-28,15.920000076293945
2013-10-29,15.319999694824219
2013-10-30,15.09000015258789
2013-10-31,14.8100004196167
2013-11-01,14.3100004196167
2013-11-04,14.489999771118164
2013-11-05,14.859999656677246
2013-11-06,14.989999771118164
2013-11-07,15.039999961853027
2013-11-08,15.199999809265137
2013-11-11,15.770000457763672
2013-11-12,16.139999389648438
2013-11-13,16.389999389648438
2013-11-14,15.649999618530273
2013-11-15,15.880000114440918
2013-11-18,17.59000015258789
2013-11-19,16.709999084472656
2013-11-20,17.020000457763672
2013-11-21,17.100000381469727
2013-11-22,16.959999084472656
2013-11-25,16.6200008392334
2013-11-26,15.989999771118164
2013-11-27,15.829999923706055
2013-11-28,15.829999923706055
2013-11-29,15.289999961853027
2013-12-02,15.739999771118164
2013-12-03,15.550000190734863
2013-12-04,15.989999771118164
2013-12-05,16.1299991607666
2013-12-06,16.3700008392334
2013-12-09,16.219999313354492
2013-12-10,15.15999984741211
2013-12-11,15.680000305175781
2013-12-12,15.670000076293945
2013-12-13,15.9399995803833
2013-12-16,16.350000381469727
2013-12-17,15.920000076293945
2013-12-18,16.1299991607666
2013-12-19,15.59000015258789
2013-12-20,15.329999923706055
2013-12-23,14.649999618530273
2013-12-24,14.539999961853027
2013-12-27,14.84000015258789
2013-12-30,14.8100004196167
2013-12-31,13.539999961853027
2014-01-02,13.800000190734863
2014-01-03,15.529999732971191
2014-01-06,15.479999542236328
2014-01-07,15.390000343322754
2014-01-08,15.0600004196167
2014-01-09,15.34000015258789
2014-01-10,15.399999618530273
2014-01-13,15.319999694824219
2014-01-14,15.0600004196167
2014-01-15,14.789999961853027
2014-01-16,14.449999809265137
2014-01-17,13.869999885559082
2014-01-20,14.479999542236328
2014-01-21,14.300000190734863
2014-01-22,13.949999809265137
2014-01-23,14.399999618530273
2014-01-24,15.15999984741211
2014-01-27,17.549999237060547
2014-01-28,17.84000015258789
2014-01-29,17.15999984741211
2014-01-30,18.299999237060547
2014-02-04,22.110000610351562
2014-02-05,22.030000686645508
2014-02-06,20.93000030517578
2014-02-07,19.729999542236328
2014-02-10,19.510000228881836
2014-02-11,18.389999389648438
2014-02-12,17.450000762939453
2014-02-13,17.6299991607666
2014-02-14,16.68000030517578
2014-02-17,16.68000030517578
2014-02-18,16.799999237060547
2014-02-19,16.6200008392334
2014-02-20,17.579999923706055
2014-02-21,16.950000762939453
2014-02-24,17.8799991607666
2014-02-25,18.299999237060547
2014-02-26,17.860000610351562
2014-02-27,17.010000228881836
2014-02-28,16.760000228881836
2014-03-03,18.43000030517578
2014-03-04,18.110000610351562
2014-03-05,18.0
2014-03-06,17.18000030517578
2014-03-07,16.93000030517578
2014-03-10,18.420000076293945
2014-03-11,17.549999237060547
2014-03-12,18.149999618530273
2014-03-13,18.190000534057617
2014-03-14,18.709999084472656
2014-03-17,19.459999084472656
2014-03-18,18.25
2014-03-19,17.549999237060547
2014-03-20,18.1200008392334
2014-03-21,17.450000762939453
2014-03-24,17.219999313354492
2014-03-25,16.899999618530273
2014-03-26,16.18000030517578
2014-03-27,16.479999542236328
2014-03-28,16.43000030517578
2014-03-31,16.3700008392334
2014-04-01,15.800000190734863
2014-04-02,15.270000457763672
2014-04-03,14.75
2014-04-04,14.460000038146973
2014-04-07,15.140000343322754
2014-04-08,14.489999771118164
2014-04-09,14.40999984741211
2014-04-10,15.890000343322754
2014-04-11,16.229999542236328
2014-04-14,15.800000190734863
2014-04-15,16.219999313354492
2014-04-16,15.630000114440918
2014-04-17,14.779999732971191
2014-04-22,14.989999771118164
2014-04-23,14.890000343322754
2014-04-24,14.140000343322754
2014-04-25,14.75
2014-04-28,15.149999618530273
2014-04-29,14.489999771118164
2014-04-30,14.850000381469727
2014-05-02,15.039999961853027
2014-05-05,15.550000190734863
2014-05-07,15.960000038146973
2014-05-08,15.65999984741211
2014-05-09,15.430000305175781
2014-05-12,15.390000343322754
2014-05-13,15.420000076293945
2014-05-14,15.09000015258789
2014-05-15,14.869999885559082
2014-05-16,15.289999961853027
2014-05-19,15.369999885559082
2014-05-20,14.739999771118164
2014-05-21,14.760000228881836
2014-05-22,14.329999923706055
2014-05-23,14.039999961853027
2014-05-26,14.380000114440918
2014-05-27,14.399999618530273
2014-05-28,14.710000038146973
2014-05-29,14.960000038146973
2014-05-30,14.75
2014-06-03,14.800000190734863
2014-06-04,14.65999984741211
2014-06-05,14.210000038146973
2014-06-06,13.729999542236328
2014-06-09,13.569999694824219
2014-06-10,13.220000267028809
2014-06-11,13.020000457763672
2014-06-12,13.0
2014-06-13,13.100000381469727
2014-06-16,13.229999542236328
2014-06-17,12.729999542236328
2014-06-18,12.569999694824219
2014-06-19,12.029999732971191
2014-06-20,11.529999732971191
2014-06-23,12.4399995803833
2014-06-24,11.949999809265137
2014-06-25,12.210000038146973
2014-06-26,12.069999694824219
2014-06-27,12.430000305175781
2014-06-30,12.859999656677246
2014-07-02,13.399999618530273
2014-07-03,12.699999809265137
2014-07-04,12.289999961853027
2014-07-07,12.65999984741211
2014-07-08,12.09000015258789
2014-07-09,13.300000190734863
2014-07-10,13.050000190734863
2014-07-11,13.289999961853027
2014-07-14,13.229999542236328
2014-07-15,12.899999618530273
2014-07-16,12.6899995803833
2014-07-17,12.5600004196167
2014-07-18,13.3100004196167
2014-07-21,13.4399995803833
2014-07-22,13.170000076293945
2014-07-23,13.260000228881836
2014-07-24,13.359999656677246
2014-07-25,13.369999885559082
2014-07-28,15.010000228881836
2014-07-29,15.9399995803833
2014-07-30,17.079999923706055
2014-07-31,16.360000610351562
2014-08-01,16.530000686645508
2014-08-04,16.5
2014-08-05,15.680000305175781
2014-08-06,15.739999771118164
2014-08-07,15.6899995803833
2014-08-08,16.770000457763672
2014-08-11,16.59000015258789
2014-08-12,15.630000114440918
2014-08-13,15.430000305175781
2014-08-14,15.449999809265137
2014-08-15,14.970000267028809
2014-08-18,15.149999618530273
2014-08-19,14.6899995803833
2014-08-20,14.59000015258789
2014-08-21,14.760000228881836
2014-08-22,14.0
2014-08-25,14.239999771118164
2014-08-26,13.920000076293945
2014-08-27,13.9399995803833
2014-08-28,13.9399995803833
2014-08-29,13.319999694824219
2014-09-01,13.270000457763672
2014-09-02,13.260000228881836
2014-09-03,14.069999694824219
2014-09-04,14.210000038146973
2014-09-05,14.430000305175781
2014-09-08,14.619999885559082
2014-09-10,15.579999923706055
2014-09-11,15.619999885559082
2014-09-12,15.510000228881836
2014-09-15,16.170000076293945
2014-09-16,16.34000015258789
2014-09-17,16.149999618530273
2014-09-18,16.09000015258789
2014-09-19,14.829999923706055
2014-09-22,15.649999618530273
2014-09-23,15.460000038146973
2014-09-24,15.350000381469727
2014-09-25,15.430000305175781
2014-09-26,15.369999885559082
2014-09-29,19.040000915527344
2014-09-30,20.040000915527344
2014-10-03,21.270000457763672
2014-10-06,19.209999084472656
2014-10-07,18.059999465942383
2014-10-08,18.399999618530273
2014-10-09,17.540000915527344
2014-10-10,20.40999984741211
2014-10-13,21.579999923706055
2014-10-14,21.920000076293945
2014-10-15,21.09000015258789
2014-10-16,22.920000076293945
2014-10-17,23.389999389648438
2014-10-20,21.40999984741211
2014-10-21,20.479999542236328
2014-10-22,18.25
2014-10-23,17.81999969482422
2014-10-24,17.68000030517578
2014-10-27,17.34000015258789
2014-10-28,16.389999389648438
2014-10-29,16.299999237060547
2014-10-30,16.31999969482422
2014-10-31,16.360000610351562
2014-11-03,16.010000228881836
2014-11-04,15.869999885559082
2014-11-05,15.720000267028809
2014-11-06,15.430000305175781
2014-11-07,16.200000762939453
2014-11-10,16.899999618530273
2014-11-11,16.59000015258789
2014-11-12,16.6299991607666
2014-11-13,16.84000015258789
2014-11-14,17.479999542236328
2014-11-17,17.18000030517578
2014-11-18,16.68000030517578
2014-11-19,15.739999771118164
2014-11-20,15.25
2014-11-21,14.239999771118164
2014-11-24,15.699999809265137
2014-11-25,14.399999618530273
2014-11-26,15.149999618530273
2014-11-27,14.84000015258789
2014-11-28,14.380000114440918
2014-12-01,16.209999084472656
2014-12-02,15.739999771118164
2014-12-03,16.40999984741211
2014-12-04,16.309999465942383
2014-12-05,17.030000686645508
2014-12-08,17.049999237060547
2014-12-09,17.790000915527344
2014-12-10,17.920000076293945
2014-12-11,17.68000030517578
2014-12-12,17.149999618530273
2014-12-15,17.93000030517578
2014-12-16,19.6200008392334
2014-12-17,21.100000381469727
2014-12-18,19.559999465942383
2014-12-19,19.049999237060547
2014-12-22,18.489999771118164
2014-12-23,17.829999923706055
2014-12-24,17.309999465942383
2014-12-29,17.639999389648438
2014-12-30,18.020000457763672
2014-12-31,17.540000915527344
2015-01-02,17.530000686645508
2015-01-05,18.219999313354492
2015-01-06,18.739999771118164
2015-01-07,19.079999923706055
2015-01-08,18.170000076293945
2015-01-09,18.18000030517578
2015-01-12,18.260000228881836
2015-01-13,17.34000015258789
2015-01-14,17.670000076293945
2015-01-15,16.969999313354492
2015-01-16,17.540000915527344
2015-01-19,18.049999237060547
2015-01-20,17.260000228881836
2015-01-21,17.170000076293945
2015-01-22,16.90999984741211
2015-01-23,16.700000762939453
2015-01-26,17.260000228881836
2015-01-27,16.420000076293945
2015-01-28,16.43000030517578
2015-01-29,16.489999771118164
2015-01-30,15.630000114440918
2015-02-02,15.960000038146973
2015-02-03,15.680000305175781
2015-02-04,15.930000305175781
2015-02-05,15.5
2015-02-06,15.010000228881836
2015-02-09,15.300000190734863
2015-02-10,14.970000267028809
2015-02-11,15.010000228881836
2015-02-12,14.760000228881836
2015-02-13,14.420000076293945
2015-02-16,14.539999961853027
2015-02-17,14.479999542236328
2015-02-18,14.819999694824219
2015-02-23,15.319999694824219
2015-02-24,14.720000267028809
2015-02-25,14.489999771118164
2015-02-26,13.899999618530273
2015-02-27,13.859999656677246
2015-03-02,13.3100004196167
2015-03-03,13.270000457763672
2015-03-04,13.199999809265137
2015-03-05,13.380000114440918
2015-03-06,13.170000076293945
2015-03-09,13.579999923706055
2015-03-10,13.819999694824219
2015-03-11,14.699999809265137
2015-03-12,14.34000015258789
2015-03-13,13.949999809265137
2015-03-16,14.029999732971191
2015-03-17,13.970000267028809
2015-03-18,14.3100004196167
2015-03-19,13.34000015258789
2015-03-20,12.569999694824219
2015-03-23,12.710000038146973
2015-03-24,12.579999923706055
2015-03-25,11.619999885559082
2015-03-26,11.880000114440918
2015-03-27,11.869999885559082
2015-03-30,13.210000038146973
2015-03-31,12.75
2015-04-01,12.15999984741211
2015-04-02,12.399999618530273
2015-04-08,18.729999542236328
2015-04-09,25.389999389648438
2015-04-10,25.790000915527344
2015-04-13,28.860000610351562
2015-04-14,26.489999771118164
2015-04-15,23.020000457763672
2015-04-16,21.420000076293945
2015-04-17,21.479999542236328
2015-04-20,23.670000076293945
2015-04-21,22.360000610351562
2015-04-22,22.979999542236328
2015-04-23,24.149999618530273
2015-04-24,24.899999618530273
2015-04-27,25.93000030517578
2015-04-28,23.6200008392334
2015-04-29,23.760000228881836
2015-04-30,22.260000228881836
2015-05-04,21.329999923706055
2015-05-05,21.809999465942383
2015-05-06,21.790000915527344
2015-05-07,21.940000534057617
2015-05-08,21.389999389648438
2015-05-11,20.56999969482422
2015-05-12,19.969999313354492
2015-05-13,18.959999084472656
2015-05-14,18.260000228881836
2015-05-15,19.049999237060547
2015-05-18,19.290000915527344
2015-05-19,19.010000228881836
2015-05-20,18.530000686645508
2015-05-21,17.639999389648438
2015-05-22,18.770000457763672
2015-05-26,20.040000915527344
2015-05-27,19.8700008392334
2015-05-28,20.239999771118164
2015-05-29,19.360000610351562
2015-06-01,18.670000076293945
2015-06-02,18.489999771118164
2015-06-03,18.489999771118164
2015-06-04,19.799999237060547
2015-06-05,20.790000915527344
2015-06-08,21.139999389648438
2015-06-09,21.649999618530273
2015-06-10,21.309999465942383
2015-06-11,20.360000610351562
2015-06-12,20.579999923706055
2015-06-15,21.56999969482422
2015-06-16,21.520000457763672
2015-06-17,20.93000030517578
2015-06-18,20.489999771118164
2015-06-19,20.59000015258789
2015-06-22,19.469999313354492
2015-06-23,18.8799991607666
2015-06-24,18.149999618530273
2015-06-25,18.43000030517578
2015-06-26,19.90999984741211
2015-06-29,23.579999923706055
2015-06-30,21.899999618530273
2015-07-02,21.030000686645508
2015-07-03,21.860000610351562
2015-07-06,23.649999618530273
2015-07-07,24.149999618530273
2015-07-08,38.25
2015-07-09,33.4900016784668
2015-07-10,32.369998931884766
2015-07-13,26.81999969482422
2015-07-14,24.170000076293945
2015-07-15,23.170000076293945
2015-07-16,21.399999618530273
2015-07-17,20.549999237060547
2015-07-20,19.579999923706055
2015-07-21,18.139999389648438
2015-07-22,19.229999542236328
2015-07-23,18.670000076293945
2015-07-24,19.15999984741211
2015-07-27,24.940000534057617
2015-07-28,24.309999465942383
2015-07-29,23.3799991607666
2015-07-30,22.639999389648438
2015-07-31,20.40999984741211
2015-08-03,21.920000076293945
2015-08-04,21.6200008392334
2015-08-05,20.6200008392334
2015-08-06,20.780000686645508
2015-08-07,20.270000457763672
2015-08-10,21.440000534057617
2015-08-11,22.06999969482422
2015-08-12,25.479999542236328
2015-08-13,23.549999237060547
2015-08-14,22.43000030517578
2015-08-17,22.5
2015-08-18,22.81999969482422
2015-08-19,24.049999237060547
2015-08-20,25.969999313354492
2015-08-21,28.68000030517578
2015-08-24,39.86000061035156
2015-08-25,40.27000045776367
2015-08-26,37.65999984741211
2015-08-27,32.630001068115234
2015-08-28,35.02000045776367
2015-08-31,35.4900016784668
2015-09-01,38.779998779296875
2015-09-02,40.63999938964844
2015-09-04,41.0099983215332
2015-09-07,40.13999938964844
2015-09-08,33.209999084472656
2015-09-09,30.600000381469727
2015-09-10,34.209999084472656
2015-09-11,33.83000183105469
2015-09-14,33.2599983215332
2015-09-15,33.2400016784668
2015-09-16,31.719999313354492
2015-09-17,31.690000534057617
2015-09-18,27.829999923706055
2015-09-21,29.18000030517578
2015-09-22,27.690000534057617
2015-09-23,32.560001373291016
2015-09-24,31.549999237060547
2015-09-25,30.479999542236328
2015-09-29,33.13999938964844
2015-09-30,29.229999542236328
2015-10-02,27.229999542236328
2015-10-05,25.610000610351562
2015-10-06,24.889999389648438
2015-10-07,24.709999084472656
2015-10-08,25.15999984741211
2015-10-09,24.459999084472656
2015-10-12,23.15999984741211
2015-10-13,22.799999237060547
2015-10-14,23.420000076293945
2015-10-15,23.15999984741211
2015-10-16,22.719999313354492
2015-10-19,22.40999984741211
2015-10-20,22.270000457763672
2015-10-22,21.469999313354492
2015-10-23,20.6299991607666
2015-10-26,21.100000381469727
2015-10-27,21.010000228881836
2015-10-28,22.329999923706055
2015-10-29,21.719999313354492
2015-10-30,22.459999084472656
2015-11-02,22.139999389648438
2015-11-03,20.780000686645508
2015-11-04,20.479999542236328
2015-11-05,20.5
2015-11-06,20.43000030517578
2015-11-09,20.600000381469727
2015-11-10,21.1200008392334
2015-11-11,20.90999984741211
2015-11-12,21.25
2015-11-13,22.440000534057617
2015-11-16,24.469999313354492
2015-11-17,23.440000534057617
2015-11-18,23.559999465942383
2015-11-19,22.0
2015-11-20,21.010000228881836
2015-11-23,20.579999923706055
2015-11-24,21.3700008392334
2015-11-25,21.299999237060547
2015-11-26,21.09000015258789
2015-11-27,23.760000228881836
2015-11-30,24.15999984741211
2015-12-01,22.780000686645508
2015-12-02,21.290000915527344
2015-12-03,21.510000228881836
2015-12-04,21.920000076293945
2015-12-07,20.739999771118164
2015-12-08,22.469999313354492
2015-12-09,22.489999771118164
2015-12-10,23.549999237060547
2015-12-11,24.329999923706055
2015-12-14,25.59000015258789
2015-12-15,25.440000534057617
2015-12-16,23.75
2015-12-17,20.579999923706055
2015-12-18,20.079999923706055
2015-12-21,20.899999618530273
2015-12-22,20.459999084472656
2015-12-23,19.190000534057617
2015-12-24,18.329999923706055
2015-12-28,20.209999084472656
2015-12-29,19.270000457763672
2015-12-30,19.229999542236328
2015-12-31,18.489999771118164
2016-01-04,23.299999237060547
2016-01-05,23.25
2016-01-06,24.940000534057617
2016-01-07,28.8700008392334
2016-01-08,26.979999542236328
2016-01-11,30.84000015258789
2016-01-12,29.899999618530273
2016-01-13,27.600000381469727
2016-01-14,28.149999618530273
2016-01-15,29.40999984741211
2016-01-18,31.399999618530273
2016-01-19,27.510000228881836
2016-01-20,34.18000030517578
2016-01-21,37.9900016784668
2016-01-22,33.29999923706055
2016-01-25,30.760000228881836
2016-01-26,33.779998779296875
2016-01-27,32.209999084472656
2016-01-28,30.1200008392334
2016-01-29,26.5
2016-02-01,25.81999969482422
2016-02-02,24.799999237060547
2016-02-03,27.90999984741211
2016-02-04,27.309999465942383
2016-02-05,29.040000915527344
2016-02-11,34.630001068115234
2016-02-12,36.02000045776367
2016-02-15,32.22999954223633
2016-02-16,30.3700008392334
2016-02-17,31.850000381469727
2016-02-18,28.610000610351562
2016-02-19,27.780000686645508
2016-02-22,26.190000534057617
2016-02-23,26.700000762939453
2016-02-24,27.579999923706055
2016-02-25,28.889999389648438
2016-02-26,26.610000610351562
2016-02-29,27.850000381469727
2016-03-01,26.0
2016-03-02,25.15999984741211
2016-03-03,24.8799991607666
2016-03-04,23.739999771118164
2016-03-07,23.979999542236328
2016-03-08,24.670000076293945
2016-03-09,24.3700008392334
2016-03-10,23.950000762939453
2016-03-11,22.739999771118164
2016-03-14,21.809999465942383
2016-03-15,21.350000381469727
2016-03-16,21.649999618530273
2016-03-17,20.209999084472656
2016-03-18,20.049999237060547
2016-03-21,19.989999771118164
2016-03-22,20.780000686645508
2016-03-23,20.040000915527344
2016-03-24,20.969999313354492
2016-03-29,21.610000610351562
2016-03-30,19.940000534057617
2016-03-31,20.450000762939453
2016-04-01,22.110000610351562
2016-04-05,23.6200008392334
2016-04-06,22.290000915527344
2016-04-07,21.600000381469727
2016-04-08,21.280000686645508
2016-04-11,20.6299991607666
2016-04-12,20.100000381469727
2016-04-13,20.389999389648438
2016-04-14,20.6299991607666
2016-04-15,19.829999923706055
2016-04-18,20.459999084472656
2016-04-19,19.68000030517578
2016-04-20,20.170000076293945
2016-04-21,19.81999969482422
2016-04-22,19.989999771118164
2016-04-25,20.489999771118164
2016-04-26,20.239999771118164
2016-04-27,20.510000228881836
2016-04-28,20.149999618530273
2016-04-29,20.780000686645508
2016-05-03,22.479999542236328
2016-05-04,22.540000915527344
2016-05-05,22.079999923706055
2016-05-06,22.389999389648438
2016-05-09,21.84000015258789
2016-05-10,20.6200008392334
2016-05-11,20.360000610351562
2016-05-12,20.860000610351562
2016-05-13,22.25
2016-05-16,22.75
2016-05-17,21.850000381469727
2016-05-18,23.09000015258789
2016-05-19,22.459999084472656
2016-05-20,21.920000076293945
2016-05-23,21.979999542236328
2016-05-24,21.360000610351562
2016-05-25,21.030000686645508
2016-05-26,20.799999237060547
2016-05-27,21.31999969482422
2016-05-30,21.959999084472656
2016-05-31,21.770000457763672
2016-06-01,21.489999771118164
2016-06-02,21.219999313354492
2016-06-03,20.950000762939453
2016-06-06,20.8799991607666
2016-06-07,20.059999465942383
2016-06-08,19.559999465942383
2016-06-10,20.6200008392334
2016-06-13,24.690000534057617
2016-06-14,26.31999969482422
2016-06-15,25.09000015258789
2016-06-16,26.639999389648438
2016-06-17,25.329999923706055
2016-06-20,24.229999542236328
2016-06-21,23.760000228881836
2016-06-22,24.520000457763672
2016-06-23,24.940000534057617
2016-06-24,28.200000762939453
2016-06-27,25.25
2016-06-28,24.729999542236328
2016-06-29,22.350000381469727
2016-06-30,21.719999313354492
2016-07-04,21.229999542236328
2016-07-05,21.600000381469727
2016-07-06,22.899999618530273
2016-07-07,21.510000228881836
2016-07-08,21.809999465942383
2016-07-11,20.920000076293945
2016-07-12,19.950000762939453
2016-07-13,19.6200008392334
2016-07-14,19.239999771118164
2016-07-15,18.81999969482422
2016-07-18,19.479999542236328
2016-07-19,19.329999923706055
2016-07-20,18.889999389648438
2016-07-21,18.56999969482422
2016-07-22,18.18000030517578
2016-07-25,18.030000686645508
2016-07-26,18.020000457763672
2016-07-27,18.450000762939453
2016-07-28,18.360000610351562
2016-07-29,18.270000457763672
2016-08-01,17.860000610351562
2016-08-03,18.670000076293945
2016-08-04,18.190000534057617
2016-08-05,17.670000076293945
2016-08-08,17.190000534057617
2016-08-09,16.850000381469727
2016-08-10,16.65999984741211
2016-08-11,16.75
2016-08-12,16.719999313354492
2016-08-15,17.09000015258789
2016-08-16,17.1299991607666
2016-08-17,17.059999465942383
2016-08-18,17.229999542236328
2016-08-19,17.059999465942383
2016-08-22,17.209999084472656
2016-08-23,16.940000534057617
2016-08-24,17.56999969482422
2016-08-25,17.139999389648438
2016-08-26,17.040000915527344
2016-08-29,17.1299991607666
2016-08-30,16.65999984741211
2016-08-31,16.100000381469727
2016-09-01,15.789999961853027
2016-09-02,16.25
2016-09-05,16.219999313354492
2016-09-06,16.020000457763672
2016-09-07,15.899999618530273
2016-09-08,15.9399995803833
2016-09-09,16.5
2016-09-12,20.1200008392334
2016-09-13,19.3799991607666
2016-09-14,19.6299991607666
2016-09-15,19.389999389648438
2016-09-19,19.0
2016-09-20,18.920000076293945
2016-09-21,18.479999542236328
2016-09-22,17.209999084472656
2016-09-23,16.549999237060547
2016-09-26,17.809999465942383
2016-09-27,17.579999923706055
2016-09-28,17.530000686645508
2016-09-29,17.020000457763672
2016-09-30,19.969999313354492
2016-10-03,18.40999984741211
2016-10-04,17.389999389648438
2016-10-05,17.43000030517578
2016-10-06,17.229999542236328
2016-10-07,17.729999542236328
2016-10-11,18.3799991607666
2016-10-12,18.5
2016-10-13,19.739999771118164
2016-10-14,18.31999969482422
2016-10-17,19.329999923706055
2016-10-18,18.5
2016-10-19,18.200000762939453
2016-10-20,17.190000534057617
2016-10-24,16.68000030517578
2016-10-25,16.399999618530273
2016-10-26,17.06999969482422
2016-10-27,17.6299991607666
2016-10-28,18.510000228881836
2016-10-31,18.84000015258789
2016-11-01,18.389999389648438
2016-11-02,20.950000762939453
2016-11-03,21.5
2016-11-04,22.649999618530273
2016-11-07,21.549999237060547
2016-11-08,21.549999237060547
2016-11-09,21.770000457763672
2016-11-10,17.649999618530273
2016-11-11,19.56999969482422
2016-11-14,20.5
2016-11-15,19.200000762939453
2016-11-16,18.75
2016-11-17,18.270000457763672
2016-11-18,17.440000534057617
2016-11-21,17.450000762939453
2016-11-22,16.670000076293945
2016-11-23,16.479999542236328
2016-11-24,16.969999313354492
2016-11-25,16.719999313354492
2016-11-28,17.25
2016-11-29,17.459999084472656
2016-11-30,16.8700008392334
2016-12-01,16.399999618530273
2016-12-02,17.389999389648438
2016-12-05,16.360000610351562
2016-12-06,15.109999656677246
2016-12-07,14.470000267028809
2016-12-08,14.59000015258789
2016-12-09,14.640000343322754
2016-12-12,15.920000076293945
2016-12-13,15.729999542236328
2016-12-14,15.489999771118164
2016-12-15,16.75
2016-12-16,16.579999923706055
2016-12-19,17.0
2016-12-20,17.100000381469727
2016-12-21,16.190000534057617
2016-12-22,16.899999618530273
2016-12-23,17.350000381469727
2016-12-28,17.59000015258789
2016-12-29,17.81999969482422
2016-12-30,16.889999389648438
2017-01-03,16.489999771118164
2017-01-04,15.720000267028809
2017-01-05,15.220000267028809
2017-01-06,14.630000114440918
2017-01-09,14.819999694824219
2017-01-10,14.239999771118164
2017-01-11,14.25
2017-01-12,14.210000038146973
2017-01-13,13.800000190734863
2017-01-16,14.670000076293945
2017-01-17,14.180000305175781
2017-01-18,13.789999961853027
2017-01-19,13.930000305175781
2017-01-20,13.979999542236328
2017-01-23,12.84000015258789
2017-01-24,12.720000267028809
2017-01-25,12.5
2017-01-26,12.979999542236328
2017-01-27,12.760000228881836
2017-02-01,13.600000381469727
2017-02-02,13.609999656677246
2017-02-03,13.720000267028809
2017-02-06,14.350000381469727
2017-02-07,14.0600004196167
2017-02-08,14.460000038146973
2017-02-09,14.170000076293945
2017-02-10,13.8100004196167
2017-02-13,14.369999885559082
2017-02-14,13.899999618530273
2017-02-15,13.760000228881836
2017-02-16,13.579999923706055
2017-02-17,13.199999809265137
2017-02-20,13.59000015258789
2017-02-21,13.699999809265137
2017-02-22,13.199999809265137
2017-02-23,13.1899995803833
2017-02-24,13.34000015258789
2017-02-27,13.670000076293945
2017-02-28,14.010000228881836
2017-03-01,13.210000038146973
2017-03-02,13.300000190734863
2017-03-03,13.40999984741211
2017-03-06,13.140000343322754
2017-03-07,12.460000038146973
2017-03-08,12.359999656677246
2017-03-09,12.970000267028809
2017-03-10,13.069999694824219
2017-03-13,13.630000114440918
2017-03-14,13.579999923706055
2017-03-15,13.920000076293945
2017-03-16,13.239999771118164
2017-03-17,12.680000305175781
2017-03-20,12.9399995803833
2017-03-21,13.1899995803833
2017-03-22,13.8100004196167
2017-03-23,13.470000267028809
2017-03-24,13.289999961853027
2017-03-27,13.890000343322754
2017-03-28,13.510000228881836
2017-03-29,12.949999809265137
2017-03-30,12.65999984741211
2017-03-31,12.5600004196167
2017-04-03,12.539999961853027
2017-04-05,12.229999542236328
2017-04-06,12.739999771118164
2017-04-07,13.40999984741211
2017-04-10,13.960000038146973
2017-04-11,14.869999885559082
2017-04-12,14.470000267028809
2017-04-13,14.699999809265137
2017-04-18,16.100000381469727
2017-04-19,15.5600004196167
2017-04-20,14.899999618530273
2017-04-21,15.270000457763672
2017-04-24,13.460000038146973
2017-04-25,12.239999771118164
2017-04-26,12.079999923706055
2017-04-27,12.050000190734863
2017-04-28,11.680000305175781
2017-05-02,12.520000457763672
2017-05-04,13.0600004196167
2017-05-05,13.869999885559082
2017-05-08,13.390000343322754
2017-05-09,12.899999618530273
2017-05-10,12.779999732971191
2017-05-11,12.770000457763672
2017-05-12,12.369999885559082
2017-05-15,12.569999694824219
2017-05-16,12.819999694824219
2017-05-17,12.84000015258789
2017-05-18,13.6899995803833
2017-05-19,13.25
2017-05-22,12.930000305175781
2017-05-23,12.619999885559082
2017-05-24,12.0
2017-05-25,11.930000305175781
2017-05-26,11.8100004196167
2017-05-29,11.600000381469727
2017-05-31,11.920000076293945
2017-06-01,11.619999885559082
2017-06-02,11.920000076293945
2017-06-05,11.899999618530273
2017-06-06,11.979999542236328
2017-06-07,12.119999885559082
2017-06-08,11.949999809265137
2017-06-09,11.359999656677246
2017-06-12,12.449999809265137
2017-06-13,12.15999984741211
2017-06-14,12.199999809265137
2017-06-15,12.789999961853027
2017-06-16,12.229999542236328
2017-06-19,12.880000114440918
2017-06-20,12.670000076293945
2017-06-21,12.630000114440918
2017-06-22,12.569999694824219
2017-06-23,12.520000457763672
2017-06-26,12.550000190734863
2017-06-27,12.289999961853027
2017-06-28,12.90999984741211
2017-06-29,12.869999885559082
2017-06-30,14.010000228881836
2017-07-03,13.600000381469727
2017-07-04,14.0
2017-07-05,13.579999923706055
2017-07-06,13.65999984741211
2017-07-07,14.34000015258789
2017-07-10,14.050000190734863
2017-07-11,13.609999656677246
2017-07-12,13.970000267028809
2017-07-13,13.5
2017-07-14,12.979999542236328
2017-07-17,13.300000190734863
2017-07-18,12.880000114440918
2017-07-19,12.640000343322754
2017-07-20,12.359999656677246
2017-07-21,12.199999809265137
2017-07-24,12.119999885559082
2017-07-25,11.510000228881836
2017-07-26,11.670000076293945
2017-07-27,11.869999885559082
2017-07-28,13.630000114440918
2017-07-31,13.430000305175781
2017-08-01,13.5
2017-08-02,13.720000267028809
2017-08-03,13.970000267028809
2017-08-04,14.020000457763672
2017-08-07,14.020000457763672
2017-08-08,13.779999732971191
2017-08-09,14.760000228881836
2017-08-10,16.90999984741211
2017-08-11,19.59000015258789
2017-08-14,17.81999969482422
2017-08-15,17.530000686645508
2017-08-16,16.56999969482422
2017-08-17,16.190000534057617
2017-08-18,17.190000534057617
2017-08-21,17.1200008392334
2017-08-22,16.139999389648438
2017-08-24,15.710000038146973
2017-08-25,15.899999618530273
2017-08-28,16.280000686645508
2017-08-29,17.170000076293945
2017-08-30,17.18000030517578
2017-08-31,17.329999923706055
2017-09-01,16.75
2017-09-04,18.0
2017-09-05,17.639999389648438
2017-09-06,17.6299991607666
2017-09-07,16.799999237060547
2017-09-08,16.610000610351562
2017-09-11,15.350000381469727
2017-09-12,14.960000038146973
2017-09-13,14.880000114440918
2017-09-14,14.6899995803833
2017-09-15,15.09000015258789
2017-09-18,15.079999923706055
2017-09-19,14.829999923706055
2017-09-20,14.670000076293945
2017-09-21,14.0
2017-09-22,14.40999984741211
2017-09-25,14.989999771118164
2017-09-26,15.140000343322754
2017-09-27,14.539999961853027
2017-09-28,15.050000190734863
2017-09-29,14.010000228881836
2017-10-03,14.34000015258789
2017-10-04,13.710000038146973
2017-10-06,13.930000305175781
2017-10-09,14.390000343322754
2017-10-10,14.279999732971191
2017-10-11,14.220000267028809
2017-10-12,14.0600004196167
2017-10-13,13.699999809265137
2017-10-16,13.920000076293945
2017-10-17,13.5
2017-10-18,13.239999771118164
2017-10-19,15.0600004196167
2017-10-20,13.829999923706055
2017-10-23,14.380000114440918
2017-10-24,15.020000457763672
2017-10-25,14.600000381469727
2017-10-26,14.829999923706055
2017-10-27,15.069999694824219
2017-10-30,16.5
2017-10-31,15.039999961853027
2017-11-01,14.390000343322754
2017-11-02,14.180000305175781
2017-11-03,13.779999732971191
2017-11-06,14.489999771118164
2017-11-07,13.960000038146973
2017-11-08,13.920000076293945
2017-11-09,14.3100004196167
2017-11-10,14.319999694824219
2017-11-13,14.670000076293945
2017-11-14,14.630000114440918
2017-11-15,15.220000267028809
2017-11-16,14.640000343322754
2017-11-17,14.289999961853027
2017-11-20,14.239999771118164
2017-11-21,14.010000228881836
2017-11-22,15.079999923706055
2017-11-23,15.1899995803833
2017-11-24,14.890000343322754
2017-11-27,15.649999618530273
2017-11-28,16.780000686645508
2017-11-29,17.270000457763672
2017-11-30,17.690000534057617
2017-12-01,16.709999084472656
2017-12-04,16.450000762939453
2017-12-05,16.579999923706055
2017-12-06,18.299999237060547
2017-12-07,17.790000915527344
2017-12-08,16.229999542236328
2017-12-11,15.859999656677246
2017-12-12,15.460000038146973
2017-12-13,15.029999732971191
2017-12-14,14.460000038146973
2017-12-15,14.930000305175781
2017-12-18,15.029999732971191
2017-12-19,14.630000114440918
2017-12-20,14.59000015258789
2017-12-21,14.180000305175781
2017-12-22,13.739999771118164
2017-12-27,14.729999542236328
2017-12-28,14.920000076293945
2017-12-29,14.600000381469727
2018-01-02,14.819999694824219
2018-01-03,14.15999984741211
2018-01-04,13.6899995803833
2018-01-05,13.390000343322754
2018-01-08,13.40999984741211
2018-01-09,13.380000114440918
2018-01-10,13.4399995803833
2018-01-11,13.710000038146973
2018-01-12,13.050000190734863
2018-01-15,13.779999732971191
2018-01-16,14.15999984741211
2018-01-17,15.0
2018-01-18,16.110000610351562
2018-01-19,15.970000267028809
2018-01-22,16.229999542236328
2018-01-23,18.149999618530273
2018-01-24,17.280000686645508
2018-01-25,17.600000381469727
2018-01-26,17.530000686645508
2018-01-29,19.850000381469727
2018-01-30,19.149999618530273
2018-01-31,18.260000228881836
2018-02-01,17.860000610351562
2018-02-02,17.31999969482422
2018-02-05,18.93000030517578
2018-02-06,27.25
2018-02-07,25.719999313354492
2018-02-08,24.559999465942383
2018-02-09,28.290000915527344
2018-02-12,25.8799991607666
2018-02-13,24.520000457763672
2018-02-14,23.360000610351562
2018-02-15,22.889999389648438
2018-02-20,24.1200008392334
2018-02-21,22.270000457763672
2018-02-22,24.559999465942383
2018-02-23,23.190000534057617
2018-02-26,21.469999313354492
2018-02-27,22.290000915527344
2018-02-28,23.110000610351562
2018-03-01,22.690000534057617
2018-03-02,25.3799991607666
2018-03-05,25.93000030517578
2018-03-06,23.829999923706055
2018-03-07,25.020000457763672
2018-03-08,23.260000228881836
2018-03-09,22.18000030517578
2018-03-12,21.010000228881836
2018-03-13,20.559999465942383
2018-03-14,20.3700008392334
2018-03-15,20.559999465942383
2018-03-16,20.75
2018-03-19,20.440000534057617
2018-03-20,21.139999389648438
2018-03-21,21.739999771118164
2018-03-22,22.729999542236328
2018-03-23,27.280000686645508
2018-03-26,25.190000534057617
2018-03-27,24.860000610351562
2018-03-28,28.489999771118164
2018-03-29,26.139999389648438
2018-04-03,24.969999313354492
2018-04-04,25.899999618530273
2018-04-06,24.59000015258789
2018-04-09,23.1200008392334
2018-04-10,22.309999465942383
2018-04-11,21.920000076293945
2018-04-12,21.780000686645508
2018-04-13,20.219999313354492
2018-04-16,21.40999984741211
2018-04-17,20.290000915527344
2018-04-18,18.670000076293945
2018-04-19,17.559999465942383
2018-04-20,17.90999984741211
2018-04-23,18.059999465942383
2018-04-24,17.43000030517578
2018-04-25,18.149999618530273
2018-04-26,18.989999771118164
2018-04-27,18.229999542236328
2018-04-30,17.469999313354492
2018-05-02,17.670000076293945
2018-05-03,18.540000915527344
2018-05-04,19.059999465942383
2018-05-07,19.309999465942383
2018-05-08,18.399999618530273
2018-05-09,17.8700008392334
2018-05-10,17.329999923706055
2018-05-11,17.110000610351562
2018-05-14,17.479999542236328
2018-05-15,17.56999969482422
2018-05-16,18.110000610351562
2018-05-17,17.540000915527344
2018-05-18,17.190000534057617
2018-05-21,17.110000610351562
2018-05-23,18.420000076293945
2018-05-24,17.530000686645508
2018-05-25,17.649999618530273
2018-05-28,17.170000076293945
2018-05-29,18.739999771118164
2018-05-30,20.040000915527344
2018-05-31,18.200000762939453
2018-06-01,17.6200008392334
2018-06-04,16.940000534057617
2018-06-05,16.440000534057617
2018-06-06,15.829999923706055
2018-06-07,15.899999618530273
2018-06-08,17.389999389648438
2018-06-11,16.719999313354492
2018-06-12,16.020000457763672
2018-06-13,15.850000381469727
2018-06-14,15.880000114440918
2018-06-15,15.970000267028809
2018-06-19,19.729999542236328
2018-06-20,17.860000610351562
2018-06-21,19.1299991607666
2018-06-22,18.360000610351562
2018-06-25,20.43000030517578
2018-06-26,20.06999969482422
2018-06-27,22.040000915527344
2018-06-28,21.31999969482422
2018-06-29,20.450000762939453
2018-07-03,22.969999313354492
2018-07-04,23.90999984741211
2018-07-05,23.799999237060547
2018-07-06,21.8799991607666
2018-07-09,20.299999237060547
2018-07-10,19.100000381469727
2018-07-11,20.729999542236328
2018-07-12,19.229999542236328
2018-07-13,18.459999084472656
2018-07-16,18.229999542236328
2018-07-17,19.420000076293945
2018-07-18,18.950000762939453
2018-07-19,19.139999389648438
2018-07-20,18.459999084472656
2018-07-23,19.219999313354492
2018-07-24,18.100000381469727
2018-07-25,17.719999313354492
2018-07-26,17.600000381469727
2018-07-27,17.239999771118164
2018-07-30,18.389999389648438
2018-07-31,18.290000915527344
2018-08-01,18.469999313354492
2018-08-02,21.489999771118164
2018-08-03,20.170000076293945
2018-08-06,19.40999984741211
2018-08-07,18.15999984741211
2018-08-08,17.75
2018-08-09,17.5
2018-08-10,18.3700008392334
2018-08-13,20.469999313354492
2018-08-14,20.040000915527344
2018-08-15,21.40999984741211
2018-08-16,21.459999084472656
2018-08-17,20.489999771118164
2018-08-20,19.809999465942383
2018-08-21,18.829999923706055
2018-08-22,18.989999771118164
2018-08-23,18.540000915527344
2018-08-24,17.979999542236328
2018-08-27,18.770000457763672
2018-08-28,18.709999084472656
2018-08-29,18.3700008392334
2018-08-30,19.100000381469727
2018-08-31,19.530000686645508
2018-09-03,19.6299991607666
2018-09-04,18.729999542236328
2018-09-05,20.5
2018-09-06,21.420000076293945
2018-09-07,21.34000015258789
2018-09-10,22.06999969482422
2018-09-11,21.790000915527344
2018-09-12,21.09000015258789
2018-09-13,19.889999389648438
2018-09-14,19.0
2018-09-17,19.65999984741211
2018-09-18,20.049999237060547
2018-09-19,19.3799991607666
2018-09-20,18.6200008392334
2018-09-21,19.110000610351562
2018-09-24,19.75
2018-09-26,20.010000228881836
2018-09-27,18.940000534057617
2018-09-28,18.100000381469727
2018-10-02,20.139999389648438
2018-10-03,19.709999084472656
2018-10-04,20.719999313354492
2018-10-05,20.700000762939453
2018-10-08,21.290000915527344
2018-10-09,21.06999969482422
2018-10-10,20.889999389648438
2018-10-11,25.729999542236328
2018-10-12,23.760000228881836
2018-10-15,25.15999984741211
2018-10-16,24.40999984741211
2018-10-18,24.270000457763672
2018-10-19,23.68000030517578
2018-10-22,23.670000076293945
2018-10-23,26.670000076293945
2018-10-24,26.309999465942383
2018-10-25,27.809999465942383
2018-10-26,29.06999969482422
2018-10-29,28.360000610351562
2018-10-30,27.850000381469727
2018-10-31,25.8700008392334
2018-11-01,24.18000030517578
2018-11-02,24.940000534057617
2018-11-05,27.079999923706055
2018-11-06,26.200000762939453
2018-11-07,25.049999237060547
2018-11-08,22.950000762939453
2018-11-09,23.860000610351562
2018-11-12,23.420000076293945
2018-11-13,23.75
2018-11-14,24.389999389648438
2018-11-15,24.100000381469727
2018-11-16,24.209999084472656
2018-11-19,23.889999389648438
2018-11-20,25.1299991607666
2018-11-21,24.799999237060547
2018-11-22,23.510000228881836
2018-11-23,23.510000228881836
2018-11-26,24.170000076293945
2018-11-27,24.389999389648438
2018-11-28,24.760000228881836
2018-11-29,24.829999923706055
2018-11-30,24.139999389648438
2018-12-03,21.030000686645508
2018-12-04,19.950000762939453
2018-12-05,21.139999389648438
2018-12-06,23.489999771118164
2018-12-07,23.93000030517578
2018-12-10,24.139999389648438
2018-12-11,22.639999389648438
2018-12-12,22.139999389648438
2018-12-13,21.579999923706055
2018-12-14,21.899999618530273
2018-12-17,22.040000915527344
2018-12-18,23.020000457763672
2018-12-19,22.829999923706055
2018-12-20,22.989999771118164
2018-12-21,23.68000030517578
2018-12-24,24.889999389648438
2018-12-27,25.56999969482422
2018-12-28,27.170000076293945
2018-12-31,25.030000686645508
2019-01-02,26.93000030517578
2019-01-03,25.170000076293945
2019-01-04,22.959999084472656
2019-01-07,22.18000030517578
2019-01-08,21.110000610351562
2019-01-09,20.43000030517578
2019-01-10,20.440000534057617
2019-01-11,19.639999389648438
2019-01-14,20.260000228881836
2019-01-15,19.479999542236328
2019-01-16,19.200000762939453
2019-01-17,19.299999237060547
2019-01-18,18.6299991607666
2019-01-21,19.1299991607666
2019-01-22,19.56999969482422
2019-01-23,18.799999237060547
2019-01-24,18.25
2019-01-25,17.770000457763672
2019-01-28,18.59000015258789
2019-01-29,18.5
2019-01-30,18.450000762939453
2019-01-31,18.010000228881836
2019-02-01,18.239999771118164
2019-02-04,18.579999923706055
2019-02-08,18.309999465942383
2019-02-11,17.65999984741211
2019-02-12,17.110000610351562
2019-02-13,17.100000381469727
2019-02-14,17.0
2019-02-15,18.1299991607666
2019-02-18,18.110000610351562
2019-02-19,18.280000686645508
2019-02-20,18.31999969482422
2019-02-21,17.709999084472656
2019-02-22,17.31999969482422
2019-02-25,18.010000228881836
2019-02-26,18.549999237060547
2019-02-27,19.829999923706055
2019-02-28,18.93000030517578
2019-03-01,17.100000381469727
2019-03-04,17.6299991607666
2019-03-05,17.549999237060547
2019-03-06,17.40999984741211
2019-03-07,17.510000228881836
2019-03-08,18.93000030517578
2019-03-11,17.780000686645508
2019-03-12,17.329999923706055
2019-03-13,17.579999923706055
2019-03-14,16.450000762939453
2019-03-15,15.300000190734863
2019-03-18,15.979999542236328
2019-03-19,16.139999389648438
2019-03-20,16.3700008392334
2019-03-21,16.559999465942383
2019-03-22,15.859999656677246
2019-03-25,18.139999389648438
2019-03-26,16.889999389648438
2019-03-27,15.770000457763672
2019-03-28,15.430000305175781
2019-03-29,14.729999542236328
2019-04-01,15.609999656677246
2019-04-02,15.170000076293945
2019-04-03,15.449999809265137
2019-04-04,15.359999656677246
2019-04-08,16.139999389648438
2019-04-09,15.5
2019-04-10,15.640000343322754
2019-04-11,15.859999656677246
2019-04-12,15.020000457763672
2019-04-15,16.049999237060547
2019-04-16,15.350000381469727
2019-04-17,15.3100004196167
2019-04-18,15.1899995803833
2019-04-23,15.739999771118164
2019-04-24,15.140000343322754
2019-04-25,15.479999542236328
2019-04-26,14.739999771118164
2019-04-29,14.84000015258789
2019-04-30,14.470000267028809
2019-05-02,14.329999923706055
2019-05-03,14.869999885559082
2019-05-06,18.290000915527344
2019-05-07,17.760000228881836
2019-05-08,19.520000457763672
2019-05-09,23.540000915527344
2019-05-10,21.06999969482422
2019-05-14,20.899999618530273
2019-05-15,18.75
2019-05-16,18.260000228881836
2019-05-17,18.979999542236328
2019-05-20,18.809999465942383
2019-05-21,18.209999084472656
2019-05-22,18.530000686645508
2019-05-23,19.68000030517578
2019-05-24,19.110000610351562
2019-05-27,19.420000076293945
2019-05-28,18.75
2019-05-29,19.5
2019-05-30,19.489999771118164
2019-05-31,20.850000381469727
2019-06-03,20.93000030517578
2019-06-04,19.719999313354492
2019-06-05,17.600000381469727
2019-06-06,17.030000686645508
2019-06-10,16.940000534057617
2019-06-11,16.989999771118164
2019-06-12,18.18000030517578
2019-06-13,18.15999984741211
2019-06-14,18.06999969482422
2019-06-17,17.829999923706055
2019-06-18,18.059999465942383
2019-06-19,17.760000228881836
2019-06-20,17.43000030517578
2019-06-21,17.399999618530273
2019-06-24,17.540000915527344
2019-06-25,18.030000686645508
2019-06-26,18.6299991607666
2019-06-27,17.979999542236328
2019-06-28,17.479999542236328
2019-07-02,15.25
2019-07-03,14.8100004196167
2019-07-04,14.25
2019-07-05,14.699999809265137
2019-07-08,15.579999923706055
2019-07-09,15.829999923706055
2019-07-10,15.520000457763672
2019-07-11,14.6899995803833
2019-07-12,14.210000038146973
2019-07-15,14.779999732971191
2019-07-16,14.600000381469727
2019-07-17,14.59000015258789
2019-07-18,15.720000267028809
2019-07-19,15.180000305175781
2019-07-22,17.670000076293945
2019-07-23,16.65999984741211
2019-07-24,16.68000030517578
2019-07-25,17.440000534057617
2019-07-26,18.079999923706055
2019-07-29,18.719999313354492
2019-07-30,17.280000686645508
2019-07-31,17.309999465942383
2019-08-01,16.450000762939453
2019-08-02,19.940000534057617
2019-08-05,22.270000457763672
2019-08-06,23.350000381469727
2019-08-07,21.31999969482422
2019-08-08,20.75
2019-08-09,20.75
2019-08-12,19.600000381469727
2019-08-13,23.360000610351562
2019-08-14,23.649999618530273
2019-08-15,23.56999969482422
2019-08-16,24.25
2019-08-19,22.920000076293945
2019-08-20,21.170000076293945
2019-08-21,20.940000534057617
2019-08-22,20.440000534057617
2019-08-23,20.3700008392334
2019-08-26,23.969999313354492
2019-08-27,24.049999237060547
2019-08-28,24.09000015258789
2019-08-29,23.690000534057617
2019-08-30,24.149999618530273
2019-09-02,23.889999389648438
2019-09-03,23.270000457763672
2019-09-04,21.299999237060547
2019-09-05,21.299999237060547
2019-09-06,20.290000915527344
2019-09-09,19.469999313354492
2019-09-10,18.760000228881836
2019-09-11,18.649999618530273
2019-09-12,18.34000015258789
2019-09-13,18.09000015258789
2019-09-16,18.780000686645508
2019-09-17,18.989999771118164
2019-09-18,19.049999237060547
2019-09-19,18.729999542236328
2019-09-20,18.56999969482422
2019-09-23,19.309999465942383
2019-09-24,18.649999618530273
2019-09-25,20.420000076293945
2019-09-26,19.979999542236328
2019-09-27,19.8799991607666
2019-09-30,20.25
2019-10-02,20.59000015258789
2019-10-03,20.139999389648438
2019-10-04,20.700000762939453
2019-10-08,20.75
2019-10-09,21.09000015258789
2019-10-10,20.90999984741211
2019-10-11,20.040000915527344
2019-10-14,18.8700008392334
2019-10-15,17.989999771118164
2019-10-16,18.170000076293945
2019-10-17,17.600000381469727
2019-10-18,17.290000915527344
2019-10-21,16.719999313354492
2019-10-22,16.229999542236328
2019-10-23,16.31999969482422
2019-10-24,16.100000381469727
2019-10-25,15.619999885559082
2019-10-28,15.899999618530273
2019-10-29,16.049999237060547
2019-10-30,16.389999389648438
2019-10-31,15.180000305175781
2019-11-01,15.359999656677246
2019-11-04,15.989999771118164
2019-11-05,15.520000457763672
2019-11-06,15.1899995803833
2019-11-07,14.739999771118164
2019-11-08,15.119999885559082
2019-11-11,18.309999465942383
2019-11-12,17.25
2019-11-13,19.969999313354492
2019-11-14,20.040000915527344
2019-11-15,19.190000534057617
2019-11-18,17.84000015258789
2019-11-19,17.15999984741211
2019-11-20,17.219999313354492
2019-11-21,18.170000076293945
2019-11-22,17.3799991607666
2019-11-25,17.59000015258789
2019-11-26,17.520000457763672
2019-11-27,17.170000076293945
2019-11-28,16.850000381469727
2019-11-29,17.770000457763672
2019-12-02,17.040000915527344
2019-12-03,16.709999084472656
2019-12-04,17.399999618530273
2019-12-05,16.059999465942383
2019-12-06,16.059999465942383
2019-12-09,16.0
2019-12-10,16.030000686645508
2019-12-11,15.899999618530273
2019-12-12,15.880000114440918
2019-12-13,15.510000228881836
2019-12-16,14.619999885559082
2019-12-17,14.25
2019-12-18,14.15999984741211
2019-12-19,13.729999542236328
2019-12-20,13.65999984741211
2019-12-23,12.930000305175781
2019-12-24,13.180000305175781
2019-12-27,14.65999984741211
2019-12-30,15.069999694824219
2019-12-31,15.609999656677246
2020-01-02,15.130000114440918
2020-01-03,15.859999656677246
2020-01-06,16.6200008392334
2020-01-07,16.040000915527344
2020-01-08,16.809999465942383
2020-01-09,15.3100004196167
2020-01-10,15.029999732971191
2020-01-13,15.430000305175781
2020-01-14,15.539999961853027
2020-01-15,15.3100004196167
2020-01-16,14.979999542236328
2020-01-17,14.4399995803833
2020-01-20,15.380000114440918
2020-01-21,17.809999465942383
2020-01-22,16.90999984741211
2020-01-23,19.100000381469727
2020-01-24,18.579999923706055
2020-01-29,21.1200008392334
2020-01-30,23.530000686645508
2020-01-31,23.40999984741211
2020-02-03,22.979999542236328
2020-02-04,21.18000030517578
2020-02-05,21.3700008392334
2020-02-06,20.8700008392334
2020-02-07,20.170000076293945
2020-02-10,20.1299991607666
2020-02-11,18.729999542236328
2020-02-12,18.049999237060547
2020-02-13,17.950000762939453
2020-02-14,17.389999389648438
2020-02-17,16.799999237060547
2020-02-18,17.760000228881836
2020-02-19,16.979999542236328
2020-02-20,16.979999542236328
2020-02-21,18.229999542236328
2020-02-24,21.600000381469727
2020-02-25,21.290000915527344
2020-02-26,23.799999237060547
2020-02-27,23.700000762939453
2020-02-28,32.66999816894531
2020-03-02,28.739999771118164
2020-03-03,25.850000381469727
2020-03-04,23.670000076293945
2020-03-05,21.799999237060547
2020-03-06,26.420000076293945
2020-03-09,39.900001525878906
2020-03-10,33.869998931884766
2020-03-11,36.66999816894531
2020-03-12,45.470001220703125
2020-03-13,54.18000030517578
2020-03-16,64.80000305175781
2020-03-17,55.720001220703125
2020-03-18,59.91999816894531
2020-03-19,60.189998626708984
2020-03-20,49.68000030517578
2020-03-23,59.9900016784668
2020-03-24,44.720001220703125
2020-03-25,41.58000183105469
2020-03-26,44.97999954223633
2020-03-27,48.4900016784668
2020-03-30,47.56999969482422
2020-03-31,40.88999938964844
2020-04-01,43.11000061035156
2020-04-02,37.5
2020-04-03,35.5099983215332
2020-04-06,31.3700008392334
2020-04-07,30.350000381469727
2020-04-08,32.4900016784668
2020-04-09,32.81999969482422
2020-04-14,30.1299991607666
2020-04-15,29.899999618530273
2020-04-16,30.06999969482422
2020-04-17,29.09000015258789
2020-04-20,28.709999084472656
2020-04-21,32.95000076293945
2020-04-22,31.389999389648438
2020-04-23,30.510000228881836
2020-04-24,30.739999771118164
2020-04-27,28.280000686645508
2020-04-28,27.56999969482422
2020-04-29,26.719999313354492
2020-05-04,35.959999084472656
2020-05-05,32.5099983215332
2020-05-06,29.579999923706055
2020-05-07,28.93000030517578
2020-05-08,27.3799991607666
2020-05-11,25.579999923706055
2020-05-12,27.860000610351562
2020-05-13,28.530000686645508
2020-05-14,31.219999313354492
2020-05-15,30.25
2020-05-18,29.079999923706055
2020-05-19,26.450000762939453
2020-05-20,25.649999618530273
2020-05-21,25.15999984741211
2020-05-22,35.279998779296875
2020-05-25,33.529998779296875
2020-05-26,31.65999984741211
2020-05-27,33.5
2020-05-28,34.72999954223633
2020-05-29,33.9900016784668
2020-06-01,28.489999771118164
2020-06-02,27.739999771118164
2020-06-03,26.479999542236328
2020-06-04,25.6299991607666
2020-06-05,24.93000030517578
2020-06-08,25.829999923706055
2020-06-09,24.75
2020-06-10,23.34000015258789
2020-06-11,25.989999771118164
2020-06-12,29.079999923706055
2020-06-15,32.34000015258789
2020-06-16,28.219999313354492
2020-06-17,27.559999465942383
2020-06-18,27.65999984741211
2020-06-19,26.8700008392334
2020-06-22,27.260000228881836
2020-06-23,26.760000228881836
2020-06-24,26.3799991607666
2020-06-26,27.34000015258789
2020-06-29,28.559999465942383
2020-06-30,26.440000534057617
2020-07-02,24.420000076293945
2020-07-03,23.700000762939453
2020-07-06,26.479999542236328
2020-07-07,27.290000915527344
2020-07-08,25.84000015258789
2020-07-09,25.6299991607666
2020-07-10,26.399999618530273
2020-07-13,27.09000015258789
2020-07-14,28.040000915527344
2020-07-15,26.09000015258789
2020-07-16,25.950000762939453
2020-07-17,24.15999984741211
2020-07-20,23.459999084472656
2020-07-21,22.34000015258789
2020-07-22,23.799999237060547
2020-07-23,23.489999771118164
2020-07-24,25.670000076293945
2020-07-27,25.6200008392334
2020-07-28,24.559999465942383
2020-07-29,23.780000686645508
2020-07-30,24.06999969482422
2020-07-31,23.739999771118164
2020-08-03,23.559999465942383
2020-08-04,23.360000610351562
2020-08-05,22.530000686645508
2020-08-06,22.049999237060547
2020-08-07,23.1299991607666
2020-08-10,23.6200008392334
2020-08-11,22.799999237060547
2020-08-12,23.139999389648438
2020-08-13,22.170000076293945
2020-08-14,21.709999084472656
2020-08-17,21.850000381469727
2020-08-18,21.3799991607666
2020-08-19,21.350000381469727
2020-08-20,22.200000762939453
2020-08-21,21.719999313354492
2020-08-24,22.09000015258789
2020-08-25,22.049999237060547
2020-08-26,22.34000015258789
2020-08-27,23.1299991607666
2020-08-28,23.799999237060547
2020-08-31,24.360000610351562
2020-09-01,23.690000534057617
2020-09-02,23.1299991607666
2020-09-03,22.920000076293945
2020-09-04,25.06999969482422
2020-09-07,25.299999237060547
2020-09-08,24.299999237060547
2020-09-09,23.989999771118164
2020-09-10,22.739999771118164
2020-09-11,21.43000030517578
2020-09-14,20.190000534057617
2020-09-15,19.459999084472656
2020-09-16,19.600000381469727
2020-09-17,21.239999771118164
2020-09-18,20.420000076293945
2020-09-21,22.860000610351562
2020-09-22,23.75
2020-09-23,22.639999389648438
2020-09-24,23.290000915527344
2020-09-25,23.489999771118164
2020-09-28,23.530000686645508
2020-09-29,23.59000015258789
2020-09-30,22.260000228881836
2020-10-05,22.799999237060547
2020-10-06,21.489999771118164
2020-10-07,21.229999542236328
2020-10-08,21.200000762939453
2020-10-09,20.56999969482422
2020-10-12,20.93000030517578
2020-10-14,20.770000457763672
2020-10-15,21.43000030517578
2020-10-16,21.209999084472656
2020-10-19,21.770000457763672
2020-10-20,21.540000915527344
2020-10-21,21.520000457763672
2020-10-22,21.860000610351562
2020-10-23,22.049999237060547
2020-10-27,23.260000228881836
2020-10-28,23.799999237060547
2020-10-29,24.969999313354492
2020-10-30,27.899999618530273
2020-11-02,27.399999618530273
2020-11-03,25.8799991607666
2020-11-04,24.280000686645508
2020-11-05,21.6299991607666
2020-11-06,22.0
2020-11-09,21.3799991607666
2020-11-10,20.489999771118164
2020-11-11,20.190000534057617
2020-11-12,19.889999389648438
2020-11-13,20.09000015258789
2020-11-16,20.079999923706055
2020-11-17,19.8700008392334
2020-11-18,19.3700008392334
2020-11-19,19.31999969482422
2020-11-20,19.3799991607666
2020-11-23,19.530000686645508
2020-11-24,19.100000381469727
2020-11-25,19.479999542236328
2020-11-26,19.25
2020-11-27,18.90999984741211
2020-11-30,20.229999542236328
2020-12-01,19.309999465942383
2020-12-02,18.520000457763672
2020-12-03,18.149999618530273
2020-12-04,17.3799991607666
2020-12-07,18.510000228881836
2020-12-08,18.260000228881836
2020-12-09,17.530000686645508
2020-12-10,17.559999465942383
2020-12-11,17.739999771118164
2020-12-14,18.3799991607666
2020-12-15,18.649999618530273
2020-12-16,18.170000076293945
2020-12-17,18.110000610351562
2020-12-18,18.450000762939453
2020-12-21,19.43000030517578
2020-12-22,20.75
2020-12-23,19.760000228881836
2020-12-24,19.190000534057617
2020-12-28,20.309999465942383
2020-12-29,19.850000381469727
2020-12-30,19.360000610351562
2020-12-31,19.280000686645508
2021-01-04,19.549999237060547
2021-01-05,19.6299991607666
2021-01-06,20.020000457763672
2021-01-07,20.579999923706055
2021-01-08,20.149999618530273
2021-01-11,21.399999618530273
2021-01-12,20.299999237060547
2021-01-13,19.649999618530273
2021-01-14,19.149999618530273
2021-01-15,18.6299991607666
2021-01-18,19.479999542236328
2021-01-19,21.459999084472656
2021-01-20,21.479999542236328
2021-01-21,21.09000015258789
2021-01-22,21.770000457763672
2021-01-25,23.059999465942383
2021-01-26,23.399999618530273
2021-01-27,22.65999984741211
2021-01-28,27.149999618530273
2021-01-29,26.559999465942383
2021-02-01,25.15999984741211
2021-02-02,24.389999389648438
2021-02-03,22.350000381469727
2021-02-04,22.030000686645508
2021-02-05,20.489999771118164
2021-02-08,20.1200008392334
2021-02-09,18.940000534057617
2021-02-10,20.190000534057617
2021-02-11,20.440000534057617
2021-02-16,22.059999465942383
2021-02-17,22.920000076293945
2021-02-18,23.219999313354492
2021-02-19,22.34000015258789
2021-02-22,24.1200008392334
2021-02-23,23.489999771118164
2021-02-24,26.56999969482422
2021-02-25,24.989999771118164
2021-02-26,26.760000228881836
2021-03-01,24.459999084472656
2021-03-02,24.290000915527344
2021-03-03,22.979999542236328
2021-03-04,23.899999618530273
2021-03-05,24.510000228881836
2021-03-08,26.239999771118164
2021-03-09,25.479999542236328
2021-03-10,24.559999465942383
2021-03-11,23.670000076293945
2021-03-12,24.100000381469727
2021-03-15,23.6299991607666
2021-03-16,22.389999389648438
2021-03-17,21.3799991607666
2021-03-18,20.770000457763672
2021-03-19,21.010000228881836
2021-03-22,21.040000915527344
2021-03-23,21.229999542236328
2021-03-24,21.610000610351562
2021-03-25,20.040000915527344
2021-03-26,19.170000076293945
2021-03-29,19.399999618530273
2021-03-30,18.540000915527344
2021-03-31,18.31999969482422
2021-04-01,17.790000915527344
2021-04-07,18.299999237060547
2021-04-08,17.25
2021-04-09,17.100000381469727
2021-04-12,17.719999313354492
2021-04-13,18.079999923706055
2021-04-14,18.040000915527344
2021-04-15,18.469999313354492
2021-04-16,18.790000915527344
2021-04-19,19.40999984741211
2021-04-20,19.079999923706055
2021-04-21,19.700000762939453
2021-04-22,18.3700008392334
2021-04-23,17.799999237060547
2021-04-26,17.540000915527344
2021-04-27,17.079999923706055
2021-04-28,16.219999313354492
2021-04-29,16.459999084472656
2021-04-30,16.889999389648438
2021-05-03,18.040000915527344
2021-05-04,17.31999969482422
2021-05-05,17.799999237060547
2021-05-06,17.520000457763672
2021-05-07,17.34000015258789
2021-05-10,17.280000686645508
2021-05-11,18.549999237060547
2021-05-12,18.530000686645508
2021-05-13,20.40999984741211
2021-05-14,18.8700008392334
2021-05-17,18.3799991607666
2021-05-18,17.510000228881836
2021-05-20,17.989999771118164
2021-05-21,17.149999618530273
2021-05-24,17.09000015258789
2021-05-25,16.59000015258789
2021-05-26,16.719999313354492
2021-05-27,16.399999618530273
2021-05-28,16.25
2021-05-31,16.549999237060547
2021-06-01,17.15999984741211
2021-06-02,16.899999618530273
2021-06-03,16.920000076293945
2021-06-04,16.440000534057617
2021-06-07,16.860000610351562
2021-06-08,16.440000534057617
2021-06-09,16.3799991607666
2021-06-10,16.40999984741211
2021-06-11,15.75
2021-06-15,16.940000534057617
2021-06-16,17.34000015258789
2021-06-17,16.969999313354492
2021-06-18,16.809999465942383
2021-06-21,18.079999923706055
2021-06-22,18.219999313354492
2021-06-23,17.5
2021-06-24,16.780000686645508
2021-06-25,16.510000228881836
2021-06-28,16.389999389648438
2021-06-29,16.200000762939453
2021-06-30,16.06999969482422
2021-07-02,17.389999389648438
2021-07-05,17.790000915527344
2021-07-06,17.399999618530273
2021-07-07,17.979999542236328
2021-07-08,21.219999313354492
2021-07-09,19.350000381469727
2021-07-12,18.260000228881836
2021-07-13,17.170000076293945
2021-07-14,17.200000762939453
2021-07-15,16.940000534057617
2021-07-16,16.530000686645508
2021-07-19,19.110000610351562
2021-07-20,19.950000762939453
2021-07-21,19.829999923706055
2021-07-22,18.479999542236328
2021-07-23,19.979999542236328
2021-07-26,25.110000610351562
2021-07-27,33.68000030517578
2021-07-28,28.420000076293945
2021-07-29,23.950000762939453
2021-07-30,25.1299991607666
2021-08-02,23.549999237060547
2021-08-03,23.780000686645508
2021-08-04,21.809999465942383
2021-08-05,23.0
2021-08-06,22.790000915527344
2021-08-09,22.670000076293945
2021-08-10,21.010000228881836
2021-08-11,19.979999542236328
2021-08-12,19.780000686645508
2021-08-13,19.790000915527344
2021-08-16,20.65999984741211
2021-08-17,22.889999389648438
2021-08-18,22.110000610351562
2021-08-19,24.719999313354492
2021-08-20,27.200000762939453
2021-08-23,25.329999923706055
2021-08-24,23.0
2021-08-25,23.100000381469727
2021-08-26,23.559999465942383
2021-08-27,23.90999984741211
2021-08-30,23.239999771118164
2021-08-31,22.1299991607666
2021-09-01,20.43000030517578
2021-09-02,19.760000228881836
2021-09-03,20.209999084472656
2021-09-06,19.530000686645508
2021-09-07,18.700000762939453
2021-09-08,19.709999084472656
2021-09-09,21.799999237060547
2021-09-10,19.729999542236328
2021-09-13,21.110000610351562
2021-09-14,22.040000915527344
2021-09-15,23.649999618530273
2021-09-16,25.18000030517578
2021-09-17,24.139999389648438
2021-09-20,29.84000015258789
2021-09-21,28.700000762939453
2021-09-23,26.549999237060547
2021-09-24,27.75
2021-09-27,26.540000915527344
2021-09-28,25.510000228881836
2021-09-29,24.989999771118164
2021-09-30,24.670000076293945
2021-10-04,27.510000228881836
2021-10-05,26.8799991607666
2021-10-06,26.530000686645508
2021-10-07,24.260000228881836
2021-10-08,24.06999969482422
2021-10-11,23.450000762939453
2021-10-12,24.06999969482422
2021-10-15,21.709999084472656
2021-10-18,21.329999923706055
2021-10-19,20.489999771118164
2021-10-20,20.219999313354492
2021-10-21,20.170000076293945
2021-10-22,19.3700008392334
2021-10-25,18.75
2021-10-26,18.579999923706055
2021-10-27,19.1299991607666
2021-10-28,19.079999923706055
2021-10-29,19.360000610351562
2021-11-01,20.030000686645508
2021-11-02,20.329999923706055
2021-11-03,20.239999771118164
2021-11-04,19.149999618530273
2021-11-05,19.989999771118164
2021-11-08,20.790000915527344
2021-11-09,20.059999465942383
2021-11-10,20.18000030517578
2021-11-11,19.989999771118164
2021-11-12,19.670000076293945
2021-11-15,19.600000381469727
2021-11-16,18.950000762939453
2021-11-17,18.670000076293945
2021-11-18,19.06999969482422
2021-11-19,19.34000015258789
2021-11-22,19.610000610351562
2021-11-23,20.459999084472656
2021-11-24,20.030000686645508
2021-11-25,19.3700008392334
2021-11-26,23.889999389648438
2021-11-29,24.93000030517578
2021-11-30,24.260000228881836
2021-12-01,23.329999923706055
2021-12-02,23.469999313354492
2021-12-03,23.049999237060547
2021-12-06,25.440000534057617
2021-12-07,22.610000610351562
2021-12-08,21.299999237060547
2021-12-09,19.860000610351562
2021-12-10,19.8700008392334
2021-12-13,19.459999084472656
2021-12-14,20.610000610351562
2021-12-15,20.860000610351562
2021-12-16,20.010000228881836
2021-12-17,21.3799991607666
2021-12-20,23.81999969482422
2021-12-21,21.700000762939453
2021-12-22,20.670000076293945
2021-12-23,19.920000076293945
2021-12-24,19.889999389648438
2021-12-28,20.3799991607666
2021-12-29,20.889999389648438
2021-12-30,20.15999984741211
2021-12-31,19.549999237060547
2022-01-03,19.420000076293945
2022-01-04,18.719999313354492
2022-01-05,20.059999465942383
2022-01-06,19.420000076293945
2022-01-07,18.6299991607666
2022-01-10,18.649999618530273
2022-01-11,18.540000915527344
2022-01-12,18.68000030517578
2022-01-13,18.139999389648438
2022-01-14,18.40999984741211
2022-01-17,18.84000015258789
2022-01-18,18.700000762939453
2022-01-19,19.18000030517578
2022-01-20,19.1299991607666
2022-01-21,20.420000076293945
2022-01-24,21.889999389648438
2022-01-25,24.229999542236328
2022-01-26,23.809999465942383
2022-01-27,25.770000457763672
2022-01-28,25.329999923706055
2022-01-31,24.239999771118164
2022-02-04,22.920000076293945
2022-02-07,23.190000534057617
2022-02-08,22.540000915527344
2022-02-09,22.229999542236328
2022-02-10,22.110000610351562
2022-02-11,23.200000762939453
2022-02-14,25.229999542236328
2022-02-15,25.34000015258789
2022-02-16,23.6299991607666
2022-02-17,23.6200008392334
2022-02-18,25.010000228881836
2022-02-21,24.43000030517578
2022-02-22,27.520000457763672
2022-02-23,25.329999923706055
2022-02-24,29.479999542236328
2022-02-25,26.56999969482422
2022-02-28,26.989999771118164
2022-03-01,25.469999313354492
2022-03-02,27.809999465942383
2022-03-03,25.950000762939453
2022-03-04,27.940000534057617
2022-03-07,33.290000915527344
2022-03-08,33.90999984741211
2022-03-09,32.599998474121094
2022-03-10,30.450000762939453
2022-03-11,31.75
2022-03-14,38.02000045776367
2022-03-15,49.439998626708984
2022-03-16,41.099998474121094
2022-03-17,37.58000183105469
2022-03-18,33.209999084472656
2022-03-21,33.88999938964844
2022-03-22,30.06999969482422
2022-03-23,28.280000686645508
2022-03-24,28.709999084472656
2022-03-25,31.559999465942383
2022-03-28,30.15999984741211
2022-03-29,28.170000076293945
2022-03-30,26.760000228881836
2022-03-31,25.81999969482422
2022-04-01,25.809999465942383
2022-04-04,25.100000381469727
2022-04-06,26.969999313354492
2022-04-07,27.829999923706055
2022-04-08,27.06999969482422
2022-04-11,31.5
2022-04-12,30.579999923706055
2022-04-13,28.719999313354492
2022-04-14,27.690000534057617
2022-04-19,29.270000457763672
2022-04-20,27.760000228881836
2022-04-21,28.90999984741211
2022-04-22,28.950000762939453
2022-04-25,35.130001068115234
2022-04-26,34.060001373291016
2022-04-27,33.70000076293945
2022-04-28,31.440000534057617
2022-04-29,31.510000228881836
2022-05-03,31.31999969482422
2022-05-04,30.459999084472656
2022-05-05,29.610000610351562
2022-05-06,32.95000076293945
2022-05-10,35.54999923706055
2022-05-11,34.380001068115234
2022-05-12,35.369998931884766
2022-05-13,33.189998626708984
2022-05-16,32.93000030517578
2022-05-17,31.899999618530273
2022-05-18,30.850000381469727
2022-05-19,32.709999084472656
2022-05-20,31.5
2022-05-23,31.6200008392334
2022-05-24,31.959999084472656
2022-05-25,31.329999923706055
2022-05-26,30.520000457763672
2022-05-27,28.360000610351562
2022-05-30,27.739999771118164
2022-05-31,27.469999313354492
2022-06-01,27.059999465942383
2022-06-02,27.610000610351562
2022-06-06,28.260000228881836
2022-06-07,27.989999771118164
2022-06-08,27.809999465942383
2022-06-09,27.440000534057617
2022-06-10,27.68000030517578
2022-06-13,31.540000915527344
2022-06-14,31.110000610351562
2022-06-15,30.959999084472656
2022-06-16,31.649999618530273
2022-06-17,31.06999969482422
2022-06-20,30.559999465942383
2022-06-21,29.0
2022-06-22,29.969999313354492
2022-06-23,29.670000076293945
2022-06-24,29.829999923706055
2022-06-27,31.020000457763672
2022-06-28,30.420000076293945
2022-06-29,30.799999237060547
2022-06-30,30.690000534057617
2022-07-04,30.270000457763672
2022-07-05,29.43000030517578
2022-07-06,28.780000686645508
2022-07-07,27.93000030517578
2022-07-08,26.31999969482422
2022-07-11,28.459999084472656
2022-07-12,29.15999984741211
2022-07-13,28.700000762939453
2022-07-14,28.700000762939453
2022-07-15,29.969999313354492
2022-07-18,29.149999618530273
2022-07-19,28.84000015258789
2022-07-20,27.350000381469727
2022-07-21,27.670000076293945
2022-07-22,26.739999771118164
2022-07-25,26.760000228881836
2022-07-26,25.290000915527344
2022-07-27,25.18000030517578
2022-07-28,23.81999969482422
2022-07-29,24.690000534057617
2022-08-01,25.709999084472656
2022-08-02,28.979999542236328
2022-08-03,26.889999389648438
2022-08-04,25.329999923706055
2022-08-05,23.989999771118164
2022-08-08,24.639999389648438
2022-08-09,23.450000762939453
2022-08-10,25.540000915527344
2022-08-11,23.809999465942383
2022-08-12,23.190000534057617
2022-08-15,23.829999923706055
2022-08-16,24.309999465942383
2022-08-17,23.729999542236328
2022-08-18,23.860000610351562
2022-08-19,23.170000076293945
2022-08-22,23.469999313354492
2022-08-23,23.950000762939453
2022-08-24,24.469999313354492
2022-08-25,24.229999542236328
2022-08-26,24.479999542236328
2022-08-29,25.549999237060547
2022-08-30,24.959999084472656
2022-08-31,24.899999618530273
2022-09-01,26.510000228881836
2022-09-02,26.43000030517578
2022-09-05,27.34000015258789
2022-09-06,26.3700008392334
2022-09-07,26.68000030517578
2022-09-08,26.790000915527344
2022-09-09,25.440000534057617
2022-09-13,25.799999237060547
2022-09-14,26.6299991607666
2022-09-15,25.690000534057617
2022-09-16,26.5
2022-09-19,27.309999465942383
2022-09-20,26.520000457763672
2022-09-21,27.780000686645508
2022-09-22,27.770000457763672
2022-09-23,27.93000030517578
2022-09-26,29.889999389648438
2022-09-27,29.489999771118164
2022-09-28,33.18000030517578
2022-09-29,34.7599983215332
2022-09-30,32.65999984741211
2022-10-03,33.38999938964844
2022-10-05,29.43000030517578
2022-10-06,29.1299991607666
2022-10-07,29.940000534057617
2022-10-10,33.41999816894531
2022-10-11,35.9900016784668
2022-10-12,36.220001220703125
2022-10-13,37.720001220703125
2022-10-14,36.349998474121094
2022-10-17,35.81999969482422
2022-10-18,33.65999984741211
2022-10-19,33.5
2022-10-20,35.33000183105469
2022-10-21,35.099998474121094
2022-10-24,43.119998931884766
2022-10-25,41.209999084472656
2022-10-26,38.599998474121094
2022-10-27,36.58000183105469
2022-10-28,39.70000076293945
2022-10-31,39.470001220703125
2022-11-01,38.029998779296875
2022-11-02,36.56999969482422
2022-11-03,37.04999923706055
2022-11-04,37.7400016784668
2022-11-07,37.66999816894531
2022-11-08,36.15999984741211
2022-11-09,34.939998626708984
2022-11-10,35.91999816894531
2022-11-11,37.31999969482422
2022-11-14,37.970001220703125
2022-11-15,38.58000183105469
2022-11-16,37.970001220703125
2022-11-17,36.790000915527344
2022-11-18,34.86000061035156
2022-11-21,34.79999923706055
2022-11-22,32.81999969482422
2022-11-23,31.200000762939453
2022-11-24,30.329999923706055
2022-11-25,29.65999984741211
2022-11-28,32.459999084472656
2022-11-29,34.31999969482422
2022-11-30,34.5099983215332
2022-12-01,33.540000915527344
2022-12-02,32.54999923706055
2022-12-05,34.36000061035156
2022-12-06,32.2599983215332
2022-12-07,31.920000076293945
2022-12-08,31.010000228881836
2022-12-09,31.68000030517578
2022-12-12,32.40999984741211
2022-12-13,32.349998474121094
2022-12-14,29.790000915527344
2022-12-15,28.260000228881836
2022-12-16,28.110000610351562
2022-12-19,28.540000915527344
2022-12-20,28.56999969482422
2022-12-21,27.34000015258789
2022-12-22,28.31999969482422
2022-12-23,28.43000030517578
2022-12-28,29.3700008392334
2022-12-29,29.18000030517578
2022-12-30,28.760000228881836
2023-01-03,30.290000915527344
2023-01-04,29.610000610351562
2023-01-05,29.290000915527344
2023-01-06,28.020000457763672
2023-01-09,27.8700008392334
2023-01-10,26.329999923706055
2023-01-11,24.81999969482422
2023-01-12,24.700000762939453
2023-01-13,22.670000076293945
2023-01-16,22.770000457763672
2023-01-17,22.670000076293945
2023-01-18,22.010000228881836
2023-01-19,22.280000686645508
2023-01-20,22.329999923706055
2023-01-26,22.950000762939453
2023-01-27,22.450000762939453
2023-01-30,24.899999618530273
2023-01-31,24.780000686645508
2023-02-01,23.690000534057617
2023-02-02,23.040000915527344
2023-02-03,23.920000076293945
2023-02-06,25.670000076293945
2023-02-07,24.850000381469727
2023-02-08,23.90999984741211
2023-02-09,23.959999084472656
2023-02-10,24.829999923706055
2023-02-13,25.559999465942383
2023-02-14,25.139999389648438
2023-02-15,24.530000686645508
2023-02-16,24.049999237060547
2023-02-17,24.270000457763672
2023-02-20,24.459999084472656
2023-02-21,25.229999542236328
2023-02-22,26.239999771118164
2023-02-23,26.020000457763672
2023-02-24,27.389999389648438
2023-02-27,27.809999465942383
2023-02-28,27.200000762939453
2023-03-01,27.450000762939453
2023-03-02,26.459999084472656
2023-03-03,25.709999084472656
2023-03-06,25.479999542236328
2023-03-07,25.049999237060547
2023-03-08,25.860000610351562
2023-03-09,25.5
2023-03-10,27.389999389648438
2023-03-13,28.15999984741211
2023-03-14,31.149999618530273
2023-03-15,28.209999084472656
2023-03-16,30.25
2023-03-17,28.0
2023-03-20,31.09000015258789
2023-03-21,29.639999389648438
2023-03-22,28.09000015258789
2023-03-23,26.979999542236328
2023-03-24,26.829999923706055
2023-03-27,28.389999389648438
2023-03-28,26.8799991607666
2023-03-29,27.110000610351562
2023-03-30,26.079999923706055
2023-03-31,25.440000534057617
2023-04-03,25.18000030517578
2023-04-04,24.530000686645508
2023-04-06,24.329999923706055
2023-04-11,24.799999237060547
2023-04-12,24.510000228881836
2023-04-13,23.440000534057617
2023-04-14,22.489999771118164
2023-04-17,22.8799991607666
2023-04-18,22.1299991607666
2023-04-19,22.540000915527344
2023-04-20,21.809999465942383
2023-04-21,21.899999618530273
2023-04-24,22.059999465942383
2023-04-25,22.540000915527344
2023-04-26,22.93000030517578
2023-04-27,22.68000030517578
2023-04-28,21.8700008392334
2023-05-02,22.3799991607666
2023-05-03,23.110000610351562
2023-05-04,23.170000076293945
2023-05-05,23.3799991607666
2023-05-08,22.770000457763672
2023-05-09,22.8799991607666
2023-05-10,22.420000076293945
2023-05-11,21.459999084472656
2023-05-12,21.18000030517578
2023-05-15,21.790000915527344
2023-05-16,21.40999984741211
2023-05-17,22.260000228881836
2023-05-18,21.809999465942383
2023-05-19,22.350000381469727
2023-05-22,22.030000686645508
2023-05-23,21.760000228881836
2023-05-24,23.200000762939453
2023-05-25,24.8799991607666
2023-05-29,25.549999237060547
2023-05-30,24.469999313354492
2023-05-31,25.440000534057617
2023-06-01,24.530000686645508
2023-06-02,23.829999923706055
2023-06-05,23.170000076293945
2023-06-06,23.059999465942383
2023-06-07,23.06999969482422
2023-06-08,22.729999542236328
2023-06-09,21.709999084472656
2023-06-12,21.700000762939453
2023-06-13,21.920000076293945
2023-06-14,21.239999771118164
2023-06-15,21.760000228881836
2023-06-16,21.959999084472656
2023-06-19,22.059999465942383
2023-06-20,21.790000915527344
2023-06-21,22.329999923706055
2023-06-23,23.09000015258789
2023-06-26,23.809999465942383
2023-06-27,22.950000762939453
2023-06-28,22.25
2023-06-29,22.479999542236328
2023-06-30,21.920000076293945
2023-07-03,22.56999969482422
2023-07-04,22.049999237060547
2023-07-05,22.56999969482422
2023-07-06,23.43000030517578
2023-07-07,24.030000686645508
2023-07-10,24.389999389648438
2023-07-11,23.81999969482422
2023-07-12,23.770000457763672
2023-07-13,23.739999771118164
2023-07-14,22.920000076293945
2023-07-18,23.729999542236328
2023-07-19,23.84000015258789
2023-07-20,24.309999465942383
2023-07-21,24.0
2023-07-24,25.670000076293945
2023-07-25,26.530000686645508
2023-07-26,25.010000228881836
2023-07-27,25.3799991607666
2023-07-28,26.040000915527344
2023-07-31,26.450000762939453
2023-08-01,25.1200008392334
2023-08-02,25.239999771118164
2023-08-03,25.200000762939453
2023-08-04,25.049999237060547
2023-08-07,24.6200008392334
2023-08-08,24.18000030517578
2023-08-09,23.700000762939453
2023-08-10,24.020000457763672
2023-08-11,23.489999771118164
2023-08-14,25.280000686645508
2023-08-15,25.780000686645508
2023-08-16,26.34000015258789
2023-08-17,27.049999237060547
2023-08-18,27.969999313354492
2023-08-21,31.530000686645508
2023-08-22,29.5
2023-08-23,27.700000762939453
2023-08-24,27.170000076293945
2023-08-25,28.15999984741211
2023-08-28,28.549999237060547
2023-08-29,27.920000076293945
2023-08-30,26.459999084472656
2023-08-31,25.530000686645508
2023-09-04,25.5
2023-09-05,25.360000610351562
2023-09-06,24.610000610351562
2023-09-07,24.3700008392334
2023-09-11,24.270000457763672
2023-09-12,23.350000381469727
2023-09-13,22.940000534057617
2023-09-14,22.309999465942383
2023-09-15,21.239999771118164
2023-09-18,22.399999618530273
2023-09-19,22.040000915527344
2023-09-20,21.860000610351562
2023-09-21,22.200000762939453
2023-09-22,22.420000076293945
2023-09-25,22.920000076293945
2023-09-26,23.84000015258789
2023-09-27,23.299999237060547
2023-09-28,23.860000610351562
2023-09-29,23.059999465942383
2023-10-03,26.280000686645508
2023-10-04,26.559999465942383
2023-10-05,25.989999771118164
2023-10-06,25.610000610351562
2023-10-09,26.399999618530273
2023-10-10,25.510000228881836
2023-10-11,24.8700008392334
2023-10-12,24.170000076293945
2023-10-13,24.899999618530273
2023-10-16,25.81999969482422
2023-10-17,24.770000457763672
2023-10-18,24.440000534057617
2023-10-19,25.81999969482422
2023-10-20,26.18000030517578
2023-10-24,27.190000534057617
2023-10-25,26.59000015258789
2023-10-26,27.309999465942383
2023-10-27,26.149999618530273
2023-10-30,26.399999618530273
2023-10-31,26.079999923706055
2023-11-01,25.09000015258789
2023-11-02,24.079999923706055
2023-11-03,23.559999465942383
2023-11-06,24.270000457763672
2023-11-07,23.739999771118164
2023-11-08,23.110000610351562
2023-11-09,22.559999465942383
2023-11-10,23.299999237060547
2023-11-13,23.829999923706055
2023-11-14,23.989999771118164
2023-11-15,25.079999923706055
2023-11-16,24.8799991607666
2023-11-17,24.899999618530273
2023-11-20,24.450000762939453
2023-11-21,24.43000030517578
2023-11-22,23.520000457763672
2023-11-23,23.34000015258789
2023-11-24,23.59000015258789
2023-11-27,23.59000015258789
2023-11-28,23.079999923706055
2023-11-29,24.649999618530273
2023-11-30,23.549999237060547
2023-12-01,23.290000915527344
2023-12-04,23.610000610351562
2023-12-05,24.649999618530273
2023-12-06,23.860000610351562
2023-12-07,23.8799991607666
2023-12-08,23.65999984741211
2023-12-11,24.299999237060547
2023-12-12,23.899999618530273
2023-12-13,22.84000015258789
2023-12-14,22.360000610351562
2023-12-15,22.489999771118164
2023-12-18,22.809999465942383
2023-12-19,22.059999465942383
2023-12-20,21.489999771118164
2023-12-21,21.93000030517578
2023-12-22,23.170000076293945
2023-12-27,23.219999313354492
2023-12-28,22.489999771118164
2023-12-29,21.940000534057617
2024-01-02,22.290000915527344
2024-01-03,22.06999969482422
2024-01-04,21.770000457763672
2024-01-05,21.469999313354492
2024-01-08,22.530000686645508
2024-01-09,22.049999237060547
2024-01-10,21.850000381469727
2024-01-11,21.81999969482422
2024-01-12,21.600000381469727
2024-01-15,21.75
2024-01-16,22.510000228881836
2024-01-17,25.719999313354492
2024-01-18,24.690000534057617
2024-01-19,24.1299991607666
2024-01-22,27.520000457763672
2024-01-23,26.780000686645508
2024-01-24,27.40999984741211
2024-01-25,26.280000686645508
2024-01-26,25.479999542236328
2024-01-29,25.700000762939453
2024-01-30,26.219999313354492
2024-01-31,25.790000915527344
2024-02-01,25.799999237060547
2024-02-02,25.540000915527344
2024-02-05,27.06999969482422
2024-02-06,27.610000610351562
2024-02-07,27.06999969482422
2024-02-08,27.219999313354492
2024-02-09,26.729999542236328
2024-02-14,27.729999542236328
2024-02-15,27.170000076293945
2024-02-16,27.530000686645508
2024-02-20,26.229999542236328
2024-02-21,26.139999389648438
2024-02-22,26.670000076293945
2024-02-23,26.93000030517578
2024-02-26,26.350000381469727
2024-02-27,25.729999542236328
2024-02-28,25.479999542236328
2024-02-29,24.520000457763672
2024-03-01,24.739999771118164
2024-03-04,25.270000457763672
2024-03-05,25.6299991607666
2024-03-06,24.8799991607666
2024-03-07,24.43000030517578
2024-03-08,23.5
2024-03-11,23.469999313354492
2024-03-12,24.25
2024-03-13,23.639999389648438
2024-03-14,22.940000534057617
2024-03-15,22.6200008392334
2024-03-18,22.600000381469727
2024-03-19,22.18000030517578
2024-03-20,21.90999984741211
2024-03-21,21.479999542236328
2024-03-22,21.600000381469727
2024-03-25,21.5
2024-03-26,21.09000015258789
2024-03-27,21.15999984741211
2024-03-28,20.3700008392334
2024-04-02,21.889999389648438
2024-04-03,21.489999771118164
2024-04-05,22.010000228881836
2024-04-08,22.610000610351562
2024-04-09,22.389999389648438
2024-04-10,22.729999542236328
2024-04-11,22.510000228881836
2024-04-12,22.399999618530273
2024-04-15,23.0
2024-04-16,24.049999237060547
2024-04-17,22.979999542236328
2024-04-18,22.450000762939453
2024-04-19,22.489999771118164
2024-04-22,22.739999771118164
2024-04-23,22.889999389648438
2024-04-24,23.600000381469727
2024-04-25,23.469999313354492
2024-04-26,24.110000610351562
2024-04-29,24.059999465942383
2024-04-30,22.920000076293945
2024-05-02,23.56999969482422
2024-05-03,24.020000457763672
2024-05-06,23.969999313354492
2024-05-07,22.940000534057617
2024-05-08,22.040000915527344
2024-05-09,21.860000610351562
2024-05-10,22.270000457763672
2024-05-13,22.389999389648438
2024-05-14,21.81999969482422
2024-05-16,22.010000228881836
2024-05-17,21.75
2024-05-20,21.559999465942383
2024-05-21,21.93000030517578
2024-05-22,21.440000534057617
2024-05-23,21.209999084472656
2024-05-24,21.639999389648438
2024-05-27,21.260000228881836
2024-05-28,20.670000076293945
2024-05-29,21.479999542236328
2024-05-30,21.610000610351562
2024-05-31,22.149999618530273
2024-06-03,22.040000915527344
2024-06-04,21.479999542236328
2024-06-05,21.43000030517578
2024-06-06,21.43000030517578
2024-06-07,20.84000015258789
2024-06-11,21.219999313354492
2024-06-12,21.260000228881836
2024-06-13,20.579999923706055
2024-06-14,19.950000762939453
2024-06-17,20.079999923706055
2024-06-18,19.299999237060547
2024-06-19,20.239999771118164
2024-06-20,20.1200008392334
2024-06-21,19.65999984741211
2024-06-24,20.149999618530273
2024-06-25,19.270000457763672
2024-06-26,18.860000610351562
2024-06-27,20.1200008392334
2024-06-28,19.209999084472656
2024-07-02,20.1200008392334
2024-07-03,19.940000534057617
2024-07-04,19.809999465942383
2024-07-05,19.540000915527344
2024-07-08,20.389999389648438
2024-07-09,19.809999465942383
2024-07-10,19.790000915527344
2024-07-11,20.530000686645508
2024-07-12,21.1299991607666
2024-07-15,21.5
2024-07-16,21.059999465942383
2024-07-17,20.809999465942383
2024-07-18,20.989999771118164
2024-07-19,20.360000610351562
2024-07-22,21.100000381469727
2024-07-23,20.139999389648438
2024-07-24,20.329999923706055
2024-07-25,20.799999237060547
2024-07-26,21.149999618530273
2024-07-29,20.790000915527344
2024-07-30,20.739999771118164
2024-07-31,20.59000015258789
2024-08-01,19.6200008392334
2024-08-02,21.549999237060547
2024-08-05,26.059999465942383
2024-08-06,23.68000030517578
2024-08-07,22.110000610351562
2024-08-08,22.809999465942383
2024-08-09,21.56999969482422
2024-08-12,21.09000015258789
2024-08-13,21.059999465942383
2024-08-14,20.229999542236328
2024-08-15,19.459999084472656
2024-08-16,19.260000228881836
2024-08-19,19.649999618530273
2024-08-20,19.65999984741211
2024-08-21,19.90999984741211
2024-08-22,19.229999542236328
2024-08-23,19.09000015258789
2024-08-26,19.219999313354492
2024-08-27,18.579999923706055
2024-08-28,18.829999923706055
2024-08-29,18.75
2024-08-30,19.280000686645508
2024-09-02,19.350000381469727
2024-09-03,18.299999237060547
2024-09-04,18.979999542236328
2024-09-05,18.030000686645508
2024-09-09,19.059999465942383
2024-09-10,18.780000686645508
2024-09-11,19.25
2024-09-12,18.93000030517578
2024-09-13,18.6200008392334
2024-09-16,18.200000762939453
2024-09-17,18.649999618530273
2024-09-19,19.34000015258789
2024-09-20,18.889999389648438
2024-09-23,18.549999237060547
2024-09-24,21.850000381469727
2024-09-25,22.139999389648438
2024-09-26,27.31999969482422
2024-09-27,31.239999771118164
2024-09-30,32.65999984741211
2024-10-02,40.9900016784668
2024-10-03,38.38999938964844
2024-10-04,40.08000183105469
2024-10-07,44.5
2024-10-08,40.099998474121094
2024-10-09,39.59000015258789
2024-10-10,39.599998474121094
2024-10-14,34.79999923706055
2024-10-15,31.270000457763672
2024-10-16,31.469999313354492
2024-10-17,30.219999313354492
2024-10-18,32.77000045776367
2024-10-21,31.299999237060547
2024-10-22,31.170000076293945
2024-10-23,32.09000015258789
2024-10-24,31.940000534057617
2024-10-25,33.540000915527344
2024-10-28,32.65999984741211
2024-10-29,32.88999938964844
2024-10-30,32.939998626708984
2024-10-31,32.5
2024-11-01,32.779998779296875
2024-11-04,32.31999969482422
2024-11-05,33.279998779296875
2024-11-06,31.610000610351562
2024-11-07,32.380001068115234
2024-11-08,30.899999618530273
2024-11-11,25.280000686645508
2024-11-12,25.06999969482422
2024-11-13,25.059999465942383
2024-11-14,25.190000534057617
2024-11-15,26.15999984741211
2024-11-18,24.889999389648438
2024-11-19,23.3700008392334
2024-11-20,22.770000457763672
2024-11-21,22.260000228881836
2024-11-22,22.360000610351562
2024-11-25,21.989999771118164
2024-11-26,21.59000015258789
2024-11-27,23.399999618530273
2024-11-28,23.239999771118164
2024-11-29,22.989999771118164
2024-12-02,22.920000076293945
2024-12-03,23.309999465942383
2024-12-04,23.270000457763672
2024-12-05,22.079999923706055
2024-12-06,22.549999237060547
2024-12-09,26.31999969482422
2024-12-10,26.5
2024-12-11,24.65999984741211
2024-12-12,25.3799991607666
2024-12-13,21.8799991607666
2024-12-16,21.479999542236328
2024-12-17,20.75
2024-12-18,21.049999237060547
2024-12-19,21.270000457763672
2024-12-20,20.920000076293945
2024-12-23,21.149999618530273
2024-12-24,21.329999923706055
2024-12-27,21.530000686645508
2024-12-30,22.329999923706055
2024-12-31,22.350000381469727
2025-01-02,22.59000015258789
2025-01-03,22.239999771118164
2025-01-06,22.280000686645508
2025-01-07,23.239999771118164
2025-01-08,23.15999984741211
2025-01-09,22.780000686645508
2025-01-10,22.799999237060547
2025-01-13,23.459999084472656
2025-01-14,24.139999389648438
2025-01-15,23.459999084472656
2025-01-16,22.469999313354492
2025-01-17,22.469999313354492
2025-01-20,24.260000228881836
2025-01-21,24.5
2025-01-22,21.860000610351562
2025-01-23,21.549999237060547
2025-01-24,22.389999389648438
2025-01-27,24.239999771118164
2025-01-28,24.59000015258789
2025-02-03,25.940000534057617
2025-02-04,27.520000457763672
2025-02-05,26.030000686645508
2025-02-06,25.18000030517578
2025-02-07,25.579999923706055
2025-02-10,26.93000030517578
2025-02-11,25.479999542236328
2025-02-12,26.860000610351562
2025-02-13,27.489999771118164
2025-02-14,29.540000915527344
2025-02-17,29.40999984741211
2025-02-18,29.049999237060547
2025-02-19,27.15999984741211
2025-02-20,26.739999771118164
2025-02-21,28.440000534057617
2025-02-24,29.020000457763672
2025-02-25,28.100000381469727
2025-02-26,29.100000381469727
2025-02-27,29.049999237060547
2025-02-28,30.350000381469727
2025-03-03,28.59000015258789
2025-03-04,27.8799991607666
2025-03-05,27.229999542236328
2025-03-06,28.860000610351562
2025-03-07,28.719999313354492
2025-03-10,27.610000610351562
2025-03-11,27.65999984741211
2025-03-12,27.15999984741211
2025-03-13,26.1200008392334
2025-03-14,26.469999313354492
2025-03-17,26.770000457763672
2025-03-18,26.950000762939453
2025-03-19,25.479999542236328
2025-03-20,24.649999618530273
2025-03-21,24.110000610351562
2025-03-24,24.280000686645508
2025-03-25,23.860000610351562
2025-03-26,24.219999313354492
2025-03-27,24.479999542236328
2025-03-28,23.920000076293945
2025-03-31,24.93000030517578
2025-04-01,24.139999389648438
2025-04-02,24.18000030517578
2025-04-03,24.780000686645508
2025-04-07,47.0
2025-04-08,39.130001068115234
2025-04-09,39.77000045776367
2025-04-10,37.43000030517578
2025-04-11,39.29999923706055
2025-04-14,34.630001068115234
2025-04-15,30.469999313354492
2025-04-16,31.59000015258789
2025-04-17,30.790000915527344
2025-04-22,29.75
2025-04-23,28.6200008392334
2025-04-24,28.649999618530273
2025-04-25,28.06999969482422
2025-04-28,27.84000015258789
2025-04-29,26.479999542236328
2025-04-30,26.530000686645508
2025-05-02,27.399999618530273
2025-05-06,27.149999618530273
2025-05-07,27.489999771118164
2025-05-08,27.020000457763672
2025-05-09,27.040000915527344
2025-05-12,27.110000610351562
2025-05-13,25.110000610351562
2025-05-14,25.43000030517578
2025-05-15,24.559999465942383
2025-05-16,23.65999984741211
2025-05-19,23.8700008392334
2025-05-20,24.020000457763672
2025-05-21,23.65999984741211
2025-05-22,23.709999084472656
2025-05-23,23.06999969482422
2025-05-26,24.270000457763672
2025-05-27,23.399999618530273
2025-05-28,22.739999771118164
2025-05-29,22.889999389648438
2025-05-30,23.049999237060547
2025-06-02,24.579999923706055
2025-06-03,24.760000228881836
2025-06-04,23.709999084472656
2025-06-05,23.350000381469727
2025-06-06,22.5
2025-06-09,23.200000762939453
2025-06-10,23.40999984741211
2025-06-11,23.170000076293945
2025-06-12,22.8799991607666
2025-06-13,23.329999923706055
2025-06-16,22.43000030517578
2025-06-17,22.09000015258789
2025-06-18,21.719999313354492
2025-06-19,22.540000915527344
2025-06-20,21.450000762939453
2025-06-23,21.59000015258789
2025-06-24,21.15999984741211
2025-06-25,21.530000686645508
2025-06-26,21.09000015258789
2025-06-27,20.3799991607666
2025-06-30,20.15999984741211
2025-07-02,20.309999465942383
2025-07-03,20.1299991607666
2025-07-04,20.15999984741211
2025-07-07,20.190000534057617
2025-07-08,20.350000381469727
2025-07-09,19.93000030517578
2025-07-10,20.219999313354492
2025-07-11,21.489999771118164
2025-07-14,21.399999618530273
2025-07-15,22.950000762939453
2025-07-16,22.190000534057617
2025-07-17,21.610000610351562
2025-07-18,22.149999618530273
2025-07-21,22.579999923706055
2025-07-22,22.530000686645508
2025-07-23,23.280000686645508
2025-07-24,22.93000030517578
2025-07-25,22.59000015258789
2025-07-28,22.989999771118164
2025-07-29,22.06999969482422
2025-07-30,21.059999465942383
2025-07-31,21.360000610351562
2025-08-01,21.350000381469727
2025-08-04,21.469999313354492
2025-08-05,20.5
2025-08-06,20.389999389648438
2025-08-07,20.649999618530273
2025-08-08,20.530000686645508
2025-08-11,20.68000030517578
2025-08-12,19.709999084472656
2025-08-13,21.170000076293945
2025-08-14,20.579999923706055
2025-08-15,19.700000762939453
2025-08-18,20.450000762939453
2025-08-19,19.829999923706055
2025-08-20,19.440000534057617
2025-08-21,19.059999465942383
2025-08-22,20.1299991607666
2025-08-25,21.850000381469727
2025-08-26,20.40999984741211
2025-08-27,19.969999313354492
2025-08-28,20.040000915527344
2025-08-29,21.020000457763672
2025-09-01,21.600000381469727
2025-09-02,20.979999542236328
2025-09-03,20.93000030517578
2025-09-04,20.6200008392334
2025-09-05,20.40999984741211
2025-09-08,20.15999984741211
2025-09-09,20.34000015258789
2025-09-10,20.729999542236328
2025-09-11,21.18000030517578
2025-09-12,21.469999313354492
2025-09-15,21.65999984741211
2025-09-16,21.469999313354492
2025-09-17,22.459999084472656
2025-09-18,21.790000915527344
2025-09-19,21.0
2025-09-22,21.6200008392334
2025-09-23,20.59000015258789
2025-09-24,21.3799991607666
2025-09-25,20.43000030517578
2025-09-26,20.200000762939453
2025-09-29,21.1200008392334
2025-09-30,21.219999313354492
2025-10-02,21.649999618530273
2025-10-03,21.030000686645508
2025-10-06,20.860000610351562
2025-10-08,21.389999389648438
2025-10-09,21.90999984741211
2025-10-10,22.209999084472656
2025-10-13,26.299999237060547
2025-10-14,27.219999313354492
2025-10-15,25.030000686645508
2025-10-16,25.8700008392334
2025-10-17,28.8799991607666
2025-10-20,25.479999542236328
2025-10-21,24.709999084472656
2025-10-22,24.030000686645508
2025-10-23,24.709999084472656
2025-10-24,25.06999969482422
2025-10-27,24.079999923706055
2025-10-28,23.219999313354492
2025-10-30,21.889999389648438
2025-10-31,21.100000381469727
2025-11-03,21.139999389648438
2025-11-04,21.260000228881836
2025-11-05,21.760000228881836
2025-11-06,20.950000762939453
2025-11-07,21.530000686645508
2025-11-10,21.639999389648438
2025-11-11,21.299999237060547
2025-11-12,20.290000915527344
2025-11-13,20.739999771118164
2025-11-14,21.1299991607666
2025-11-17,21.329999923706055
2025-11-18,22.440000534057617
2025-11-19,21.940000534057617
2025-11-20,20.860000610351562
2025-11-21,23.309999465942383
2025-11-24,21.34000015258789
2025-11-25,21.40999984741211
2025-11-26,19.389999389648438
2025-11-27,18.690000534057617
2025-11-28,18.170000076293945
2025-12-01,18.3799991607666
2025-12-02,17.969999313354492
2025-12-03,18.209999084472656
2025-12-04,18.1299991607666
2025-12-05,17.549999237060547
2025-12-08,18.239999771118164
2025-12-09,18.360000610351562
2025-12-10,18.549999237060547
2025-12-11,17.579999923706055
2025-12-12,17.280000686645508
2025-12-15,17.559999465942383
2025-12-16,18.469999313354492
2025-12-17,17.56999969482422
2025-12-18,17.670000076293945
2025-12-19,17.110000610351562
2025-12-22,17.360000610351562
2025-12-23,16.709999084472656
2025-12-24,16.459999084472656
2025-12-29,18.079999923706055
2025-12-30,18.040000915527344
2025-12-31,18.979999542236328
2026-01-02,20.030000686645508
2026-01-05,20.459999084472656
2026-01-06,21.479999542236328
2026-01-07,21.6299991607666
2026-01-08,21.600000381469727
2026-01-09,20.700000762939453
2026-01-12,21.100000381469727
2026-01-13,21.399999618530273
2026-01-14,21.940000534057617
2026-01-15,21.299999237060547
2026-01-16,20.68000030517578
2026-01-19,20.690000534057617
2026-01-20,20.350000381469727
2026-01-21,20.450000762939453
2026-01-22,19.989999771118164
2026-01-23,20.079999923706055
2026-01-26,20.190000534057617
2026-01-27,20.450000762939453
2026-01-28,22.549999237060547
2026-01-29,22.079999923706055
2026-01-30,22.549999237060547
2026-02-02,24.399999618530273
2026-02-03,23.399999618530273
2026-02-04,22.489999771118164
2026-02-05,23.43000030517578
2026-02-06,24.010000228881836
2026-02-09,23.020000457763672
2026-02-10,22.030000686645508
2026-02-11,21.3799991607666
2026-02-12,21.270000457763672
2026-02-13,23.280000686645508
2026-02-16,24.270000457763672
2026-02-20,24.360000610351562
2026-02-23,24.610000610351562
2026-02-24,24.469999313354492
2026-02-25,23.09000015258789
2026-02-26,23.280000686645508
2026-02-27,22.18000030517578
2026-03-02,25.469999313354492
2026-03-03,26.25
2026-03-04,28.420000076293945
2026-03-05,26.549999237060547
2026-03-06,26.729999542236328
2026-03-09,28.920000076293945
2026-03-10,25.600000381469727
2026-03-11,25.239999771118164
2026-03-12,25.559999465942383
2026-03-13,26.420000076293945
2026-03-16,24.969999313354492
2026-03-17,23.6200008392334
2026-03-18,22.850000381469727
2026-03-19,24.40999984741211
2026-03-20,24.100000381469727
2026-03-23,28.84000015258789
2026-03-24,27.110000610351562
2026-03-25,26.809999465942383
2026-03-26,28.889999389648438
2026-03-27,28.020000457763672
2026-03-30,29.219999313354492
2026-03-31,27.850000381469727
2026-04-01,25.600000381469727
2026-04-02,26.079999923706055
2026-04-08,23.65999984741211
2026-04-09,23.479999542236328
2026-04-10,22.510000228881836
2026-04-13,23.1299991607666
2026-04-14,21.530000686645508
2026-04-15,21.219999313354492
2026-04-16,21.6200008392334
2026-04-17,20.889999389648438
2026-04-20,22.18000030517578
2026-04-21,21.670000076293945
2026-04-22,20.889999389648438
2026-04-23,21.139999389648438
2026-04-24,20.760000228881836
2026-04-27,20.690000534057617
2026-04-28,20.520000457763672
2026-04-29,20.1299991607666
2026-04-30,21.290000915527344
2026-05-04,20.940000534057617
2026-05-05,21.139999389648438
2026-05-06,21.1200008392334
2026-05-07,21.209999084472656
2026-05-08,21.579999923706055
2026-05-11,21.90999984741211
2026-05-12,22.100000381469727
2026-05-13,21.8799991607666
2026-05-14,21.530000686645508
2026-05-15,21.010000228881836
2026-05-18,20.700000762939453
2026-05-19,19.84000015258789
2026-05-20,19.6200008392334
2026-05-21,19.969999313354492
2026-05-22,18.809999465942383
2026-05-26,18.8799991607666
2026-05-27,18.709999084472656
2026-05-28,19.479999542236328
2026-05-29,19.149999618530273
2026-06-01,19.780000686645508
2026-06-02,21.510000228881836
2026-06-03,20.899999618530273
2026-06-04,20.649999618530273
2026-06-05,20.579999923706055
2026-06-08,22.950000762939453
2026-06-09,21.850000381469727
2026-06-10,22.600000381469727
2026-06-11,23.15999984741211
2026-06-12,21.579999923706055
2026-06-15,20.579999923706055
2026-06-16,20.049999237060547
2026-06-17,20.209999084472656
2026-06-18,21.399999618530273
2026-06-22,21.239999771118164
2026-06-23,22.8700008392334
2026-06-24,22.8799991607666
2026-06-25,24.549999237060547
2026-06-26,25.81999969482422
2026-06-29,24.979999542236328
2026-06-30,24.780000686645508
2026-07-02,23.770000457763672
2026-07-03,22.920000076293945
2026-07-06,23.25
2026-07-07,23.020000457763672
2026-07-08,24.020000457763672
2026-07-09,23.010000228881836
2026-07-10,22.739999771118164
2026-07-13,22.670000076293945
2026-07-14,22.389999389648438
2026-07-15,22.360000610351562
2026-07-16,22.739999771118164
2026-07-17,22.899999618530273
2026-07-20,23.899999618530273
2026-07-21,23.3700008392334
2026-07-22,22.889999389648438
2026-07-23,22.110000610351562
2026-07-24,22.209999084472656
2026-07-27,22.18000030517578
2026-07-28,22.209999084472656
2026-07-29,22.239999771118164
2026-07-30,21.530000686645508
2026-07-31,20.6299991607666
2026-08-03,20.479999542236328
2026-08-04,19.649999618530273
2026-08-05,19.469999313354492
2026-08-06,19.520000457763672
2026-08-07,18.899999618530273
2026-08-10,19.1200008392334
2026-08-11,18.75
2026-08-12,18.8700008392334
2026-08-13,18.420000076293945
2026-08-14,17.920000076293945
2026-08-17,18.489999771118164
2026-08-18,18.299999237060547
2026-08-19,18.6299991607666
2026-08-20,18.75
2026-08-21,18.34000015258789
2026-08-24,19.420000076293945
2026-08-25,18.799999237060547
2026-08-26,18.299999237060547
2026-08-27,17.639999389648438
2026-08-28,17.18000030517578
2026-08-31,17.579999923706055
